{"buildings":[{"data":1000001,"lvl":9,"x":22,"y":18,"l1x":20,"l1y":20},{"data":1000004,"lvl":10,"x":16,"y":5,"res_time":179544,"l1x":6,"l1y":33},{"data":1000000,"lvl":7,"x":15,"y":34,"units":[[4000006,4],[4000013,1],[4000015,1],[4000009,1]],"storage_type":0,"l1x":12,"l1y":35},{"data":1000015,"lvl":0,"x":19,"y":18,"l1x":10,"l1y":38},{"data":1000014,"lvl":5,"x":18,"y":23,"share_replay_time":881,"l1x":21,"l1y":17},{"data":1000008,"lvl":11,"x":35,"y":16,"l1x":13,"l1y":11},{"data":1000015,"lvl":0,"x":28,"y":11,"l1x":7,"l1y":6},{"data":1000002,"lvl":10,"boost_t":32816,"x":4,"y":19,"res_time":179085,"l1x":26,"l1y":3},{"data":1000003,"lvl":10,"x":18,"y":9,"l1x":9,"l1y":34},{"data":1000005,"lvl":10,"x":11,"y":19,"l1x":34,"l1y":8},{"data":1000006,"lvl":9,"x":11,"y":5,"unit_prod":{"unit_type":0,"t":0,"slots":[{"id":4000009,"cnt":1},{"id":4000006,"cnt":3}]},"l1x":17,"l1y":3},{"data":1000006,"lvl":9,"x":24,"y":2,"unit_prod":{"unit_type":0,"t":0,"slots":[{"id":4000009,"cnt":1},{"id":4000006,"cnt":3}]},"l1x":21,"l1y":2},{"data":1000009,"lvl":12,"x":15,"y":10,"l1x":11,"l1y":18},{"data":1000002,"lvl":10,"boost_t":32818,"x":4,"y":14,"res_time":179086,"l1x":32,"l1y":4},{"data":1000004,"lvl":10,"x":29,"y":3,"res_time":179391,"l1x":4,"l1y":30},{"data":1000010,"lvl":9,"x":36,"y":14,"l1x":16,"l1y":11},{"data":1000010,"lvl":10,"x":28,"y":8,"l1x":14,"l1y":16},{"data":1000010,"lvl":9,"x":35,"y":15,"l1x":11,"l1y":33},{"data":1000010,"lvl":9,"x":37,"y":15,"l1x":17,"l1y":30},{"data":1000010,"lvl":9,"x":38,"y":15,"l1x":15,"l1y":10},{"data":1000010,"lvl":10,"x":34,"y":22,"l1x":13,"l1y":17},{"data":1000004,"lvl":10,"x":32,"y":4,"res_time":179390,"l1x":4,"l1y":26},{"data":1000002,"lvl":10,"boost_t":32813,"x":8,"y":16,"res_time":179086,"l1x":35,"l1y":4},{"data":1000000,"lvl":7,"x":10,"y":34,"units":[[4000006,4],[4000004,13],[4000001,5]],"storage_type":0,"l1x":4,"l1y":12},{"data":1000005,"lvl":10,"x":29,"y":8,"l1x":10,"l1y":11},{"data":1000003,"lvl":10,"x":11,"y":23,"l1x":18,"l1y":33},{"data":1000010,"lvl":9,"x":38,"y":16,"l1x":14,"l1y":10},{"data":1000010,"lvl":10,"x":34,"y":15,"l1x":14,"l1y":17},{"data":1000010,"lvl":10,"x":34,"y":16,"l1x":14,"l1y":18},{"data":1000010,"lvl":9,"x":38,"y":17,"l1x":13,"l1y":10},{"data":1000010,"lvl":9,"x":38,"y":18,"l1x":12,"l1y":10},{"data":1000010,"lvl":9,"x":38,"y":19,"l1x":11,"l1y":10},{"data":1000010,"lvl":9,"x":38,"y":20,"l1x":10,"l1y":10},{"data":1000010,"lvl":9,"x":38,"y":21,"l1x":9,"l1y":10},{"data":1000010,"lvl":9,"x":38,"y":22,"l1x":9,"l1y":11},{"data":1000010,"lvl":9,"x":37,"y":22,"l1x":9,"l1y":12},{"data":1000010,"lvl":10,"x":34,"y":17,"l1x":14,"l1y":19},{"data":1000010,"lvl":10,"x":34,"y":18,"l1x":14,"l1y":20},{"data":1000010,"lvl":9,"x":35,"y":22,"l1x":9,"l1y":13},{"data":1000010,"lvl":9,"x":36,"y":15,"l1x":9,"l1y":14},{"data":1000013,"lvl":7,"x":18,"y":12,"l1x":11,"l1y":30},{"data":1000010,"lvl":9,"x":36,"y":22,"l1x":9,"l1y":15},{"data":1000010,"lvl":10,"x":34,"y":19,"l1x":14,"l1y":21},{"data":1000010,"lvl":9,"x":36,"y":12,"l1x":9,"l1y":16},{"data":1000010,"lvl":9,"x":36,"y":11,"l1x":9,"l1y":17},{"data":1000010,"lvl":9,"x":36,"y":10,"l1x":16,"l1y":10},{"data":1000010,"lvl":9,"x":36,"y":9,"l1x":16,"l1y":9},{"data":1000010,"lvl":9,"x":36,"y":8,"l1x":16,"l1y":8},{"data":1000015,"lvl":0,"x":31,"y":14,"l1x":8,"l1y":21},{"data":1000008,"lvl":11,"x":25,"y":6,"l1x":8,"l1y":23},{"data":1000010,"lvl":10,"x":33,"y":19,"l1x":14,"l1y":22},{"data":1000010,"lvl":9,"x":35,"y":8,"l1x":8,"l1y":17},{"data":1000010,"lvl":10,"x":33,"y":20,"l1x":14,"l1y":23},{"data":1000010,"lvl":9,"x":35,"y":7,"l1x":7,"l1y":17},{"data":1000010,"lvl":9,"x":34,"y":7,"l1x":7,"l1y":18},{"data":1000010,"lvl":10,"x":33,"y":21,"l1x":14,"l1y":24},{"data":1000010,"lvl":9,"x":33,"y":7,"l1x":7,"l1y":19},{"data":1000010,"lvl":10,"x":28,"y":9,"l1x":14,"l1y":25},{"data":1000010,"lvl":10,"x":27,"y":9,"l1x":14,"l1y":26},{"data":1000010,"lvl":9,"x":32,"y":7,"l1x":7,"l1y":20},{"data":1000010,"lvl":10,"x":26,"y":9,"l1x":14,"l1y":27},{"data":1000010,"lvl":10,"x":25,"y":9,"l1x":14,"l1y":28},{"data":1000010,"lvl":9,"x":31,"y":7,"l1x":7,"l1y":21},{"data":1000010,"lvl":9,"x":30,"y":7,"l1x":7,"l1y":22},{"data":1000010,"lvl":10,"x":24,"y":9,"l1x":14,"l1y":29},{"data":1000010,"lvl":9,"x":29,"y":7,"l1x":7,"l1y":23},{"data":1000010,"lvl":9,"x":36,"y":13,"l1x":7,"l1y":24},{"data":1000010,"lvl":9,"x":28,"y":7,"l1x":7,"l1y":25},{"data":1000010,"lvl":9,"x":28,"y":6,"l1x":7,"l1y":26},{"data":1000010,"lvl":10,"x":24,"y":10,"l1x":15,"l1y":30},{"data":1000010,"lvl":10,"x":23,"y":10,"l1x":16,"l1y":30},{"data":1000010,"lvl":9,"x":28,"y":5,"l1x":8,"l1y":26},{"data":1000010,"lvl":10,"x":22,"y":10,"l1x":17,"l1y":29},{"data":1000010,"lvl":9,"x":27,"y":5,"l1x":9,"l1y":26},{"data":1000010,"lvl":9,"x":26,"y":5,"l1x":11,"l1y":26},{"data":1000010,"lvl":10,"x":11,"y":15,"l1x":18,"l1y":29},{"data":1000010,"lvl":10,"x":12,"y":15,"l1x":14,"l1y":14},{"data":1000010,"lvl":9,"x":25,"y":5,"l1x":10,"l1y":26},{"data":1000010,"lvl":10,"x":13,"y":15,"l1x":15,"l1y":14},{"data":1000010,"lvl":9,"x":24,"y":5,"l1x":13,"l1y":26},{"data":1000010,"lvl":9,"x":23,"y":5,"l1x":10,"l1y":27},{"data":1000010,"lvl":9,"x":22,"y":5,"l1x":10,"l1y":28},{"data":1000010,"lvl":10,"x":11,"y":22,"l1x":16,"l1y":14},{"data":1000010,"lvl":10,"x":12,"y":22,"l1x":17,"l1y":14},{"data":1000010,"lvl":10,"x":13,"y":22,"l1x":18,"l1y":14},{"data":1000010,"lvl":9,"x":21,"y":5,"l1x":10,"l1y":29},{"data":1000010,"lvl":9,"x":21,"y":6,"l1x":10,"l1y":30},{"data":1000010,"lvl":9,"x":21,"y":7,"l1x":10,"l1y":31},{"data":1000010,"lvl":10,"x":21,"y":32,"l1x":19,"l1y":14},{"data":1000010,"lvl":9,"x":21,"y":8,"l1x":10,"l1y":32},{"data":1000010,"lvl":9,"x":20,"y":8,"l1x":10,"l1y":33},{"data":1000010,"lvl":9,"x":19,"y":8,"l1x":13,"l1y":33},{"data":1000010,"lvl":9,"x":18,"y":8,"l1x":12,"l1y":33},{"data":1000009,"lvl":12,"x":8,"y":19,"l1x":11,"l1y":27},{"data":1000010,"lvl":9,"x":17,"y":8,"l1x":13,"l1y":34},{"data":1000010,"lvl":9,"x":16,"y":8,"l1x":14,"l1y":34},{"data":1000010,"lvl":9,"x":15,"y":8,"l1x":15,"l1y":34},{"data":1000010,"lvl":9,"x":14,"y":8,"l1x":16,"l1y":34},{"data":1000010,"lvl":9,"x":13,"y":8,"l1x":17,"l1y":33},{"data":1000007,"lvl":7,"x":7,"y":9,"l1x":29,"l1y":37},{"data":1000012,"lvl":7,"x":16,"y":16,"l1x":11,"l1y":23},{"data":1000004,"lvl":10,"x":31,"y":34,"res_time":179362,"l1x":17,"l1y":38},{"data":1000002,"lvl":10,"boost_t":32806,"x":18,"y":27,"res_time":179083,"l1x":38,"l1y":8},{"data":1000006,"lvl":9,"x":39,"y":17,"unit_prod":{"unit_type":0,"t":0,"slots":[{"id":4000009,"cnt":1},{"id":4000006,"cnt":3}]},"l1x":29,"l1y":5},{"data":1000008,"lvl":11,"x":12,"y":9,"l1x":18,"l1y":30},{"data":1000000,"lvl":7,"x":5,"y":29,"units":[[4000006,3],[4000015,2]],"storage_type":0,"l1x":35,"l1y":11},{"data":1000010,"lvl":10,"x":20,"y":26,"l1x":20,"l1y":14},{"data":1000010,"lvl":9,"x":12,"y":8,"l1x":17,"l1y":34},{"data":1000010,"lvl":9,"x":11,"y":8,"l1x":26,"l1y":10},{"data":1000010,"lvl":10,"x":19,"y":26,"l1x":21,"l1y":14},{"data":1000010,"lvl":10,"x":18,"y":26,"l1x":22,"l1y":14},{"data":1000010,"lvl":10,"x":17,"y":26,"l1x":23,"l1y":14},{"data":1000010,"lvl":10,"x":17,"y":25,"l1x":24,"l1y":14},{"data":1000010,"lvl":10,"x":17,"y":24,"l1x":25,"l1y":14},{"data":1000010,"lvl":10,"x":17,"y":23,"l1x":26,"l1y":14},{"data":1000010,"lvl":10,"x":21,"y":9,"l1x":27,"l1y":17},{"data":1000010,"lvl":10,"x":21,"y":10,"l1x":27,"l1y":16},{"data":1000010,"lvl":9,"x":11,"y":9,"l1x":26,"l1y":12},{"data":1000010,"lvl":10,"x":21,"y":11,"l1x":26,"l1y":16},{"data":1000010,"lvl":9,"x":11,"y":10,"l1x":31,"l1y":16},{"data":1000010,"lvl":9,"x":11,"y":11,"l1x":30,"l1y":16},{"data":1000010,"lvl":9,"x":11,"y":12,"l1x":31,"l1y":26},{"data":1000010,"lvl":9,"x":11,"y":13,"l1x":30,"l1y":26},{"data":1000010,"lvl":9,"x":11,"y":14,"l1x":27,"l1y":30},{"data":1000010,"lvl":9,"x":10,"y":15,"l1x":14,"l1y":15},{"data":1000010,"lvl":9,"x":9,"y":15,"l1x":15,"l1y":29},{"data":1000010,"lvl":9,"x":8,"y":15,"l1x":17,"l1y":35},{"data":1000010,"lvl":9,"x":7,"y":15,"l1x":17,"l1y":36},{"data":1000010,"lvl":9,"x":7,"y":16,"l1x":18,"l1y":36},{"data":1000010,"lvl":10,"x":21,"y":12,"l1x":25,"l1y":16},{"data":1000010,"lvl":9,"x":7,"y":17,"l1x":19,"l1y":36},{"data":1000004,"lvl":10,"x":37,"y":9,"res_time":179390,"l1x":21,"l1y":38},{"data":1000002,"lvl":10,"boost_t":32803,"x":25,"y":33,"res_time":179082,"l1x":39,"l1y":23},{"data":1000011,"lvl":7,"x":35,"y":19,"l1x":10,"l1y":14},{"data":1000004,"lvl":10,"x":38,"y":12,"res_time":179389,"l1x":25,"l1y":38},{"data":1000002,"lvl":10,"boost_t":32800,"x":22,"y":37,"res_time":179083,"l1x":38,"l1y":32},{"data":1000009,"lvl":12,"x":11,"y":26,"l1x":23,"l1y":33},{"data":1000010,"lvl":9,"x":7,"y":18,"l1x":20,"l1y":36},{"data":1000010,"lvl":9,"x":7,"y":19,"l1x":21,"l1y":36},{"data":1000010,"lvl":9,"x":7,"y":20,"l1x":22,"l1y":36},{"data":1000010,"lvl":9,"x":7,"y":21,"l1x":23,"l1y":36},{"data":1000010,"lvl":9,"x":7,"y":22,"l1x":24,"l1y":36},{"data":1000010,"lvl":10,"x":21,"y":13,"l1x":24,"l1y":16},{"data":1000010,"lvl":10,"x":20,"y":15,"l1x":23,"l1y":16},{"data":1000010,"lvl":9,"x":8,"y":22,"l1x":25,"l1y":36},{"data":1000010,"lvl":9,"x":9,"y":22,"l1x":26,"l1y":36},{"data":1000010,"lvl":10,"x":10,"y":22,"l1x":26,"l1y":35},{"data":1000010,"lvl":9,"x":10,"y":23,"l1x":26,"l1y":34},{"data":1000010,"lvl":9,"x":10,"y":24,"l1x":26,"l1y":33},{"data":1000010,"lvl":9,"x":10,"y":25,"l1x":16,"l1y":7},{"data":1000010,"lvl":9,"x":10,"y":26,"l1x":17,"l1y":7},{"data":1000010,"lvl":10,"x":19,"y":15,"l1x":22,"l1y":16},{"data":1000010,"lvl":9,"x":10,"y":27,"l1x":18,"l1y":7},{"data":1000010,"lvl":9,"x":10,"y":28,"l1x":19,"l1y":7},{"data":1000010,"lvl":9,"x":10,"y":29,"l1x":20,"l1y":7},{"data":1000010,"lvl":9,"x":10,"y":30,"l1x":21,"l1y":7},{"data":1000010,"lvl":9,"x":10,"y":31,"l1x":22,"l1y":7},{"data":1000010,"lvl":10,"x":18,"y":15,"l1x":21,"l1y":16},{"data":1000010,"lvl":10,"x":17,"y":15,"l1x":20,"l1y":16},{"data":1000010,"lvl":9,"x":10,"y":32,"l1x":23,"l1y":7},{"data":1000010,"lvl":9,"x":10,"y":33,"l1x":24,"l1y":7},{"data":1000010,"lvl":9,"x":11,"y":33,"l1x":25,"l1y":7},{"data":1000013,"lvl":7,"x":14,"y":27,"l1x":30,"l1y":10},{"data":1000000,"lvl":7,"x":5,"y":24,"units":[[4000015,1],[4000009,2],[4000006,3]],"storage_type":0,"l1x":35,"l1y":27},{"data":1000015,"lvl":0,"x":24,"y":23,"l1x":27,"l1y":36},{"data":1000008,"lvl":11,"x":22,"y":11,"l1x":20,"l1y":8},{"data":1000010,"lvl":10,"x":16,"y":15,"l1x":19,"l1y":16},{"data":1000010,"lvl":10,"x":15,"y":15,"l1x":18,"l1y":16},{"data":1000010,"lvl":10,"x":14,"y":15,"l1x":17,"l1y":16},{"data":1000010,"lvl":10,"x":14,"y":16,"l1x":16,"l1y":16},{"data":1000010,"lvl":10,"x":14,"y":17,"l1x":16,"l1y":17},{"data":1000010,"lvl":10,"x":14,"y":18,"l1x":16,"l1y":18},{"data":1000010,"lvl":10,"x":14,"y":19,"l1x":16,"l1y":19},{"data":1000010,"lvl":10,"x":14,"y":20,"l1x":16,"l1y":20},{"data":1000010,"lvl":10,"x":14,"y":21,"l1x":16,"l1y":21},{"data":1000010,"lvl":10,"x":14,"y":22,"l1x":16,"l1y":22},{"data":1000010,"lvl":10,"x":15,"y":22,"l1x":16,"l1y":23},{"data":1000010,"lvl":10,"x":16,"y":22,"l1x":16,"l1y":24},{"data":1000010,"lvl":10,"x":17,"y":22,"l1x":16,"l1y":25},{"data":1000010,"lvl":10,"x":18,"y":22,"l1x":16,"l1y":26},{"data":1000010,"lvl":10,"x":19,"y":22,"l1x":16,"l1y":27},{"data":1000010,"lvl":10,"x":20,"y":22,"l1x":17,"l1y":27},{"data":1000010,"lvl":10,"x":24,"y":16,"l1x":18,"l1y":27},{"data":1000010,"lvl":9,"x":12,"y":33,"l1x":26,"l1y":7},{"data":1000010,"lvl":10,"x":24,"y":15,"l1x":19,"l1y":27},{"data":1000010,"lvl":9,"x":13,"y":33,"l1x":26,"l1y":8},{"data":1000010,"lvl":10,"x":24,"y":14,"l1x":20,"l1y":27},{"data":1000010,"lvl":10,"x":23,"y":14,"l1x":21,"l1y":27},{"data":1000010,"lvl":9,"x":14,"y":33,"l1x":26,"l1y":9},{"data":1000010,"lvl":10,"x":22,"y":14,"l1x":22,"l1y":27},{"data":1000010,"lvl":10,"x":21,"y":14,"l1x":23,"l1y":27},{"data":1000009,"lvl":12,"x":15,"y":30,"l1x":21,"l1y":30},{"data":1000006,"lvl":9,"x":36,"y":30,"unit_prod":{"unit_type":0,"t":0,"slots":[{"id":4000006,"cnt":5},{"id":4000004,"cnt":13}]},"l1x":39,"l1y":18},{"data":1000013,"lvl":7,"x":29,"y":23,"l1x":31,"l1y":30},{"data":1000012,"lvl":7,"x":31,"y":16,"l1x":24,"l1y":30},{"data":1000019,"lvl":7,"x":19,"y":16,"l1x":21,"l1y":34},{"data":1000003,"lvl":10,"x":18,"y":30,"l1x":17,"l1y":8},{"data":1000005,"lvl":10,"x":33,"y":12,"l1x":8,"l1y":18},{"data":1000010,"lvl":10,"x":21,"y":15,"l1x":24,"l1y":27},{"data":1000010,"lvl":9,"x":15,"y":33,"l1x":27,"l1y":9},{"data":1000010,"lvl":10,"x":21,"y":16,"l1x":25,"l1y":27},{"data":1000010,"lvl":10,"x":27,"y":19,"l1x":27,"l1y":18},{"data":1000010,"lvl":9,"x":16,"y":33,"l1x":28,"l1y":9},{"data":1000010,"lvl":10,"x":28,"y":19,"l1x":27,"l1y":19},{"data":1000010,"lvl":9,"x":17,"y":33,"l1x":29,"l1y":9},{"data":1000010,"lvl":9,"x":18,"y":33,"l1x":30,"l1y":9},{"data":1000010,"lvl":10,"x":29,"y":19,"l1x":27,"l1y":20},{"data":1000010,"lvl":10,"x":29,"y":20,"l1x":27,"l1y":21},{"data":1000010,"lvl":9,"x":19,"y":33,"l1x":31,"l1y":9},{"data":1000010,"lvl":10,"x":29,"y":21,"l1x":27,"l1y":22},{"data":1000010,"lvl":9,"x":20,"y":33,"l1x":32,"l1y":9},{"data":1000010,"lvl":10,"x":21,"y":33,"l1x":33,"l1y":9},{"data":1000010,"lvl":10,"x":33,"y":22,"l1x":27,"l1y":23},{"data":1000010,"lvl":9,"x":25,"y":16,"l1x":33,"l1y":10},{"data":1000010,"lvl":10,"x":32,"y":22,"l1x":27,"l1y":24},{"data":1000010,"lvl":10,"x":31,"y":22,"l1x":27,"l1y":25},{"data":1000010,"lvl":10,"x":30,"y":22,"l1x":27,"l1y":27},{"data":1000010,"lvl":10,"x":29,"y":22,"l1x":27,"l1y":26},{"data":1000010,"lvl":9,"x":26,"y":16,"l1x":33,"l1y":11},{"data":1000010,"lvl":10,"x":26,"y":21,"l1x":26,"l1y":27},{"data":1000010,"lvl":10,"x":26,"y":20,"l1x":19,"l1y":29},{"data":1000010,"lvl":9,"x":27,"y":16,"l1x":33,"l1y":12},{"data":1000010,"lvl":10,"x":26,"y":19,"l1x":20,"l1y":29},{"data":1000010,"lvl":9,"x":27,"y":17,"l1x":34,"l1y":15},{"data":1000010,"lvl":9,"x":27,"y":18,"l1x":34,"l1y":14},{"data":1000010,"lvl":10,"x":26,"y":18,"l1x":21,"l1y":29},{"data":1000010,"lvl":9,"x":21,"y":34,"l1x":34,"l1y":13},{"data":1000010,"lvl":10,"x":26,"y":17,"l1x":22,"l1y":29},{"data":1000010,"lvl":9,"x":21,"y":35,"l1x":34,"l1y":12},{"data":1000010,"lvl":9,"x":21,"y":36,"l1x":35,"l1y":16},{"data":1000010,"lvl":10,"x":25,"y":17,"l1x":23,"l1y":29},{"data":1000010,"lvl":10,"x":24,"y":17,"l1x":24,"l1y":29},{"data":1000010,"lvl":9,"x":22,"y":36,"l1x":36,"l1y":16},{"data":1000010,"lvl":9,"x":23,"y":36,"l1x":36,"l1y":17},{"data":1000010,"lvl":9,"x":24,"y":36,"l1x":36,"l1y":18},{"data":1000010,"lvl":10,"x":23,"y":17,"l1x":25,"l1y":29},{"data":1000010,"lvl":9,"x":25,"y":36,"l1x":36,"l1y":19},{"data":1000010,"lvl":10,"x":22,"y":17,"l1x":26,"l1y":29},{"data":1000010,"lvl":9,"x":26,"y":36,"l1x":36,"l1y":20},{"data":1000010,"lvl":10,"x":21,"y":17,"l1x":26,"l1y":11},{"data":1000010,"lvl":9,"x":27,"y":36,"l1x":36,"l1y":21},{"data":1000010,"lvl":10,"x":21,"y":18,"l1x":12,"l1y":26},{"data":1000010,"lvl":9,"x":28,"y":36,"l1x":36,"l1y":22},{"data":1000010,"lvl":10,"x":21,"y":19,"l1x":17,"l1y":31},{"data":1000010,"lvl":9,"x":28,"y":35,"l1x":34,"l1y":29},{"data":1000010,"lvl":9,"x":28,"y":34,"l1x":36,"l1y":23},{"data":1000010,"lvl":9,"x":28,"y":33,"l1x":36,"l1y":24},{"data":1000010,"lvl":10,"x":21,"y":20,"l1x":26,"l1y":13},{"data":1000009,"lvl":12,"x":32,"y":9,"l1x":17,"l1y":11},{"data":1000011,"lvl":7,"x":22,"y":6,"l1x":14,"l1y":31},{"data":1000019,"lvl":7,"x":19,"y":20,"l1x":24,"l1y":11},{"data":1000011,"lvl":7,"x":11,"y":16,"l1x":31,"l1y":13},{"data":1000020,"lvl":4,"x":36,"y":5,"units":[[26000002,2],[26000005,2],[26000003,1]],"storage_type":1,"unit_prod":{"unit_type":1},"l1x":7,"l1y":29},{"data":1000019,"lvl":7,"x":22,"y":23,"l1x":32,"l1y":21},{"data":1000021,"lvl":3,"x":15,"y":19,"attack_mode":false,"attack_mode_war":false,"attack_mode_draft":false,"attack_mode_draft_war":false,"ammo":1500,"l1x":24,"l1y":20},{"data":1000012,"lvl":7,"x":25,"y":10,"l1x":21,"l1y":11},{"data":1000019,"lvl":7,"x":26,"y":23,"l1x":10,"l1y":21},{"data":1000008,"lvl":11,"x":30,"y":19,"l1x":33,"l1y":17},{"data":1000009,"lvl":12,"x":22,"y":33,"l1x":27,"l1y":10},{"data":1000010,"lvl":10,"x":21,"y":21,"l1x":27,"l1y":14},{"data":1000010,"lvl":10,"x":28,"y":32,"l1x":36,"l1y":25},{"data":1000010,"lvl":10,"x":28,"y":22,"l1x":28,"l1y":14},{"data":1000010,"lvl":10,"x":27,"y":22,"l1x":17,"l1y":32},{"data":1000010,"lvl":9,"x":29,"y":32,"l1x":36,"l1y":26},{"data":1000010,"lvl":10,"x":26,"y":22,"l1x":29,"l1y":14},{"data":1000010,"lvl":10,"x":25,"y":22,"l1x":29,"l1y":15},{"data":1000010,"lvl":10,"x":24,"y":22,"l1x":34,"l1y":16},{"data":1000010,"lvl":10,"x":23,"y":22,"l1x":33,"l1y":16},{"data":1000010,"lvl":10,"x":22,"y":22,"l1x":32,"l1y":16},{"data":1000010,"lvl":10,"x":21,"y":22,"l1x":16,"l1y":12},{"data":1000010,"lvl":10,"x":21,"y":23,"l1x":11,"l1y":17},{"data":1000010,"lvl":10,"x":21,"y":24,"l1x":29,"l1y":16},{"data":1000010,"lvl":10,"x":21,"y":25,"l1x":29,"l1y":17},{"data":1000010,"lvl":10,"x":21,"y":26,"l1x":29,"l1y":18},{"data":1000010,"lvl":10,"x":21,"y":27,"l1x":29,"l1y":19},{"data":1000010,"lvl":10,"x":21,"y":28,"l1x":29,"l1y":20},{"data":1000010,"lvl":10,"x":21,"y":31,"l1x":29,"l1y":21},{"data":1000010,"lvl":10,"x":21,"y":30,"l1x":29,"l1y":22},{"data":1000010,"lvl":10,"x":21,"y":29,"l1x":29,"l1y":23},{"data":1000010,"lvl":10,"x":22,"y":29,"l1x":29,"l1y":24},{"data":1000010,"lvl":10,"x":23,"y":29,"l1x":29,"l1y":25},{"data":1000010,"lvl":10,"x":24,"y":29,"l1x":27,"l1y":32},{"data":1000010,"lvl":10,"x":25,"y":29,"l1x":27,"l1y":31},{"data":1000010,"lvl":10,"x":26,"y":29,"l1x":10,"l1y":17},{"data":1000023,"lvl":5,"x":12,"y":12,"res_time":57144,"l1x":2,"l1y":21},{"data":1000024,"lvl":5,"x":14,"y":23,"l1x":33,"l1y":34},{"data":1000022,"lvl":0,"x":28,"y":16,"l1x":24,"l1y":17},{"data":1000025,"lvl":0,"x":25,"y":13,"l1x":20,"l1y":24},{"data":1000023,"lvl":5,"x":11,"y":30,"res_time":57142,"l1x":2,"l1y":17},{"data":1000021,"lvl":3,"x":28,"y":13,"attack_mode":false,"attack_mode_war":false,"attack_mode_draft":false,"attack_mode_draft_war":false,"ammo":1500,"l1x":17,"l1y":19},{"data":1000005,"lvl":10,"x":22,"y":30,"l1x":23,"l1y":8},{"data":1000003,"lvl":10,"x":32,"y":23,"l1x":33,"l1y":23},{"data":1000026,"lvl":4,"x":19,"y":2,"unit_prod":{"unit_type":0,"t":0,"slots":[{"id":4000015,"cnt":3}]},"l1x":13,"l1y":5},{"data":1000010,"lvl":10,"x":27,"y":29,"l1x":33,"l1y":26},{"data":1000010,"lvl":10,"x":28,"y":23,"l1x":32,"l1y":26},{"data":1000010,"lvl":9,"x":30,"y":32,"l1x":35,"l1y":26},{"data":1000010,"lvl":10,"x":28,"y":24,"l1x":16,"l1y":13},{"data":1000010,"lvl":10,"x":28,"y":25,"l1x":12,"l1y":17},{"data":1000010,"lvl":9,"x":31,"y":32,"l1x":30,"l1y":33},{"data":1000010,"lvl":9,"x":32,"y":32,"l1x":29,"l1y":33},{"data":1000010,"lvl":9,"x":35,"y":23,"l1x":28,"l1y":33},{"data":1000010,"lvl":10,"x":28,"y":26,"l1x":29,"l1y":26},{"data":1000010,"lvl":10,"x":28,"y":27,"l1x":29,"l1y":28},{"data":1000010,"lvl":9,"x":35,"y":24,"l1x":27,"l1y":33},{"data":1000010,"lvl":9,"x":35,"y":25,"l1x":34,"l1y":28},{"data":1000010,"lvl":9,"x":35,"y":26,"l1x":34,"l1y":27},{"data":1000010,"lvl":9,"x":35,"y":27,"l1x":34,"l1y":26},{"data":1000010,"lvl":9,"x":35,"y":28,"l1x":31,"l1y":33},{"data":1000010,"lvl":9,"x":35,"y":29,"l1x":34,"l1y":30},{"data":1000010,"lvl":10,"x":28,"y":28,"l1x":29,"l1y":27},{"data":1000010,"lvl":10,"x":28,"y":29,"l1x":29,"l1y":29},{"data":1000010,"lvl":9,"x":33,"y":32,"l1x":34,"l1y":31},{"data":1000010,"lvl":9,"x":35,"y":30,"l1x":32,"l1y":33},{"data":1000010,"lvl":9,"x":35,"y":31,"l1x":33,"l1y":33},{"data":1000010,"lvl":9,"x":34,"y":32,"l1x":34,"l1y":32},{"data":1000010,"lvl":9,"x":35,"y":32,"l1x":34,"l1y":33},{"data":1000010,"lvl":10,"x":28,"y":30,"l1x":28,"l1y":29},{"data":1000010,"lvl":10,"x":28,"y":31,"l1x":27,"l1y":29},{"data":1000026,"lvl":5,"x":39,"y":22,"unit_prod":{"unit_type":0,"t":1997,"slots":[{"id":4000013,"cnt":1},{"id":4000015,"cnt":1}]},"l1x":6,"l1y":9},{"data":1000011,"lvl":7,"x":25,"y":30,"l1x":31,"l1y":27},{"data":1000012,"lvl":7,"x":25,"y":25,"l1x":30,"l1y":18},{"data":1000008,"lvl":11,"x":32,"y":29,"l1x":28,"l1y":30},{"data":1000009,"lvl":12,"x":31,"y":26,"l1x":30,"l1y":23},{"data":1000027,"lvl":2,"x":22,"y":15,"attack_mode":true,"attack_mode_war":true,"attack_mode_draft":true,"attack_mode_draft_war":true,"ammo":750,"l1x":19,"l1y":17},{"data":1000023,"lvl":5,"x":29,"y":29,"res_time":57146,"l1x":10,"l1y":6},{"data":1000027,"lvl":2,"x":27,"y":20,"attack_mode":true,"attack_mode_war":true,"attack_mode_draft":true,"attack_mode_draft_war":true,"ammo":750,"l1x":23,"l1y":24},{"data":1000021,"lvl":3,"x":22,"y":26,"attack_mode":false,"attack_mode_war":false,"attack_mode_draft":false,"attack_mode_draft_war":false,"ammo":1500,"l1x":17,"l1y":24},{"data":1000002,"lvl":10,"boost_t":32805,"x":27,"y":37,"res_time":179093,"l1x":35,"l1y":37},{"data":1000004,"lvl":10,"x":36,"y":25,"res_time":179363,"l1x":29,"l1y":34},{"data":1000015,"lvl":0,"x":36,"y":34,"l1x":34,"l1y":21}],"obstacles":[{"data":8000010,"x":42,"y":26,"l1x":-1,"l1y":-1,"loot_multiply_ver":1},{"data":8000010,"x":20,"y":42,"l1x":-1,"l1y":-1,"loot_multiply_ver":1},{"data":8000000,"x":14,"y":0,"l1x":-1,"l1y":-1,"loot_multiply_ver":1},{"data":8000006,"x":40,"y":42,"l1x":-1,"l1y":-1,"loot_multiply_ver":1},{"data":8000000,"x":1,"y":0,"l1x":-1,"l1y":-1,"loot_multiply_ver":1},{"data":8000006,"x":16,"y":42,"l1x":-1,"l1y":-1,"loot_multiply_ver":1},{"data":8000004,"x":42,"y":17,"l1x":-1,"l1y":-1,"loot_multiply_ver":1},{"data":8000010,"x":20,"y":0,"l1x":-1,"l1y":-1,"loot_multiply_ver":1},{"data":8000007,"x":0,"y":24,"l1x":-1,"l1y":-1,"loot_multiply_ver":1},{"data":8000000,"x":0,"y":11,"l1x":-1,"l1y":-1,"loot_multiply_ver":1},{"data":8000000,"x":8,"y":0,"l1x":-1,"l1y":-1,"loot_multiply_ver":1},{"data":8000010,"x":17,"y":0,"l1x":-1,"l1y":-1,"loot_multiply_ver":1},{"data":8000007,"x":0,"y":8,"l1x":-1,"l1y":-1,"loot_multiply_ver":1},{"data":8000000,"x":30,"y":0,"l1x":-1,"l1y":-1,"loot_multiply_ver":1},{"data":8000000,"x":8,"y":42,"l1x":-1,"l1y":-1,"loot_multiply_ver":1},{"data":8000000,"x":42,"y":21,"l1x":-1,"l1y":-1,"loot_multiply_ver":1},{"data":8000000,"x":11,"y":0,"l1x":-1,"l1y":-1,"loot_multiply_ver":1},{"data":8000004,"x":24,"y":0,"l1x":-1,"l1y":-1,"loot_multiply_ver":1},{"data":8000000,"x":37,"y":0,"l1x":-1,"l1y":-1,"loot_multiply_ver":1},{"data":8000000,"x":0,"y":29,"l1x":-1,"l1y":-1,"loot_multiply_ver":1},{"data":8000010,"x":42,"y":29,"l1x":-1,"l1y":-1,"loot_multiply_ver":1},{"data":8000010,"x":25,"y":42,"l1x":-1,"l1y":-1,"loot_multiply_ver":1},{"data":8000010,"x":42,"y":14,"l1x":-1,"l1y":-1,"loot_multiply_ver":1},{"data":8000008,"x":11,"y":42,"l1x":-1,"l1y":-1,"loot_multiply_ver":1},{"data":8000010,"x":42,"y":11,"l1x":-1,"l1y":-1,"loot_multiply_ver":1},{"data":8000010,"x":0,"y":32,"l1x":-1,"l1y":-1,"loot_multiply_ver":1},{"data":8000000,"x":0,"y":19,"l1x":-1,"l1y":-1,"loot_multiply_ver":1},{"data":8000006,"x":0,"y":16,"l1x":-1,"l1y":-1,"loot_multiply_ver":1},{"data":8000000,"x":42,"y":8,"l1x":-1,"l1y":-1,"loot_multiply_ver":1},{"data":8000000,"x":1,"y":42,"l1x":-1,"l1y":-1,"loot_multiply_ver":1},{"data":8000000,"x":0,"y":39,"l1x":-1,"l1y":-1,"loot_multiply_ver":1},{"data":8000007,"x":0,"y":3,"l1x":-1,"l1y":-1,"loot_multiply_ver":2},{"data":8000004,"x":31,"y":42,"l1x":-1,"l1y":-1,"loot_multiply_ver":2},{"data":8000007,"x":40,"y":1,"l1x":-1,"l1y":-1,"loot_multiply_ver":2},{"data":8000000,"x":0,"y":35,"l1x":-1,"l1y":-1,"loot_multiply_ver":2},{"data":8000000,"x":27,"y":0,"l1x":-1,"l1y":-1,"loot_multiply_ver":2},{"data":8000006,"x":5,"y":0,"l1x":-1,"l1y":-1,"loot_multiply_ver":2},{"data":8000000,"x":42,"y":4,"l1x":-1,"l1y":-1,"loot_multiply_ver":2},{"data":8000000,"x":5,"y":42,"l1x":-1,"l1y":-1,"loot_multiply_ver":2},{"data":8000004,"x":7,"y":5,"l1x":-1,"l1y":-1,"loot_multiply_ver":2}],"traps":[{"data":12000005,"lvl":3,"x":17,"y":27,"l1x":15,"l1y":24},{"data":12000001,"lvl":0,"x":36,"y":33,"l1x":14,"l1y":30},{"data":12000006,"lvl":2,"x":16,"y":26,"l1x":28,"l1y":19},{"data":12000001,"lvl":0,"x":9,"y":23,"l1x":30,"l1y":29},{"data":12000002,"lvl":3,"x":9,"y":13,"l1x":12,"l1y":21},{"data":12000002,"lvl":3,"x":15,"y":13,"l1x":17,"l1y":17},{"data":12000002,"lvl":3,"x":31,"y":12,"l1x":25,"l1y":23},{"data":12000002,"lvl":3,"x":29,"y":33,"l1x":18,"l1y":22},{"data":12000002,"lvl":3,"x":29,"y":27,"l1x":25,"l1y":25},{"data":12000000,"lvl":5,"x":37,"y":23,"l1x":15,"l1y":28},{"data":12000000,"lvl":5,"x":36,"y":24,"l1x":16,"l1y":29},{"data":12000000,"lvl":5,"x":36,"y":23,"l1x":25,"l1y":13},{"data":12000000,"lvl":5,"x":19,"y":7,"l1x":24,"l1y":13},{"data":12000000,"lvl":5,"x":20,"y":6,"l1x":22,"l1y":33},{"data":12000000,"lvl":5,"x":20,"y":7,"l1x":21,"l1y":33},{"data":12000001,"lvl":0,"x":20,"y":34,"l1x":30,"l1y":13},{"data":12000001,"lvl":0,"x":10,"y":7,"l1x":20,"l1y":12},{"data":12000001,"lvl":0,"x":35,"y":6,"l1x":31,"l1y":21},{"data":12000001,"lvl":0,"x":37,"y":8,"l1x":13,"l1y":14},{"data":12000005,"lvl":3,"x":34,"y":21,"l1x":15,"l1y":18},{"data":12000005,"lvl":3,"x":22,"y":9,"l1x":28,"l1y":22},{"data":12000005,"lvl":3,"x":17,"y":13,"l1x":22,"l1y":28},{"data":12000005,"lvl":3,"x":30,"y":26,"l1x":23,"l1y":15},{"data":12000006,"lvl":2,"x":34,"y":20,"l1x":20,"l1y":28},{"data":12000006,"lvl":2,"x":23,"y":9,"l1x":19,"l1y":15},{"data":12000006,"lvl":2,"x":17,"y":14,"l1x":24,"l1y":23},{"data":12000006,"lvl":2,"x":29,"y":26,"l1x":17,"l1y":22}],"decos":[{"data":18000029,"x":38,"y":40,"l1x":40,"l1y":38},{"data":18000021,"x":36,"y":40,"l1x":4,"l1y":4},{"data":18000011,"x":2,"y":2,"l1x":2,"l1y":34},{"data":18000023,"x":34,"y":2,"l1x":6,"l1y":36},{"data":18000030,"x":34,"y":40,"l1x":34,"l1y":40},{"data":18000027,"x":2,"y":10,"l1x":38,"l1y":38},{"data":18000017,"x":40,"y":34,"l1x":36,"l1y":2},{"data":18000031,"x":10,"y":40,"l1x":10,"l1y":2},{"data":18000016,"x":4,"y":2,"l1x":2,"l1y":8},{"data":18000018,"x":6,"y":2,"l1x":6,"l1y":38},{"data":18000012,"x":40,"y":4,"l1x":4,"l1y":38},{"data":18000032,"x":40,"y":38,"l1x":38,"l1y":40},{"data":18000025,"x":2,"y":8,"l1x":4,"l1y":36},{"data":18000020,"x":6,"y":40,"l1x":34,"l1y":2},{"data":18000014,"x":2,"y":4,"l1x":38,"l1y":6},{"data":18000022,"x":8,"y":2,"l1x":38,"l1y":36},{"data":18000028,"x":10,"y":2,"l1x":4,"l1y":34},{"data":18000015,"x":2,"y":32,"l1x":38,"l1y":4},{"data":18000013,"x":38,"y":2,"l1x":40,"l1y":6},{"data":18000000,"x":6,"y":36,"l1x":40,"l1y":40},{"data":18000035,"x":4,"y":38,"l1x":6,"l1y":4},{"data":18000034,"x":2,"y":34,"l1x":4,"l1y":6},{"data":18000033,"x":40,"y":40,"l1x":2,"l1y":2},{"data":18000001,"x":2,"y":40,"l1x":2,"l1y":36},{"data":18000001,"x":36,"y":2,"l1x":6,"l1y":40},{"data":18000001,"x":32,"y":2,"l1x":2,"l1y":40},{"data":18000005,"x":6,"y":38,"l1x":2,"l1y":38},{"data":18000005,"x":4,"y":36,"l1x":4,"l1y":40},{"data":18000005,"x":6,"y":34,"l1x":38,"l1y":2},{"data":18000005,"x":8,"y":36,"l1x":40,"l1y":4},{"data":18000003,"x":40,"y":8,"l1x":8,"l1y":38},{"data":18000007,"x":2,"y":6,"l1x":2,"l1y":10},{"data":18000006,"x":4,"y":40,"l1x":6,"l1y":2},{"data":18000006,"x":2,"y":38,"l1x":2,"l1y":6},{"data":18000006,"x":40,"y":6,"l1x":2,"l1y":4},{"data":18000024,"x":2,"y":36,"l1x":8,"l1y":2},{"data":18000026,"x":40,"y":36,"l1x":36,"l1y":40},{"data":18000036,"x":8,"y":40,"l1x":40,"l1y":36},{"data":18000006,"x":8,"y":34,"l1x":4,"l1y":2},{"data":18000001,"x":40,"y":10,"l1x":40,"l1y":2}],"respawnVars":{"secondsFromLastRespawn":9116,"respawnSeed":-1595456912,"obstacleClearCounter":18,"time_to_gembox_drop":523823,"time_in_gembox_period":219600},"cooldowns":[{"cooldown":3896392,"target":20000001},{"cooldown":3273659,"target":20000000}],"newShopBuildings":[4,0,7,4,7,4,4,1,6,7,250,4,4,3,1,5,0,0,0,4,1,3,1,3,1,1,2,2],"newShopTraps":[6,6,5,0,0,5,5,0],"newShopDecos":[1,4,0,1,1,4,4,1,1,1,1,1,1,1,1,1,1,1,1,1,1,1,1,1,1,1,1,1,1,1,1,1,1,1,1,1,1],"last_league_rank":16,"last_league_shuffle":1,"last_news_seen":81,"edit_mode_shown":true,"troop_req_msg":"2 wtch dari leo ... sisa barcher","war_req_msg":"1 wtch, 1 valk, 1 wiz, 5 barba, 6 archer","war_tutorials_seen":0,"war_base":true}