{"buildings":[{"data":1000001,"lvl":9,"x":6,"y":8,"l1x":20,"l1y":20},{"data":1000004,"lvl":10,"boost_t":85258,"x":23,"y":21,"res_time":179913,"l1x":6,"l1y":18},{"data":1000000,"lvl":7,"x":10,"y":6,"units":[[4000004,16],[4000001,1],[4000000,5]],"storage_type":0,"l1x":5,"l1y":8},{"data":1000015,"lvl":0,"x":29,"y":10,"l1x":14,"l1y":3},{"data":1000014,"lvl":5,"x":37,"y":35,"l1x":27,"l1y":16},{"data":1000008,"lvl":11,"x":37,"y":18,"l1x":20,"l1y":35},{"data":1000015,"lvl":0,"x":23,"y":10,"l1x":18,"l1y":3},{"data":1000002,"lvl":10,"boost_t":48916,"x":34,"y":25,"res_time":179912,"l1x":6,"l1y":14},{"data":1000003,"lvl":10,"x":8,"y":19,"l1x":6,"l1y":22},{"data":1000005,"lvl":10,"x":37,"y":25,"l1x":26,"l1y":31},{"data":1000006,"lvl":9,"x":20,"y":21,"unit_prod":{"unit_type":0},"l1x":33,"l1y":7},{"data":1000006,"lvl":9,"x":22,"y":37,"unit_prod":{"unit_type":0,"t":2309,"slots":[{"id":4000009,"cnt":1}]},"l1x":30,"l1y":38},{"data":1000009,"lvl":12,"x":8,"y":25,"l1x":30,"l1y":31},{"data":1000008,"lvl":11,"x":36,"y":11,"l1x":10,"l1y":27},{"data":1000002,"lvl":10,"boost_t":57552,"x":16,"y":7,"res_time":179258,"l1x":35,"l1y":19},{"data":1000003,"lvl":10,"x":12,"y":22,"l1x":35,"l1y":15},{"data":1000002,"lvl":10,"boost_t":48922,"x":36,"y":21,"res_time":179912,"l1x":22,"l1y":39},{"data":1000004,"lvl":10,"boost_t":85232,"x":5,"y":29,"res_time":179246,"l1x":35,"l1y":23},{"data":1000004,"lvl":10,"boost_t":85229,"x":5,"y":36,"res_time":179541,"l1x":26,"l1y":39},{"data":1000005,"lvl":10,"x":16,"y":4,"l1x":13,"l1y":30},{"data":1000000,"lvl":7,"x":33,"y":29,"units":[[4000006,3],[4000000,5],[4000013,1],[4000001,1],[4000004,1],[4000011,1]],"storage_type":0,"l1x":28,"l1y":5},{"data":1000007,"lvl":7,"x":35,"y":5,"unit_upg":{"unit_type":0,"t":222013,"id":4000002},"l1x":7,"l1y":34},{"data":1000012,"lvl":7,"x":31,"y":17,"l1x":28,"l1y":27},{"data":1000006,"lvl":9,"x":31,"y":14,"unit_prod":{"unit_type":0,"t":52,"slots":[{"id":4000006,"cnt":5}]},"l1x":30,"l1y":35},{"data":1000013,"lvl":7,"x":31,"y":21,"l1x":10,"l1y":30},{"data":1000008,"lvl":11,"x":30,"y":5,"l1x":18,"l1y":9},{"data":1000020,"lvl":4,"x":38,"y":28,"units":[[26000002,2],[26000003,1],[26000005,1],[26000000,1]],"storage_type":1,"unit_prod":{"unit_type":1},"l1x":36,"l1y":7},{"data":1000011,"lvl":7,"x":16,"y":11,"l1x":17,"l1y":29},{"data":1000010,"lvl":9,"x":41,"y":24,"l1x":29,"l1y":31},{"data":1000010,"lvl":9,"x":34,"y":24,"l1x":29,"l1y":32},{"data":1000010,"lvl":9,"x":35,"y":24,"l1x":29,"l1y":33},{"data":1000010,"lvl":10,"x":5,"y":18,"l1x":27,"l1y":26},{"data":1000010,"lvl":9,"x":36,"y":24,"l1x":29,"l1y":34},{"data":1000010,"lvl":9,"x":37,"y":24,"l1x":29,"l1y":35},{"data":1000010,"lvl":9,"x":38,"y":24,"l1x":29,"l1y":36},{"data":1000010,"lvl":9,"x":39,"y":24,"l1x":29,"l1y":37},{"data":1000010,"lvl":9,"x":40,"y":24,"l1x":29,"l1y":38},{"data":1000010,"lvl":9,"x":41,"y":23,"l1x":28,"l1y":38},{"data":1000010,"lvl":9,"x":41,"y":22,"l1x":27,"l1y":38},{"data":1000010,"lvl":9,"x":41,"y":21,"l1x":26,"l1y":38},{"data":1000010,"lvl":9,"x":41,"y":20,"l1x":25,"l1y":38},{"data":1000010,"lvl":9,"x":41,"y":19,"l1x":24,"l1y":38},{"data":1000010,"lvl":9,"x":41,"y":18,"l1x":23,"l1y":38},{"data":1000010,"lvl":9,"x":41,"y":17,"l1x":22,"l1y":38},{"data":1000010,"lvl":9,"x":41,"y":16,"l1x":21,"l1y":38},{"data":1000010,"lvl":9,"x":41,"y":15,"l1x":20,"l1y":38},{"data":1000010,"lvl":9,"x":41,"y":14,"l1x":19,"l1y":38},{"data":1000010,"lvl":9,"x":41,"y":13,"l1x":18,"l1y":38},{"data":1000010,"lvl":9,"x":41,"y":12,"l1x":17,"l1y":38},{"data":1000010,"lvl":9,"x":41,"y":11,"l1x":16,"l1y":38},{"data":1000010,"lvl":9,"x":41,"y":10,"l1x":16,"l1y":37},{"data":1000010,"lvl":9,"x":41,"y":9,"l1x":16,"l1y":36},{"data":1000010,"lvl":9,"x":41,"y":8,"l1x":16,"l1y":35},{"data":1000010,"lvl":9,"x":41,"y":7,"l1x":16,"l1y":34},{"data":1000010,"lvl":9,"x":41,"y":6,"l1x":16,"l1y":29},{"data":1000010,"lvl":9,"x":41,"y":5,"l1x":16,"l1y":30},{"data":1000010,"lvl":10,"x":5,"y":19,"l1x":26,"l1y":26},{"data":1000010,"lvl":9,"x":41,"y":4,"l1x":16,"l1y":31},{"data":1000010,"lvl":9,"x":41,"y":3,"l1x":16,"l1y":32},{"data":1000010,"lvl":9,"x":41,"y":2,"l1x":16,"l1y":33},{"data":1000010,"lvl":9,"x":40,"y":2,"l1x":15,"l1y":33},{"data":1000010,"lvl":9,"x":39,"y":2,"l1x":14,"l1y":33},{"data":1000010,"lvl":9,"x":38,"y":2,"l1x":13,"l1y":33},{"data":1000010,"lvl":9,"x":37,"y":2,"l1x":12,"l1y":33},{"data":1000010,"lvl":9,"x":36,"y":2,"l1x":11,"l1y":33},{"data":1000010,"lvl":9,"x":35,"y":2,"l1x":10,"l1y":33},{"data":1000010,"lvl":9,"x":34,"y":2,"l1x":9,"l1y":33},{"data":1000010,"lvl":9,"x":33,"y":2,"l1x":9,"l1y":32},{"data":1000010,"lvl":9,"x":32,"y":2,"l1x":9,"l1y":31},{"data":1000010,"lvl":9,"x":31,"y":2,"l1x":9,"l1y":30},{"data":1000010,"lvl":9,"x":30,"y":2,"l1x":9,"l1y":29},{"data":1000010,"lvl":9,"x":29,"y":2,"l1x":9,"l1y":28},{"data":1000010,"lvl":9,"x":28,"y":2,"l1x":9,"l1y":27},{"data":1000010,"lvl":9,"x":27,"y":2,"l1x":9,"l1y":26},{"data":1000010,"lvl":9,"x":26,"y":2,"l1x":9,"l1y":25},{"data":1000010,"lvl":9,"x":25,"y":2,"l1x":9,"l1y":24},{"data":1000010,"lvl":9,"x":24,"y":2,"l1x":9,"l1y":23},{"data":1000010,"lvl":9,"x":23,"y":2,"l1x":9,"l1y":22},{"data":1000010,"lvl":9,"x":22,"y":2,"l1x":9,"l1y":21},{"data":1000010,"lvl":9,"x":21,"y":2,"l1x":9,"l1y":20},{"data":1000010,"lvl":9,"x":20,"y":2,"l1x":9,"l1y":19},{"data":1000010,"lvl":9,"x":19,"y":2,"l1x":9,"l1y":18},{"data":1000010,"lvl":9,"x":19,"y":3,"l1x":9,"l1y":17},{"data":1000010,"lvl":9,"x":19,"y":4,"l1x":9,"l1y":16},{"data":1000010,"lvl":9,"x":19,"y":5,"l1x":9,"l1y":15},{"data":1000010,"lvl":9,"x":19,"y":6,"l1x":9,"l1y":14},{"data":1000010,"lvl":9,"x":19,"y":7,"l1x":9,"l1y":13},{"data":1000010,"lvl":9,"x":19,"y":8,"l1x":10,"l1y":13},{"data":1000010,"lvl":9,"x":19,"y":9,"l1x":11,"l1y":13},{"data":1000010,"lvl":9,"x":10,"y":18,"l1x":14,"l1y":12},{"data":1000010,"lvl":9,"x":9,"y":18,"l1x":14,"l1y":11},{"data":1000010,"lvl":10,"x":5,"y":20,"l1x":25,"l1y":26},{"data":1000010,"lvl":10,"x":5,"y":21,"l1x":24,"l1y":26},{"data":1000010,"lvl":9,"x":8,"y":18,"l1x":14,"l1y":10},{"data":1000010,"lvl":9,"x":7,"y":18,"l1x":14,"l1y":9},{"data":1000010,"lvl":9,"x":7,"y":19,"l1x":14,"l1y":8},{"data":1000010,"lvl":9,"x":7,"y":20,"l1x":14,"l1y":7},{"data":1000010,"lvl":9,"x":7,"y":21,"l1x":14,"l1y":6},{"data":1000010,"lvl":10,"x":7,"y":22,"l1x":14,"l1y":5},{"data":1000010,"lvl":9,"x":7,"y":23,"l1x":15,"l1y":5},{"data":1000010,"lvl":9,"x":7,"y":24,"l1x":16,"l1y":5},{"data":1000010,"lvl":9,"x":7,"y":25,"l1x":17,"l1y":5},{"data":1000010,"lvl":9,"x":7,"y":26,"l1x":18,"l1y":5},{"data":1000010,"lvl":9,"x":7,"y":27,"l1x":19,"l1y":5},{"data":1000010,"lvl":9,"x":7,"y":28,"l1x":20,"l1y":5},{"data":1000010,"lvl":10,"x":5,"y":22,"l1x":21,"l1y":5},{"data":1000010,"lvl":9,"x":26,"y":33,"l1x":22,"l1y":5},{"data":1000010,"lvl":9,"x":26,"y":34,"l1x":23,"l1y":5},{"data":1000010,"lvl":9,"x":26,"y":35,"l1x":24,"l1y":5},{"data":1000010,"lvl":9,"x":26,"y":36,"l1x":25,"l1y":5},{"data":1000010,"lvl":9,"x":25,"y":36,"l1x":26,"l1y":5},{"data":1000010,"lvl":9,"x":24,"y":36,"l1x":27,"l1y":5},{"data":1000010,"lvl":9,"x":23,"y":36,"l1x":27,"l1y":6},{"data":1000010,"lvl":9,"x":22,"y":36,"l1x":27,"l1y":7},{"data":1000010,"lvl":9,"x":21,"y":36,"l1x":27,"l1y":8},{"data":1000010,"lvl":9,"x":20,"y":36,"l1x":27,"l1y":9},{"data":1000010,"lvl":9,"x":19,"y":36,"l1x":34,"l1y":14},{"data":1000010,"lvl":9,"x":18,"y":36,"l1x":34,"l1y":13},{"data":1000010,"lvl":9,"x":17,"y":36,"l1x":34,"l1y":12},{"data":1000010,"lvl":9,"x":16,"y":36,"l1x":34,"l1y":11},{"data":1000000,"lvl":7,"x":27,"y":33,"units":[[4000006,4],[4000015,1],[4000013,1],[4000004,1]],"storage_type":0,"l1x":11,"l1y":34},{"data":1000010,"lvl":9,"x":4,"y":31,"l1x":34,"l1y":10},{"data":1000010,"lvl":9,"x":4,"y":28,"l1x":33,"l1y":10},{"data":1000010,"lvl":9,"x":4,"y":29,"l1x":32,"l1y":10},{"data":1000010,"lvl":9,"x":4,"y":30,"l1x":31,"l1y":10},{"data":1000010,"lvl":9,"x":14,"y":35,"l1x":30,"l1y":10},{"data":1000010,"lvl":9,"x":13,"y":35,"l1x":29,"l1y":10},{"data":1000010,"lvl":9,"x":12,"y":35,"l1x":28,"l1y":10},{"data":1000009,"lvl":12,"x":16,"y":33,"l1x":23,"l1y":32},{"data":1000010,"lvl":9,"x":11,"y":35,"l1x":27,"l1y":10},{"data":1000015,"lvl":0,"x":29,"y":18,"l1x":22,"l1y":3},{"data":1000015,"lvl":0,"x":20,"y":18,"l1x":26,"l1y":3},{"data":1000009,"lvl":12,"x":12,"y":29,"l1x":11,"l1y":21},{"data":1000010,"lvl":9,"x":10,"y":35,"l1x":27,"l1y":11},{"data":1000010,"lvl":9,"x":9,"y":35,"l1x":27,"l1y":12},{"data":1000010,"lvl":9,"x":8,"y":35,"l1x":27,"l1y":13},{"data":1000013,"lvl":7,"x":20,"y":10,"l1x":11,"l1y":10},{"data":1000010,"lvl":9,"x":8,"y":34,"l1x":27,"l1y":14},{"data":1000010,"lvl":9,"x":8,"y":33,"l1x":34,"l1y":15},{"data":1000010,"lvl":9,"x":8,"y":32,"l1x":34,"l1y":16},{"data":1000010,"lvl":9,"x":8,"y":31,"l1x":34,"l1y":17},{"data":1000010,"lvl":9,"x":8,"y":30,"l1x":34,"l1y":18},{"data":1000010,"lvl":9,"x":8,"y":29,"l1x":34,"l1y":19},{"data":1000010,"lvl":9,"x":8,"y":28,"l1x":34,"l1y":20},{"data":1000010,"lvl":9,"x":14,"y":28,"l1x":34,"l1y":21},{"data":1000010,"lvl":9,"x":14,"y":18,"l1x":34,"l1y":22},{"data":1000010,"lvl":10,"x":5,"y":23,"l1x":24,"l1y":25},{"data":1000010,"lvl":10,"x":5,"y":24,"l1x":24,"l1y":24},{"data":1000010,"lvl":9,"x":13,"y":18,"l1x":34,"l1y":23},{"data":1000010,"lvl":9,"x":12,"y":18,"l1x":34,"l1y":24},{"data":1000010,"lvl":9,"x":25,"y":29,"l1x":34,"l1y":25},{"data":1000010,"lvl":9,"x":25,"y":30,"l1x":34,"l1y":26},{"data":1000010,"lvl":9,"x":25,"y":31,"l1x":34,"l1y":27},{"data":1000010,"lvl":9,"x":32,"y":30,"l1x":34,"l1y":28},{"data":1000010,"lvl":10,"x":5,"y":25,"l1x":34,"l1y":29},{"data":1000010,"lvl":10,"x":5,"y":26,"l1x":34,"l1y":30},{"data":1000010,"lvl":9,"x":32,"y":31,"l1x":33,"l1y":30},{"data":1000010,"lvl":10,"x":5,"y":27,"l1x":24,"l1y":23},{"data":1000010,"lvl":9,"x":32,"y":32,"l1x":32,"l1y":30},{"data":1000002,"lvl":10,"boost_t":48929,"x":20,"y":5,"res_time":179241,"l1x":14,"l1y":39},{"data":1000004,"lvl":10,"boost_t":85226,"x":12,"y":36,"res_time":179245,"l1x":18,"l1y":39},{"data":1000011,"lvl":7,"x":30,"y":25,"l1x":10,"l1y":24},{"data":1000010,"lvl":9,"x":31,"y":32,"l1x":30,"l1y":26},{"data":1000010,"lvl":9,"x":30,"y":32,"l1x":31,"l1y":26},{"data":1000010,"lvl":9,"x":29,"y":32,"l1x":31,"l1y":27},{"data":1000010,"lvl":9,"x":28,"y":32,"l1x":31,"l1y":28},{"data":1000010,"lvl":9,"x":27,"y":32,"l1x":31,"l1y":29},{"data":1000010,"lvl":10,"x":5,"y":28,"l1x":31,"l1y":30},{"data":1000010,"lvl":9,"x":26,"y":32,"l1x":30,"l1y":30},{"data":1000010,"lvl":9,"x":25,"y":32,"l1x":29,"l1y":30},{"data":1000010,"lvl":10,"x":33,"y":27,"l1x":24,"l1y":22},{"data":1000010,"lvl":9,"x":24,"y":32,"l1x":28,"l1y":30},{"data":1000010,"lvl":9,"x":23,"y":32,"l1x":27,"l1y":30},{"data":1000010,"lvl":10,"x":33,"y":26,"l1x":24,"l1y":21},{"data":1000010,"lvl":10,"x":33,"y":25,"l1x":24,"l1y":20},{"data":1000010,"lvl":9,"x":22,"y":32,"l1x":26,"l1y":30},{"data":1000010,"lvl":10,"x":33,"y":24,"l1x":24,"l1y":19},{"data":1000010,"lvl":10,"x":19,"y":15,"l1x":23,"l1y":19},{"data":1000010,"lvl":9,"x":21,"y":32,"l1x":25,"l1y":30},{"data":1000010,"lvl":9,"x":20,"y":32,"l1x":24,"l1y":28},{"data":1000010,"lvl":9,"x":19,"y":32,"l1x":24,"l1y":29},{"data":1000010,"lvl":9,"x":18,"y":32,"l1x":24,"l1y":30},{"data":1000010,"lvl":9,"x":17,"y":32,"l1x":24,"l1y":31},{"data":1000010,"lvl":9,"x":9,"y":28,"l1x":23,"l1y":31},{"data":1000010,"lvl":9,"x":10,"y":28,"l1x":22,"l1y":31},{"data":1000010,"lvl":9,"x":4,"y":27,"l1x":21,"l1y":31},{"data":1000010,"lvl":9,"x":4,"y":26,"l1x":20,"l1y":31},{"data":1000010,"lvl":9,"x":4,"y":25,"l1x":20,"l1y":30},{"data":1000010,"lvl":9,"x":4,"y":24,"l1x":20,"l1y":29},{"data":1000010,"lvl":10,"x":19,"y":16,"l1x":23,"l1y":18},{"data":1000010,"lvl":9,"x":16,"y":32,"l1x":20,"l1y":28},{"data":1000010,"lvl":9,"x":13,"y":28,"l1x":19,"l1y":28},{"data":1000010,"lvl":9,"x":12,"y":28,"l1x":18,"l1y":28},{"data":1000010,"lvl":9,"x":11,"y":28,"l1x":17,"l1y":28},{"data":1000010,"lvl":9,"x":11,"y":27,"l1x":16,"l1y":28},{"data":1000010,"lvl":9,"x":11,"y":26,"l1x":15,"l1y":28},{"data":1000010,"lvl":9,"x":11,"y":25,"l1x":14,"l1y":28},{"data":1000010,"lvl":9,"x":11,"y":24,"l1x":13,"l1y":28},{"data":1000006,"lvl":9,"x":34,"y":18,"unit_prod":{"unit_type":0},"l1x":11,"l1y":6},{"data":1000024,"lvl":5,"x":12,"y":15,"l1x":17,"l1y":32},{"data":1000022,"lvl":0,"x":27,"y":21,"l1x":20,"l1y":13},{"data":1000010,"lvl":9,"x":11,"y":23,"l1x":13,"l1y":27},{"data":1000010,"lvl":9,"x":11,"y":22,"l1x":13,"l1y":26},{"data":1000010,"lvl":9,"x":11,"y":21,"l1x":13,"l1y":25},{"data":1000010,"lvl":9,"x":11,"y":20,"l1x":13,"l1y":24},{"data":1000010,"lvl":9,"x":11,"y":19,"l1x":13,"l1y":17},{"data":1000010,"lvl":9,"x":11,"y":18,"l1x":12,"l1y":17},{"data":1000010,"lvl":9,"x":11,"y":17,"l1x":12,"l1y":16},{"data":1000010,"lvl":10,"x":32,"y":24,"l1x":23,"l1y":17},{"data":1000010,"lvl":10,"x":31,"y":24,"l1x":23,"l1y":16},{"data":1000010,"lvl":9,"x":11,"y":16,"l1x":12,"l1y":15},{"data":1000010,"lvl":9,"x":11,"y":15,"l1x":12,"l1y":14},{"data":1000010,"lvl":9,"x":11,"y":14,"l1x":12,"l1y":13},{"data":1000000,"lvl":7,"x":6,"y":13,"units":[[4000006,2],[4000011,2]],"storage_type":0,"l1x":33,"l1y":31},{"data":1000010,"lvl":9,"x":11,"y":13,"l1x":13,"l1y":13},{"data":1000010,"lvl":9,"x":11,"y":12,"l1x":14,"l1y":13},{"data":1000010,"lvl":9,"x":11,"y":11,"l1x":15,"l1y":13},{"data":1000010,"lvl":9,"x":12,"y":11,"l1x":16,"l1y":13},{"data":1000010,"lvl":9,"x":13,"y":11,"l1x":17,"l1y":13},{"data":1000010,"lvl":9,"x":14,"y":11,"l1x":18,"l1y":13},{"data":1000010,"lvl":9,"x":32,"y":29,"l1x":19,"l1y":15},{"data":1000010,"lvl":9,"x":5,"y":17,"l1x":19,"l1y":14},{"data":1000010,"lvl":9,"x":5,"y":16,"l1x":19,"l1y":13},{"data":1000010,"lvl":9,"x":5,"y":15,"l1x":19,"l1y":12},{"data":1000010,"lvl":9,"x":5,"y":14,"l1x":20,"l1y":12},{"data":1000010,"lvl":9,"x":5,"y":13,"l1x":21,"l1y":12},{"data":1000010,"lvl":9,"x":5,"y":12,"l1x":22,"l1y":12},{"data":1000013,"lvl":7,"x":16,"y":25,"l1x":31,"l1y":11},{"data":1000009,"lvl":12,"x":22,"y":29,"l1x":11,"l1y":18},{"data":1000019,"lvl":7,"x":20,"y":3,"l1x":10,"l1y":16},{"data":1000009,"lvl":12,"x":12,"y":19,"l1x":30,"l1y":20},{"data":1000011,"lvl":7,"x":7,"y":5,"l1x":24,"l1y":12},{"data":1000019,"lvl":7,"x":38,"y":33,"l1x":10,"l1y":14},{"data":1000010,"lvl":9,"x":5,"y":11,"l1x":23,"l1y":12},{"data":1000010,"lvl":10,"x":30,"y":24,"l1x":23,"l1y":13},{"data":1000010,"lvl":10,"x":29,"y":24,"l1x":23,"l1y":14},{"data":1000010,"lvl":9,"x":4,"y":23,"l1x":23,"l1y":15},{"data":1000010,"lvl":10,"x":28,"y":24,"l1x":24,"l1y":15},{"data":1000010,"lvl":9,"x":4,"y":22,"l1x":25,"l1y":15},{"data":1000010,"lvl":9,"x":4,"y":21,"l1x":26,"l1y":15},{"data":1000010,"lvl":9,"x":4,"y":20,"l1x":27,"l1y":15},{"data":1000010,"lvl":9,"x":4,"y":19,"l1x":28,"l1y":15},{"data":1000010,"lvl":9,"x":4,"y":18,"l1x":29,"l1y":15},{"data":1000010,"lvl":9,"x":4,"y":17,"l1x":30,"l1y":15},{"data":1000010,"lvl":9,"x":4,"y":16,"l1x":30,"l1y":16},{"data":1000010,"lvl":9,"x":4,"y":15,"l1x":30,"l1y":17},{"data":1000010,"lvl":9,"x":4,"y":14,"l1x":30,"l1y":18},{"data":1000010,"lvl":10,"x":27,"y":24,"l1x":30,"l1y":19},{"data":1000010,"lvl":9,"x":4,"y":13,"l1x":25,"l1y":19},{"data":1000010,"lvl":9,"x":4,"y":12,"l1x":26,"l1y":19},{"data":1000010,"lvl":9,"x":4,"y":11,"l1x":27,"l1y":19},{"data":1000010,"lvl":9,"x":4,"y":10,"l1x":28,"l1y":19},{"data":1000010,"lvl":9,"x":4,"y":9,"l1x":29,"l1y":19},{"data":1000010,"lvl":9,"x":4,"y":8,"l1x":29,"l1y":20},{"data":1000010,"lvl":9,"x":4,"y":7,"l1x":29,"l1y":21},{"data":1000010,"lvl":9,"x":4,"y":6,"l1x":29,"l1y":22},{"data":1000010,"lvl":10,"x":26,"y":21,"l1x":22,"l1y":16},{"data":1000010,"lvl":9,"x":4,"y":5,"l1x":29,"l1y":23},{"data":1000010,"lvl":9,"x":16,"y":10,"l1x":29,"l1y":24},{"data":1000010,"lvl":10,"x":26,"y":22,"l1x":29,"l1y":25},{"data":1000010,"lvl":9,"x":17,"y":10,"l1x":29,"l1y":26},{"data":1000010,"lvl":9,"x":18,"y":10,"l1x":28,"l1y":26},{"data":1000010,"lvl":9,"x":19,"y":10,"l1x":18,"l1y":17},{"data":1000010,"lvl":9,"x":19,"y":11,"l1x":17,"l1y":17},{"data":1000010,"lvl":9,"x":19,"y":12,"l1x":16,"l1y":17},{"data":1000010,"lvl":9,"x":19,"y":13,"l1x":15,"l1y":17},{"data":1000010,"lvl":9,"x":19,"y":14,"l1x":14,"l1y":17},{"data":1000010,"lvl":10,"x":26,"y":23,"l1x":14,"l1y":18},{"data":1000010,"lvl":10,"x":26,"y":24,"l1x":14,"l1y":19},{"data":1000010,"lvl":10,"x":25,"y":24,"l1x":21,"l1y":16},{"data":1000010,"lvl":10,"x":24,"y":24,"l1x":20,"l1y":16},{"data":1000010,"lvl":10,"x":23,"y":24,"l1x":14,"l1y":20},{"data":1000019,"lvl":7,"x":34,"y":39,"l1x":32,"l1y":28},{"data":1000021,"lvl":3,"x":24,"y":17,"attack_mode":false,"attack_mode_war":false,"attack_mode_draft":false,"attack_mode_draft_war":false,"ammo":1500,"l1x":25,"l1y":27},{"data":1000010,"lvl":10,"x":22,"y":24,"l1x":19,"l1y":16},{"data":1000021,"lvl":3,"x":16,"y":14,"attack_mode":false,"attack_mode_war":false,"attack_mode_draft":false,"attack_mode_draft_war":false,"ammo":1500,"l1x":17,"l1y":25},{"data":1000023,"lvl":5,"boost_t":85249,"x":26,"y":9,"res_time":57282,"l1x":6,"l1y":30},{"data":1000010,"lvl":10,"x":21,"y":24,"l1x":14,"l1y":21},{"data":1000010,"lvl":10,"x":20,"y":24,"l1x":19,"l1y":17},{"data":1000010,"lvl":10,"x":19,"y":24,"l1x":14,"l1y":22},{"data":1000010,"lvl":10,"x":19,"y":23,"l1x":19,"l1y":18},{"data":1000010,"lvl":10,"x":19,"y":22,"l1x":19,"l1y":19},{"data":1000010,"lvl":10,"x":19,"y":21,"l1x":14,"l1y":23},{"data":1000010,"lvl":10,"x":19,"y":20,"l1x":14,"l1y":24},{"data":1000010,"lvl":10,"x":19,"y":19,"l1x":15,"l1y":24},{"data":1000010,"lvl":10,"x":19,"y":18,"l1x":19,"l1y":20},{"data":1000010,"lvl":10,"x":19,"y":17,"l1x":19,"l1y":21},{"data":1000010,"lvl":10,"x":20,"y":17,"l1x":19,"l1y":22},{"data":1000010,"lvl":10,"x":21,"y":17,"l1x":16,"l1y":24},{"data":1000010,"lvl":10,"x":22,"y":17,"l1x":17,"l1y":24},{"data":1000010,"lvl":10,"x":23,"y":17,"l1x":18,"l1y":24},{"data":1000010,"lvl":10,"x":23,"y":16,"l1x":19,"l1y":23},{"data":1000010,"lvl":10,"x":24,"y":16,"l1x":19,"l1y":24},{"data":1000010,"lvl":10,"x":25,"y":16,"l1x":20,"l1y":24},{"data":1000010,"lvl":10,"x":26,"y":16,"l1x":20,"l1y":25},{"data":1000010,"lvl":10,"x":27,"y":16,"l1x":20,"l1y":26},{"data":1000010,"lvl":10,"x":27,"y":17,"l1x":20,"l1y":27},{"data":1000010,"lvl":10,"x":27,"y":18,"l1x":21,"l1y":27},{"data":1000010,"lvl":10,"x":27,"y":19,"l1x":22,"l1y":27},{"data":1000010,"lvl":10,"x":27,"y":20,"l1x":23,"l1y":27},{"data":1000010,"lvl":10,"x":26,"y":20,"l1x":24,"l1y":27},{"data":1000026,"lvl":5,"x":17,"y":37,"unit_prod":{"unit_type":0},"l1x":6,"l1y":26},{"data":1000008,"lvl":11,"x":23,"y":5,"l1x":21,"l1y":6},{"data":1000008,"lvl":11,"x":12,"y":25,"l1x":31,"l1y":14},{"data":1000009,"lvl":12,"x":12,"y":12,"l1x":30,"l1y":23},{"data":1000012,"lvl":7,"x":20,"y":14,"l1x":16,"l1y":14},{"data":1000012,"lvl":7,"x":16,"y":17,"l1x":24,"l1y":16},{"data":1000011,"lvl":7,"x":19,"y":25,"l1x":31,"l1y":17},{"data":1000025,"lvl":0,"x":25,"y":13,"l1x":21,"l1y":28},{"data":1000005,"lvl":10,"x":19,"y":33,"l1x":15,"l1y":10},{"data":1000012,"lvl":7,"x":24,"y":25,"l1x":21,"l1y":24},{"data":1000019,"lvl":7,"x":32,"y":37,"l1x":32,"l1y":26},{"data":1000021,"lvl":3,"x":27,"y":25,"attack_mode":false,"attack_mode_war":false,"attack_mode_draft":false,"attack_mode_draft_war":false,"ammo":1500,"l1x":20,"l1y":17},{"data":1000027,"lvl":2,"x":5,"y":4,"attack_mode":true,"attack_mode_war":true,"attack_mode_draft":true,"attack_mode_draft_war":true,"ammo":750,"l1x":17,"l1y":20},{"data":1000027,"lvl":2,"x":4,"y":2,"attack_mode":true,"attack_mode_war":true,"attack_mode_draft":true,"attack_mode_draft_war":true,"ammo":750,"l1x":25,"l1y":22},{"data":1000003,"lvl":10,"x":19,"y":29,"l1x":20,"l1y":32},{"data":1000005,"lvl":10,"x":9,"y":32,"l1x":28,"l1y":11},{"data":1000002,"lvl":10,"boost_t":39019,"x":8,"y":22,"res_time":179496,"l1x":26,"l1y":34},{"data":1000003,"lvl":10,"x":26,"y":29,"l1x":21,"l1y":9},{"data":1000004,"lvl":10,"boost_t":85241,"x":33,"y":34,"res_time":179503,"l1x":23,"l1y":35},{"data":1000023,"lvl":5,"boost_t":85247,"x":33,"y":11,"res_time":57281,"l1x":35,"l1y":11},{"data":1000004,"lvl":10,"boost_t":85244,"x":36,"y":15,"res_time":179253,"l1x":17,"l1y":35},{"data":1000026,"lvl":5,"x":32,"y":8,"unit_prod":{"unit_type":0},"l1x":35,"l1y":27},{"data":1000002,"lvl":10,"boost_t":48920,"x":23,"y":33,"res_time":179959,"l1x":15,"l1y":6},{"data":1000023,"lvl":5,"boost_t":85252,"x":26,"y":5,"res_time":57282,"l1x":24,"l1y":9},{"data":1000002,"lvl":10,"boost_t":48919,"x":9,"y":29,"res_time":179495,"l1x":24,"l1y":6},{"data":1000004,"lvl":10,"boost_t":85263,"x":12,"y":32,"res_time":179245,"l1x":18,"l1y":6},{"data":1000009,"lvl":12,"x":29,"y":29,"l1x":14,"l1y":25},{"data":1000008,"lvl":11,"x":16,"y":29,"l1x":13,"l1y":14}],"obstacles":[{"data":8000000,"x":42,"y":10,"l1x":-1,"l1y":-1,"loot_multiply_ver":1},{"data":8000000,"x":0,"y":9,"l1x":-1,"l1y":-1,"loot_multiply_ver":1},{"data":8000000,"x":42,"y":0,"l1x":-1,"l1y":-1,"loot_multiply_ver":1},{"data":8000000,"x":35,"y":0,"l1x":-1,"l1y":-1,"loot_multiply_ver":2},{"data":8000000,"x":0,"y":5,"l1x":-1,"l1y":-1,"loot_multiply_ver":2},{"data":8000000,"x":0,"y":21,"l1x":-1,"l1y":-1,"loot_multiply_ver":2},{"data":8000000,"x":42,"y":14,"l1x":-1,"l1y":-1,"loot_multiply_ver":2},{"data":8000000,"x":22,"y":0,"l1x":-1,"l1y":-1,"loot_multiply_ver":2},{"data":8000000,"x":28,"y":0,"l1x":-1,"l1y":-1,"loot_multiply_ver":2},{"data":8000000,"x":31,"y":42,"l1x":-1,"l1y":-1,"loot_multiply_ver":2},{"data":8000000,"x":42,"y":24,"l1x":-1,"l1y":-1,"loot_multiply_ver":2},{"data":8000000,"x":42,"y":31,"l1x":-1,"l1y":-1,"loot_multiply_ver":2},{"data":8000000,"x":13,"y":0,"l1x":-1,"l1y":-1,"loot_multiply_ver":2},{"data":8000000,"x":0,"y":32,"l1x":-1,"l1y":-1,"loot_multiply_ver":2},{"data":8000000,"x":0,"y":29,"l1x":-1,"l1y":-1,"loot_multiply_ver":2},{"data":8000000,"x":42,"y":17,"l1x":-1,"l1y":-1,"loot_multiply_ver":2},{"data":8000000,"x":0,"y":37,"l1x":-1,"l1y":-1,"loot_multiply_ver":2},{"data":8000000,"x":15,"y":42,"l1x":-1,"l1y":-1,"loot_multiply_ver":2},{"data":8000005,"x":0,"y":40,"l1x":-1,"l1y":-1,"loot_multiply_ver":2},{"data":8000000,"x":36,"y":42,"l1x":-1,"l1y":-1,"loot_multiply_ver":2},{"data":8000007,"x":6,"y":42,"l1x":-1,"l1y":-1,"loot_multiply_ver":2},{"data":8000004,"x":12,"y":42,"l1x":-1,"l1y":-1,"loot_multiply_ver":2},{"data":8000004,"x":9,"y":42,"l1x":-1,"l1y":-1,"loot_multiply_ver":2},{"data":8000010,"x":6,"y":0,"l1x":-1,"l1y":-1,"loot_multiply_ver":2},{"data":8000008,"x":9,"y":0,"l1x":-1,"l1y":-1,"loot_multiply_ver":2},{"data":8000000,"x":40,"y":42,"l1x":-1,"l1y":-1,"loot_multiply_ver":2},{"data":8000004,"x":21,"y":42,"l1x":-1,"l1y":-1,"loot_multiply_ver":2},{"data":8000000,"x":24,"y":42,"l1x":-1,"l1y":-1,"loot_multiply_ver":2},{"data":8000007,"x":18,"y":42,"l1x":-1,"l1y":-1,"loot_multiply_ver":2},{"data":8000010,"x":3,"y":0,"l1x":-1,"l1y":-1,"loot_multiply_ver":2},{"data":8000004,"x":39,"y":11,"l1x":-1,"l1y":-1,"loot_multiply_ver":2},{"data":8000006,"x":3,"y":32,"l1x":-1,"l1y":-1,"loot_multiply_ver":2},{"data":8000010,"x":10,"y":39,"l1x":-1,"l1y":-1,"loot_multiply_ver":2}],"traps":[{"data":12000001,"lvl":0,"x":10,"y":11,"l1x":8,"l1y":33},{"data":12000001,"lvl":0,"x":6,"y":18,"l1x":8,"l1y":21},{"data":12000000,"lvl":5,"x":30,"y":22,"l1x":10,"l1y":23},{"data":12000000,"lvl":5,"x":16,"y":37,"l1x":33,"l1y":20},{"data":12000005,"lvl":3,"x":30,"y":20,"l1x":18,"l1y":18},{"data":12000005,"lvl":3,"x":16,"y":21,"l1x":15,"l1y":22},{"data":12000005,"lvl":3,"x":8,"y":36,"l1x":18,"l1y":23},{"data":12000001,"lvl":0,"x":6,"y":27,"l1x":35,"l1y":10},{"data":12000005,"lvl":3,"x":22,"y":35,"l1x":25,"l1y":20},{"data":12000005,"lvl":3,"x":31,"y":8,"l1x":25,"l1y":25},{"data":12000002,"lvl":3,"x":5,"y":39,"l1x":26,"l1y":20},{"data":12000002,"lvl":3,"x":23,"y":13,"l1x":16,"l1y":18},{"data":12000002,"lvl":3,"x":20,"y":37,"l1x":27,"l1y":22},{"data":12000001,"lvl":0,"x":26,"y":37,"l1x":35,"l1y":22},{"data":12000001,"lvl":0,"x":32,"y":33,"l1x":25,"l1y":39},{"data":12000001,"lvl":0,"x":31,"y":13,"l1x":21,"l1y":39},{"data":12000000,"lvl":5,"x":15,"y":37,"l1x":15,"l1y":21},{"data":12000000,"lvl":5,"x":25,"y":9,"l1x":15,"l1y":20},{"data":12000000,"lvl":5,"x":30,"y":12,"l1x":16,"l1y":20},{"data":12000000,"lvl":5,"x":31,"y":12,"l1x":16,"l1y":21},{"data":12000006,"lvl":2,"x":22,"y":13,"l1x":28,"l1y":20},{"data":12000006,"lvl":2,"x":29,"y":15,"l1x":18,"l1y":19},{"data":12000006,"lvl":2,"x":23,"y":27,"l1x":18,"l1y":22},{"data":12000006,"lvl":2,"x":22,"y":33,"l1x":25,"l1y":21},{"data":12000002,"lvl":3,"x":34,"y":14,"l1x":27,"l1y":24},{"data":12000002,"lvl":3,"x":28,"y":16,"l1x":16,"l1y":22},{"data":12000006,"lvl":2,"x":32,"y":34,"l1x":25,"l1y":24}],"decos":[{"data":18000001,"x":10,"y":2,"l1x":31,"l1y":2},{"data":18000008,"x":11,"y":4,"l1x":40,"l1y":40},{"data":18000011,"x":2,"y":12,"l1x":40,"l1y":29},{"data":18000007,"x":26,"y":38,"l1x":37,"l1y":40},{"data":18000005,"x":28,"y":38,"l1x":2,"l1y":24},{"data":18000001,"x":2,"y":10,"l1x":40,"l1y":11},{"data":18000001,"x":17,"y":21,"l1x":6,"l1y":40},{"data":18000005,"x":28,"y":12,"l1x":2,"l1y":20},{"data":18000006,"x":22,"y":40,"l1x":37,"l1y":5},{"data":18000006,"x":28,"y":40,"l1x":2,"l1y":34},{"data":18000017,"x":2,"y":14,"l1x":40,"l1y":13},{"data":18000006,"x":8,"y":2,"l1x":40,"l1y":37},{"data":18000005,"x":30,"y":38,"l1x":2,"l1y":28},{"data":18000003,"x":38,"y":38,"l1x":2,"l1y":32},{"data":18000018,"x":2,"y":24,"l1x":40,"l1y":9},{"data":18000005,"x":2,"y":4,"l1x":10,"l1y":40},{"data":18000013,"x":12,"y":2,"l1x":40,"l1y":25},{"data":18000014,"x":14,"y":2,"l1x":40,"l1y":17},{"data":18000016,"x":16,"y":2,"l1x":40,"l1y":5},{"data":18000006,"x":2,"y":8,"l1x":33,"l1y":40},{"data":18000012,"x":32,"y":40,"l1x":12,"l1y":2},{"data":18000019,"x":40,"y":32,"l1x":16,"l1y":2},{"data":18000001,"x":2,"y":6,"l1x":2,"l1y":36},{"data":18000009,"x":37,"y":9,"l1x":40,"l1y":2},{"data":18000022,"x":2,"y":22,"l1x":33,"l1y":2},{"data":18000024,"x":7,"y":40,"l1x":20,"l1y":2},{"data":18000023,"x":16,"y":40,"l1x":29,"l1y":2},{"data":18000025,"x":2,"y":28,"l1x":8,"l1y":2},{"data":18000026,"x":2,"y":26,"l1x":2,"l1y":17},{"data":18000028,"x":2,"y":30,"l1x":2,"l1y":9},{"data":18000030,"x":2,"y":37,"l1x":2,"l1y":5},{"data":18000029,"x":2,"y":34,"l1x":5,"l1y":5},{"data":18000027,"x":3,"y":40,"l1x":2,"l1y":13},{"data":18000031,"x":12,"y":40,"l1x":37,"l1y":37},{"data":18000032,"x":20,"y":40,"l1x":35,"l1y":40},{"data":18000000,"x":2,"y":2,"l1x":2,"l1y":40},{"data":18000004,"x":16,"y":23,"l1x":5,"l1y":37},{"data":18000033,"x":40,"y":40,"l1x":2,"l1y":2},{"data":18000010,"x":25,"y":40,"l1x":40,"l1y":33},{"data":18000034,"x":40,"y":36,"l1x":5,"l1y":2},{"data":18000035,"x":36,"y":40,"l1x":40,"l1y":35},{"data":18000036,"x":40,"y":26,"l1x":8,"l1y":40},{"data":18000021,"x":2,"y":20,"l1x":37,"l1y":2},{"data":18000020,"x":2,"y":18,"l1x":24,"l1y":2},{"data":18000015,"x":2,"y":16,"l1x":40,"l1y":21}],"respawnVars":{"secondsFromLastRespawn":15195,"respawnSeed":-1533588118,"obstacleClearCounter":5,"time_to_gembox_drop":270715,"time_in_gembox_period":93600},"cooldowns":[{"cooldown":2371080,"target":20000000},{"cooldown":10174768,"target":20000001}],"newShopBuildings":[4,0,7,4,7,4,4,1,6,7,250,4,4,3,1,5,0,0,0,4,1,3,1,3,1,1,2,2],"newShopTraps":[6,6,5,0,0,5,5,0],"newShopDecos":[1,4,0,1,1,4,4,1,1,1,1,1,1,1,1,1,1,1,1,1,1,1,1,1,1,1,1,1,1,1,1,1,1,1,1,1,1],"last_league_rank":16,"last_league_shuffle":1,"last_news_seen":81,"edit_mode_shown":true,"troop_req_msg":"archers","war_req_msg":"arch wiz barbs","war_tutorials_seen":0,"war_base":true}