{"buildings":[{"data":1000001,"lvl":9,"x":20,"y":20,"l1x":20,"l1y":20},{"data":1000004,"lvl":10,"x":17,"y":3,"res_time":179032,"l1x":4,"l1y":14},{"data":1000000,"lvl":7,"x":32,"y":32,"units":[[4000005,11]],"storage_type":0,"l1x":33,"l1y":33},{"data":1000015,"lvl":0,"x":35,"y":29,"l1x":12,"l1y":34},{"data":1000014,"lvl":5,"x":24,"y":24,"share_replay_time":396,"l1x":17,"l1y":18},{"data":1000008,"lvl":11,"x":17,"y":32,"l1x":11,"l1y":23},{"data":1000015,"lvl":0,"x":29,"y":8,"l1x":10,"l1y":30},{"data":1000002,"lvl":10,"x":3,"y":12,"res_time":179033,"l1x":4,"l1y":30},{"data":1000003,"lvl":10,"x":25,"y":13,"l1x":16,"l1y":8},{"data":1000005,"lvl":10,"x":28,"y":16,"l1x":8,"l1y":26},{"data":1000006,"lvl":9,"x":23,"y":38,"unit_prod":{"unit_type":0},"l1x":12,"l1y":7},{"data":1000008,"lvl":11,"x":32,"y":23,"l1x":30,"l1y":18},{"data":1000006,"lvl":9,"x":20,"y":38,"unit_prod":{"unit_type":0},"l1x":7,"l1y":10},{"data":1000002,"lvl":10,"x":3,"y":15,"res_time":179033,"l1x":10,"l1y":4},{"data":1000000,"lvl":7,"x":31,"y":8,"units":[[4000005,11]],"storage_type":0,"l1x":31,"l1y":8},{"data":1000002,"lvl":10,"x":3,"y":18,"res_time":179033,"l1x":14,"l1y":4},{"data":1000003,"lvl":10,"x":13,"y":16,"l1x":33,"l1y":25},{"data":1000004,"lvl":10,"x":14,"y":3,"res_time":179031,"l1x":4,"l1y":18},{"data":1000004,"lvl":10,"x":20,"y":3,"res_time":179031,"l1x":4,"l1y":22},{"data":1000005,"lvl":10,"x":16,"y":13,"l1x":8,"l1y":16},{"data":1000009,"lvl":12,"x":20,"y":34,"l1x":18,"l1y":33},{"data":1000010,"lvl":8,"x":37,"y":33,"l1x":27,"l1y":21},{"data":1000010,"lvl":8,"x":37,"y":32,"l1x":21,"l1y":16},{"data":1000010,"lvl":8,"x":37,"y":31,"l1x":22,"l1y":27},{"data":1000010,"lvl":8,"x":37,"y":30,"l1x":14,"l1y":14},{"data":1000010,"lvl":8,"x":37,"y":29,"l1x":16,"l1y":21},{"data":1000010,"lvl":8,"x":37,"y":28,"l1x":8,"l1y":29},{"data":1000010,"lvl":8,"x":37,"y":27,"l1x":13,"l1y":22},{"data":1000010,"lvl":8,"x":37,"y":26,"l1x":12,"l1y":22},{"data":1000010,"lvl":8,"x":37,"y":25,"l1x":11,"l1y":22},{"data":1000010,"lvl":8,"x":37,"y":24,"l1x":10,"l1y":22},{"data":1000010,"lvl":8,"x":37,"y":23,"l1x":9,"l1y":22},{"data":1000010,"lvl":8,"x":37,"y":22,"l1x":8,"l1y":22},{"data":1000010,"lvl":8,"x":37,"y":21,"l1x":7,"l1y":29},{"data":1000010,"lvl":9,"x":16,"y":37,"l1x":7,"l1y":28},{"data":1000010,"lvl":9,"x":17,"y":37,"l1x":7,"l1y":27},{"data":1000010,"lvl":9,"x":18,"y":37,"l1x":7,"l1y":26},{"data":1000010,"lvl":9,"x":19,"y":37,"l1x":7,"l1y":25},{"data":1000010,"lvl":9,"x":20,"y":37,"l1x":22,"l1y":29},{"data":1000010,"lvl":9,"x":21,"y":37,"l1x":7,"l1y":24},{"data":1000010,"lvl":8,"x":37,"y":20,"l1x":7,"l1y":23},{"data":1000010,"lvl":8,"x":37,"y":19,"l1x":7,"l1y":22},{"data":1000015,"lvl":0,"x":12,"y":7,"l1x":9,"l1y":13},{"data":1000007,"lvl":7,"x":38,"y":26,"l1x":11,"l1y":10},{"data":1000013,"lvl":7,"x":20,"y":17,"l1x":15,"l1y":26},{"data":1000002,"lvl":10,"x":3,"y":21,"res_time":179033,"l1x":18,"l1y":4},{"data":1000006,"lvl":9,"x":38,"y":23,"unit_prod":{"unit_type":0},"l1x":15,"l1y":37},{"data":1000009,"lvl":12,"x":29,"y":32,"l1x":8,"l1y":19},{"data":1000004,"lvl":10,"x":23,"y":3,"res_time":179031,"l1x":37,"l1y":14},{"data":1000010,"lvl":8,"x":37,"y":18,"l1x":7,"l1y":21},{"data":1000010,"lvl":8,"x":37,"y":17,"l1x":7,"l1y":20},{"data":1000010,"lvl":9,"x":22,"y":37,"l1x":21,"l1y":29},{"data":1000010,"lvl":10,"x":16,"y":25,"l1x":29,"l1y":19},{"data":1000010,"lvl":9,"x":23,"y":37,"l1x":20,"l1y":29},{"data":1000010,"lvl":9,"x":24,"y":37,"l1x":19,"l1y":29},{"data":1000010,"lvl":9,"x":31,"y":18,"l1x":18,"l1y":29},{"data":1000010,"lvl":8,"x":37,"y":16,"l1x":7,"l1y":19},{"data":1000010,"lvl":9,"x":32,"y":16,"l1x":7,"l1y":18},{"data":1000010,"lvl":8,"x":33,"y":16,"l1x":7,"l1y":17},{"data":1000010,"lvl":9,"x":31,"y":19,"l1x":18,"l1y":28},{"data":1000010,"lvl":8,"x":34,"y":16,"l1x":7,"l1y":16},{"data":1000010,"lvl":8,"x":35,"y":16,"l1x":7,"l1y":15},{"data":1000010,"lvl":8,"x":36,"y":16,"l1x":8,"l1y":15},{"data":1000010,"lvl":8,"x":36,"y":15,"l1x":9,"l1y":15},{"data":1000010,"lvl":8,"x":36,"y":14,"l1x":10,"l1y":15},{"data":1000010,"lvl":8,"x":36,"y":13,"l1x":11,"l1y":15},{"data":1000010,"lvl":8,"x":36,"y":12,"l1x":12,"l1y":15},{"data":1000010,"lvl":10,"x":16,"y":24,"l1x":29,"l1y":20},{"data":1000010,"lvl":9,"x":31,"y":20,"l1x":18,"l1y":27},{"data":1000010,"lvl":8,"x":36,"y":11,"l1x":15,"l1y":13},{"data":1000010,"lvl":8,"x":36,"y":10,"l1x":15,"l1y":12},{"data":1000010,"lvl":9,"x":31,"y":21,"l1x":25,"l1y":26},{"data":1000010,"lvl":8,"x":36,"y":9,"l1x":15,"l1y":11},{"data":1000010,"lvl":8,"x":36,"y":8,"l1x":15,"l1y":10},{"data":1000010,"lvl":8,"x":36,"y":7,"l1x":15,"l1y":9},{"data":1000010,"lvl":9,"x":31,"y":22,"l1x":26,"l1y":26},{"data":1000010,"lvl":8,"x":35,"y":7,"l1x":15,"l1y":8},{"data":1000010,"lvl":8,"x":34,"y":7,"l1x":15,"l1y":7},{"data":1000010,"lvl":9,"x":31,"y":23,"l1x":27,"l1y":26},{"data":1000010,"lvl":8,"x":33,"y":7,"l1x":16,"l1y":7},{"data":1000010,"lvl":8,"x":32,"y":7,"l1x":17,"l1y":7},{"data":1000010,"lvl":8,"x":31,"y":7,"l1x":18,"l1y":7},{"data":1000010,"lvl":8,"x":30,"y":7,"l1x":19,"l1y":7},{"data":1000010,"lvl":8,"x":29,"y":7,"l1x":20,"l1y":7},{"data":1000010,"lvl":10,"x":16,"y":23,"l1x":29,"l1y":21},{"data":1000010,"lvl":8,"x":28,"y":7,"l1x":22,"l1y":13},{"data":1000010,"lvl":8,"x":27,"y":11,"l1x":22,"l1y":12},{"data":1000010,"lvl":8,"x":27,"y":10,"l1x":22,"l1y":11},{"data":1000010,"lvl":9,"x":31,"y":24,"l1x":27,"l1y":24},{"data":1000010,"lvl":8,"x":27,"y":9,"l1x":22,"l1y":10},{"data":1000010,"lvl":8,"x":27,"y":8,"l1x":22,"l1y":9},{"data":1000010,"lvl":8,"x":27,"y":7,"l1x":22,"l1y":8},{"data":1000010,"lvl":8,"x":27,"y":6,"l1x":22,"l1y":7},{"data":1000010,"lvl":9,"x":31,"y":25,"l1x":23,"l1y":7},{"data":1000010,"lvl":8,"x":26,"y":6,"l1x":24,"l1y":7},{"data":1000010,"lvl":9,"x":31,"y":26,"l1x":27,"l1y":23},{"data":1000010,"lvl":8,"x":25,"y":6,"l1x":25,"l1y":7},{"data":1000010,"lvl":8,"x":24,"y":6,"l1x":26,"l1y":7},{"data":1000010,"lvl":8,"x":23,"y":6,"l1x":27,"l1y":7},{"data":1000010,"lvl":8,"x":22,"y":6,"l1x":28,"l1y":7},{"data":1000010,"lvl":9,"x":31,"y":27,"l1x":27,"l1y":22},{"data":1000010,"lvl":8,"x":21,"y":6,"l1x":21,"l1y":7},{"data":1000010,"lvl":9,"x":31,"y":28,"l1x":29,"l1y":7},{"data":1000000,"lvl":7,"x":7,"y":7,"units":[[4000010,18]],"storage_type":0,"l1x":5,"l1y":5},{"data":1000008,"lvl":11,"x":13,"y":9,"l1x":22,"l1y":30},{"data":1000010,"lvl":9,"x":31,"y":29,"l1x":29,"l1y":8},{"data":1000010,"lvl":9,"x":31,"y":30,"l1x":29,"l1y":9},{"data":1000010,"lvl":9,"x":31,"y":31,"l1x":26,"l1y":21},{"data":1000010,"lvl":10,"x":16,"y":22,"l1x":29,"l1y":10},{"data":1000010,"lvl":9,"x":30,"y":31,"l1x":26,"l1y":20},{"data":1000010,"lvl":10,"x":16,"y":21,"l1x":26,"l1y":19},{"data":1000010,"lvl":8,"x":20,"y":6,"l1x":29,"l1y":11},{"data":1000010,"lvl":10,"x":16,"y":20,"l1x":26,"l1y":18},{"data":1000010,"lvl":9,"x":29,"y":31,"l1x":25,"l1y":18},{"data":1000012,"lvl":7,"x":23,"y":32,"l1x":30,"l1y":22},{"data":1000013,"lvl":7,"x":28,"y":10,"l1x":26,"l1y":15},{"data":1000011,"lvl":7,"x":26,"y":34,"l1x":8,"l1y":23},{"data":1000020,"lvl":4,"x":26,"y":38,"units":[[26000002,4],[26000005,1]],"storage_type":1,"unit_prod":{"unit_type":1},"l1x":24,"l1y":37},{"data":1000010,"lvl":10,"x":16,"y":19,"l1x":29,"l1y":22},{"data":1000010,"lvl":9,"x":28,"y":31,"l1x":25,"l1y":17},{"data":1000010,"lvl":10,"x":16,"y":18,"l1x":29,"l1y":23},{"data":1000010,"lvl":8,"x":19,"y":6,"l1x":29,"l1y":12},{"data":1000010,"lvl":9,"x":27,"y":31,"l1x":29,"l1y":13},{"data":1000010,"lvl":9,"x":26,"y":31,"l1x":30,"l1y":14},{"data":1000010,"lvl":8,"x":18,"y":6,"l1x":31,"l1y":14},{"data":1000010,"lvl":8,"x":17,"y":6,"l1x":32,"l1y":14},{"data":1000010,"lvl":8,"x":27,"y":12,"l1x":33,"l1y":14},{"data":1000010,"lvl":8,"x":26,"y":12,"l1x":34,"l1y":14},{"data":1000009,"lvl":12,"x":34,"y":26,"l1x":23,"l1y":8},{"data":1000004,"lvl":10,"x":28,"y":22,"res_time":179030,"l1x":37,"l1y":18},{"data":1000010,"lvl":8,"x":25,"y":12,"l1x":35,"l1y":14},{"data":1000010,"lvl":8,"x":24,"y":12,"l1x":36,"l1y":14},{"data":1000010,"lvl":8,"x":23,"y":12,"l1x":36,"l1y":15},{"data":1000010,"lvl":8,"x":22,"y":12,"l1x":36,"l1y":16},{"data":1000010,"lvl":8,"x":21,"y":12,"l1x":36,"l1y":17},{"data":1000010,"lvl":8,"x":20,"y":12,"l1x":36,"l1y":18},{"data":1000010,"lvl":8,"x":19,"y":12,"l1x":36,"l1y":19},{"data":1000010,"lvl":8,"x":18,"y":12,"l1x":36,"l1y":20},{"data":1000010,"lvl":8,"x":17,"y":12,"l1x":30,"l1y":21},{"data":1000010,"lvl":8,"x":16,"y":12,"l1x":31,"l1y":21},{"data":1000010,"lvl":8,"x":15,"y":12,"l1x":32,"l1y":21},{"data":1000010,"lvl":8,"x":14,"y":12,"l1x":33,"l1y":21},{"data":1000010,"lvl":8,"x":13,"y":12,"l1x":34,"l1y":21},{"data":1000010,"lvl":8,"x":16,"y":6,"l1x":36,"l1y":21},{"data":1000010,"lvl":9,"x":25,"y":31,"l1x":24,"l1y":16},{"data":1000010,"lvl":8,"x":15,"y":6,"l1x":35,"l1y":21},{"data":1000002,"lvl":10,"x":13,"y":19,"res_time":179029,"l1x":22,"l1y":4},{"data":1000004,"lvl":10,"x":28,"y":19,"res_time":179029,"l1x":37,"l1y":22},{"data":1000002,"lvl":10,"x":13,"y":22,"res_time":179028,"l1x":26,"l1y":4},{"data":1000010,"lvl":8,"x":14,"y":6,"l1x":36,"l1y":22},{"data":1000010,"lvl":10,"x":16,"y":17,"l1x":29,"l1y":24},{"data":1000011,"lvl":7,"x":34,"y":20,"l1x":19,"l1y":8},{"data":1000015,"lvl":0,"x":10,"y":22,"l1x":29,"l1y":33},{"data":1000015,"lvl":0,"x":14,"y":34,"l1x":37,"l1y":11},{"data":1000010,"lvl":8,"x":13,"y":6,"l1x":36,"l1y":23},{"data":1000010,"lvl":8,"x":12,"y":6,"l1x":36,"l1y":24},{"data":1000010,"lvl":8,"x":11,"y":6,"l1x":36,"l1y":25},{"data":1000010,"lvl":8,"x":10,"y":6,"l1x":36,"l1y":26},{"data":1000010,"lvl":8,"x":9,"y":6,"l1x":36,"l1y":27},{"data":1000010,"lvl":10,"x":16,"y":16,"l1x":29,"l1y":25},{"data":1000010,"lvl":8,"x":8,"y":6,"l1x":36,"l1y":28},{"data":1000010,"lvl":8,"x":7,"y":6,"l1x":35,"l1y":28},{"data":1000010,"lvl":9,"x":24,"y":31,"l1x":34,"l1y":28},{"data":1000010,"lvl":9,"x":25,"y":37,"l1x":33,"l1y":28},{"data":1000010,"lvl":8,"x":6,"y":6,"l1x":32,"l1y":28},{"data":1000010,"lvl":9,"x":26,"y":37,"l1x":23,"l1y":16},{"data":1000010,"lvl":10,"x":17,"y":16,"l1x":28,"l1y":25},{"data":1000010,"lvl":9,"x":27,"y":37,"l1x":22,"l1y":16},{"data":1000000,"lvl":7,"x":8,"y":31,"units":[[4000004,5],[4000010,22],[4000005,1]],"storage_type":0,"l1x":7,"l1y":32},{"data":1000006,"lvl":9,"x":38,"y":20,"unit_prod":{"unit_type":0},"l1x":4,"l1y":26},{"data":1000008,"lvl":11,"x":8,"y":17,"l1x":30,"l1y":25},{"data":1000009,"lvl":12,"x":24,"y":8,"l1x":11,"l1y":26},{"data":1000008,"lvl":11,"x":32,"y":29,"l1x":11,"l1y":16},{"data":1000010,"lvl":8,"x":6,"y":7,"l1x":31,"l1y":28},{"data":1000010,"lvl":8,"x":6,"y":8,"l1x":30,"l1y":28},{"data":1000010,"lvl":8,"x":6,"y":9,"l1x":28,"l1y":36},{"data":1000010,"lvl":8,"x":6,"y":10,"l1x":15,"l1y":29},{"data":1000010,"lvl":8,"x":6,"y":11,"l1x":14,"l1y":29},{"data":1000010,"lvl":8,"x":12,"y":10,"l1x":14,"l1y":30},{"data":1000010,"lvl":9,"x":31,"y":37,"l1x":9,"l1y":29},{"data":1000010,"lvl":8,"x":32,"y":37,"l1x":10,"l1y":29},{"data":1000010,"lvl":8,"x":33,"y":37,"l1x":11,"l1y":29},{"data":1000010,"lvl":10,"x":18,"y":16,"l1x":12,"l1y":29},{"data":1000010,"lvl":10,"x":19,"y":16,"l1x":13,"l1y":29},{"data":1000010,"lvl":10,"x":20,"y":16,"l1x":21,"l1y":30},{"data":1000010,"lvl":8,"x":34,"y":37,"l1x":28,"l1y":21},{"data":1000010,"lvl":8,"x":35,"y":37,"l1x":29,"l1y":29},{"data":1000010,"lvl":9,"x":28,"y":37,"l1x":26,"l1y":36},{"data":1000010,"lvl":9,"x":29,"y":37,"l1x":24,"l1y":36},{"data":1000012,"lvl":7,"x":32,"y":17,"l1x":18,"l1y":30},{"data":1000013,"lvl":7,"x":17,"y":22,"l1x":30,"l1y":30},{"data":1000010,"lvl":8,"x":36,"y":37,"l1x":22,"l1y":36},{"data":1000010,"lvl":8,"x":37,"y":37,"l1x":19,"l1y":36},{"data":1000010,"lvl":8,"x":37,"y":36,"l1x":28,"l1y":35},{"data":1000010,"lvl":8,"x":37,"y":35,"l1x":28,"l1y":34},{"data":1000010,"lvl":10,"x":21,"y":16,"l1x":21,"l1y":17},{"data":1000010,"lvl":8,"x":37,"y":34,"l1x":28,"l1y":33},{"data":1000010,"lvl":8,"x":12,"y":11,"l1x":28,"l1y":32},{"data":1000010,"lvl":8,"x":10,"y":12,"l1x":28,"l1y":31},{"data":1000010,"lvl":8,"x":11,"y":12,"l1x":28,"l1y":30},{"data":1000010,"lvl":10,"x":22,"y":16,"l1x":21,"l1y":31},{"data":1000010,"lvl":9,"x":30,"y":37,"l1x":20,"l1y":17},{"data":1000010,"lvl":8,"x":12,"y":12,"l1x":21,"l1y":32},{"data":1000010,"lvl":9,"x":23,"y":31,"l1x":19,"l1y":17},{"data":1000010,"lvl":9,"x":22,"y":31,"l1x":18,"l1y":17},{"data":1000024,"lvl":5,"x":13,"y":28,"l1x":33,"l1y":18},{"data":1000026,"lvl":5,"x":17,"y":38,"unit_prod":{"unit_type":0},"l1x":35,"l1y":29},{"data":1000022,"lvl":0,"x":22,"y":13,"l1x":19,"l1y":24},{"data":1000010,"lvl":9,"x":31,"y":16,"l1x":17,"l1y":17},{"data":1000010,"lvl":8,"x":6,"y":12,"l1x":21,"l1y":33},{"data":1000010,"lvl":8,"x":6,"y":13,"l1x":21,"l1y":34},{"data":1000010,"lvl":8,"x":6,"y":14,"l1x":21,"l1y":35},{"data":1000010,"lvl":8,"x":6,"y":15,"l1x":21,"l1y":36},{"data":1000010,"lvl":8,"x":6,"y":16,"l1x":15,"l1y":22},{"data":1000010,"lvl":9,"x":31,"y":17,"l1x":16,"l1y":17},{"data":1000010,"lvl":8,"x":6,"y":17,"l1x":27,"l1y":36},{"data":1000010,"lvl":8,"x":6,"y":18,"l1x":25,"l1y":36},{"data":1000010,"lvl":8,"x":6,"y":19,"l1x":23,"l1y":36},{"data":1000010,"lvl":9,"x":21,"y":31,"l1x":16,"l1y":20},{"data":1000010,"lvl":8,"x":6,"y":20,"l1x":20,"l1y":36},{"data":1000010,"lvl":9,"x":20,"y":31,"l1x":18,"l1y":36},{"data":1000010,"lvl":9,"x":19,"y":31,"l1x":17,"l1y":36},{"data":1000010,"lvl":8,"x":6,"y":21,"l1x":16,"l1y":36},{"data":1000010,"lvl":8,"x":6,"y":22,"l1x":15,"l1y":36},{"data":1000010,"lvl":8,"x":6,"y":23,"l1x":14,"l1y":36},{"data":1000010,"lvl":8,"x":6,"y":24,"l1x":14,"l1y":35},{"data":1000010,"lvl":9,"x":18,"y":31,"l1x":14,"l1y":34},{"data":1000010,"lvl":8,"x":6,"y":25,"l1x":29,"l1y":26},{"data":1000010,"lvl":8,"x":6,"y":26,"l1x":29,"l1y":27},{"data":1000010,"lvl":9,"x":17,"y":31,"l1x":29,"l1y":28},{"data":1000010,"lvl":9,"x":16,"y":34,"l1x":14,"l1y":33},{"data":1000010,"lvl":10,"x":23,"y":16,"l1x":16,"l1y":19},{"data":1000010,"lvl":8,"x":6,"y":27,"l1x":28,"l1y":29},{"data":1000010,"lvl":9,"x":16,"y":33,"l1x":27,"l1y":29},{"data":1000010,"lvl":9,"x":16,"y":32,"l1x":26,"l1y":29},{"data":1000010,"lvl":9,"x":16,"y":31,"l1x":29,"l1y":17},{"data":1000010,"lvl":8,"x":12,"y":13,"l1x":29,"l1y":16},{"data":1000010,"lvl":8,"x":12,"y":14,"l1x":29,"l1y":15},{"data":1000010,"lvl":10,"x":26,"y":27,"l1x":29,"l1y":14},{"data":1000010,"lvl":8,"x":12,"y":15,"l1x":28,"l1y":14},{"data":1000010,"lvl":8,"x":12,"y":16,"l1x":27,"l1y":14},{"data":1000010,"lvl":10,"x":25,"y":27,"l1x":16,"l1y":22},{"data":1000010,"lvl":10,"x":24,"y":16,"l1x":17,"l1y":22},{"data":1000010,"lvl":10,"x":25,"y":16,"l1x":27,"l1y":25},{"data":1000010,"lvl":8,"x":12,"y":17,"l1x":26,"l1y":14},{"data":1000010,"lvl":8,"x":12,"y":18,"l1x":17,"l1y":14},{"data":1000010,"lvl":8,"x":12,"y":19,"l1x":16,"l1y":14},{"data":1000010,"lvl":8,"x":12,"y":20,"l1x":15,"l1y":14},{"data":1000010,"lvl":8,"x":12,"y":21,"l1x":13,"l1y":15},{"data":1000010,"lvl":10,"x":26,"y":16,"l1x":17,"l1y":23},{"data":1000010,"lvl":9,"x":24,"y":27,"l1x":14,"l1y":15},{"data":1000010,"lvl":8,"x":12,"y":22,"l1x":14,"l1y":16},{"data":1000010,"lvl":8,"x":12,"y":23,"l1x":14,"l1y":17},{"data":1000010,"lvl":8,"x":12,"y":24,"l1x":14,"l1y":32},{"data":1000010,"lvl":10,"x":27,"y":16,"l1x":17,"l1y":24},{"data":1000010,"lvl":10,"x":27,"y":17,"l1x":17,"l1y":25},{"data":1000010,"lvl":10,"x":27,"y":18,"l1x":25,"l1y":27},{"data":1000010,"lvl":8,"x":12,"y":25,"l1x":14,"l1y":28},{"data":1000010,"lvl":9,"x":23,"y":27,"l1x":14,"l1y":27},{"data":1000010,"lvl":8,"x":12,"y":26,"l1x":14,"l1y":26},{"data":1000010,"lvl":8,"x":12,"y":27,"l1x":14,"l1y":31},{"data":1000010,"lvl":8,"x":11,"y":27,"l1x":16,"l1y":29},{"data":1000010,"lvl":8,"x":10,"y":27,"l1x":17,"l1y":29},{"data":1000010,"lvl":10,"x":27,"y":19,"l1x":18,"l1y":25},{"data":1000010,"lvl":9,"x":22,"y":27,"l1x":18,"l1y":26},{"data":1000010,"lvl":8,"x":9,"y":27,"l1x":16,"l1y":25},{"data":1000010,"lvl":8,"x":8,"y":27,"l1x":15,"l1y":25},{"data":1000010,"lvl":10,"x":27,"y":20,"l1x":25,"l1y":28},{"data":1000010,"lvl":8,"x":7,"y":27,"l1x":14,"l1y":25},{"data":1000010,"lvl":9,"x":21,"y":27,"l1x":14,"l1y":24},{"data":1000010,"lvl":10,"x":27,"y":21,"l1x":14,"l1y":23},{"data":1000010,"lvl":9,"x":20,"y":27,"l1x":19,"l1y":27},{"data":1000010,"lvl":8,"x":7,"y":28,"l1x":14,"l1y":22},{"data":1000010,"lvl":8,"x":7,"y":29,"l1x":14,"l1y":21},{"data":1000010,"lvl":9,"x":19,"y":27,"l1x":14,"l1y":20},{"data":1000010,"lvl":9,"x":18,"y":27,"l1x":14,"l1y":19},{"data":1000010,"lvl":8,"x":7,"y":30,"l1x":14,"l1y":18},{"data":1000012,"lvl":7,"x":17,"y":9,"l1x":23,"l1y":11},{"data":1000011,"lvl":7,"x":20,"y":7,"l1x":22,"l1y":33},{"data":1000009,"lvl":12,"x":9,"y":13,"l1x":19,"l1y":11},{"data":1000003,"lvl":10,"x":16,"y":28,"l1x":25,"l1y":33},{"data":1000005,"lvl":10,"x":13,"y":25,"l1x":26,"l1y":8},{"data":1000019,"lvl":7,"x":19,"y":25,"l1x":19,"l1y":15},{"data":1000023,"lvl":5,"x":28,"y":13,"res_time":21927,"l1x":19,"l1y":37},{"data":1000019,"lvl":7,"x":17,"y":25,"l1x":23,"l1y":27},{"data":1000019,"lvl":7,"x":23,"y":17,"l1x":27,"l1y":19},{"data":1000009,"lvl":12,"x":13,"y":31,"l1x":25,"l1y":30},{"data":1000012,"lvl":7,"x":9,"y":24,"l1x":11,"l1y":19},{"data":1000011,"lvl":7,"x":7,"y":21,"l1x":33,"l1y":22},{"data":1000021,"lvl":3,"x":21,"y":24,"attack_mode":true,"attack_mode_war":false,"attack_mode_draft":true,"attack_mode_draft_war":false,"ammo":1500,"l1x":16,"l1y":11},{"data":1000021,"lvl":3,"x":17,"y":17,"attack_mode":true,"attack_mode_war":false,"attack_mode_draft":true,"attack_mode_draft_war":false,"ammo":1500,"l1x":15,"l1y":30},{"data":1000019,"lvl":7,"x":25,"y":17,"l1x":15,"l1y":23},{"data":1000026,"lvl":5,"x":38,"y":17,"unit_prod":{"unit_type":0},"l1x":29,"l1y":35},{"data":1000003,"lvl":10,"x":28,"y":25,"l1x":15,"l1y":33},{"data":1000005,"lvl":10,"x":25,"y":28,"l1x":33,"l1y":15},{"data":1000021,"lvl":3,"x":24,"y":19,"attack_mode":true,"attack_mode_war":false,"attack_mode_draft":true,"attack_mode_draft_war":false,"ammo":1500,"l1x":24,"l1y":23},{"data":1000027,"lvl":2,"x":24,"y":22,"attack_mode":true,"attack_mode_war":true,"attack_mode_draft":true,"attack_mode_draft_war":true,"ammo":750,"l1x":24,"l1y":21},{"data":1000010,"lvl":9,"x":17,"y":27,"l1x":20,"l1y":27},{"data":1000010,"lvl":10,"x":27,"y":22,"l1x":25,"l1y":29},{"data":1000010,"lvl":8,"x":7,"y":31,"l1x":15,"l1y":18},{"data":1000010,"lvl":8,"x":7,"y":32,"l1x":16,"l1y":18},{"data":1000010,"lvl":8,"x":7,"y":33,"l1x":18,"l1y":16},{"data":1000010,"lvl":8,"x":7,"y":34,"l1x":18,"l1y":15},{"data":1000010,"lvl":8,"x":7,"y":35,"l1x":18,"l1y":14},{"data":1000010,"lvl":8,"x":7,"y":36,"l1x":25,"l1y":15},{"data":1000010,"lvl":8,"x":8,"y":36,"l1x":19,"l1y":14},{"data":1000010,"lvl":10,"x":16,"y":27,"l1x":21,"l1y":27},{"data":1000010,"lvl":8,"x":9,"y":36,"l1x":20,"l1y":14},{"data":1000010,"lvl":8,"x":10,"y":36,"l1x":21,"l1y":14},{"data":1000010,"lvl":8,"x":11,"y":36,"l1x":22,"l1y":14},{"data":1000010,"lvl":8,"x":12,"y":36,"l1x":23,"l1y":14},{"data":1000010,"lvl":8,"x":13,"y":36,"l1x":24,"l1y":14},{"data":1000010,"lvl":10,"x":27,"y":23,"l1x":22,"l1y":26},{"data":1000010,"lvl":10,"x":27,"y":24,"l1x":23,"l1y":26},{"data":1000010,"lvl":8,"x":14,"y":36,"l1x":25,"l1y":14},{"data":1000010,"lvl":8,"x":15,"y":36,"l1x":25,"l1y":16},{"data":1000010,"lvl":8,"x":16,"y":36,"l1x":27,"l1y":18},{"data":1000010,"lvl":8,"x":16,"y":35,"l1x":28,"l1y":18},{"data":1000010,"lvl":10,"x":16,"y":26,"l1x":24,"l1y":26},{"data":1000010,"lvl":10,"x":27,"y":25,"l1x":29,"l1y":18},{"data":1000010,"lvl":10,"x":27,"y":26,"l1x":24,"l1y":29},{"data":1000010,"lvl":10,"x":27,"y":27,"l1x":23,"l1y":29},{"data":1000008,"lvl":11,"x":10,"y":28,"l1x":26,"l1y":11},{"data":1000027,"lvl":2,"x":18,"y":20,"attack_mode":true,"attack_mode_war":true,"attack_mode_draft":true,"attack_mode_draft_war":true,"ammo":750,"l1x":18,"l1y":21},{"data":1000025,"lvl":0,"x":19,"y":28,"l1x":22,"l1y":17},{"data":1000023,"lvl":5,"x":13,"y":13,"res_time":31361,"l1x":11,"l1y":37},{"data":1000004,"lvl":10,"x":19,"y":13,"res_time":179030,"l1x":37,"l1y":26},{"data":1000002,"lvl":10,"x":22,"y":28,"res_time":179028,"l1x":30,"l1y":4},{"data":1000023,"lvl":5,"x":28,"y":28,"res_time":0,"l1x":4,"l1y":10},{"data":1000009,"lvl":12,"x":31,"y":13,"l1x":30,"l1y":15}],"obstacles":[{"data":8000006,"x":3,"y":34,"l1x":-1,"l1y":-1,"loot_multiply_ver":2},{"data":8000000,"x":42,"y":34,"l1x":-1,"l1y":-1,"loot_multiply_ver":2},{"data":8000000,"x":7,"y":41,"l1x":-1,"l1y":-1,"loot_multiply_ver":2},{"data":8000004,"x":3,"y":5,"l1x":-1,"l1y":-1,"loot_multiply_ver":2},{"data":8000010,"x":37,"y":42,"l1x":-1,"l1y":-1,"loot_multiply_ver":2},{"data":8000000,"x":2,"y":8,"l1x":-1,"l1y":-1,"loot_multiply_ver":2},{"data":8000000,"x":41,"y":12,"l1x":-1,"l1y":-1,"loot_multiply_ver":2},{"data":8000006,"x":14,"y":41,"l1x":-1,"l1y":-1,"loot_multiply_ver":2},{"data":8000004,"x":30,"y":41,"l1x":-1,"l1y":-1,"loot_multiply_ver":2},{"data":8000010,"x":36,"y":4,"l1x":-1,"l1y":-1,"loot_multiply_ver":2},{"data":8000000,"x":1,"y":27,"l1x":-1,"l1y":-1,"loot_multiply_ver":2},{"data":8000010,"x":35,"y":0,"l1x":-1,"l1y":-1,"loot_multiply_ver":2}],"traps":[{"data":12000002,"lvl":3,"x":26,"y":32,"l1x":27,"l1y":27},{"data":12000002,"lvl":3,"x":20,"y":32,"l1x":16,"l1y":15},{"data":12000005,"lvl":3,"x":20,"y":24,"l1x":21,"l1y":28},{"data":12000005,"lvl":3,"x":11,"y":19,"l1x":19,"l1y":28},{"data":12000005,"lvl":3,"x":13,"y":34,"l1x":22,"l1y":15},{"data":12000005,"lvl":3,"x":17,"y":21,"l1x":23,"l1y":15},{"data":12000005,"lvl":3,"x":26,"y":22,"l1x":24,"l1y":15},{"data":12000006,"lvl":2,"x":22,"y":32,"l1x":26,"l1y":28},{"data":12000006,"lvl":2,"x":28,"y":32,"l1x":15,"l1y":19},{"data":12000006,"lvl":2,"x":32,"y":20,"l1x":28,"l1y":23},{"data":12000006,"lvl":2,"x":26,"y":11,"l1x":28,"l1y":22},{"data":12000006,"lvl":2,"x":20,"y":11,"l1x":21,"l1y":15},{"data":12000002,"lvl":3,"x":32,"y":26,"l1x":12,"l1y":30},{"data":12000002,"lvl":3,"x":21,"y":10,"l1x":20,"l1y":18},{"data":12000002,"lvl":3,"x":10,"y":20,"l1x":22,"l1y":24},{"data":12000001,"lvl":0,"x":16,"y":38,"l1x":15,"l1y":15},{"data":12000001,"lvl":0,"x":15,"y":37,"l1x":15,"l1y":17},{"data":12000001,"lvl":0,"x":38,"y":16,"l1x":19,"l1y":23},{"data":12000001,"lvl":0,"x":37,"y":15,"l1x":30,"l1y":13},{"data":12000001,"lvl":0,"x":5,"y":27,"l1x":25,"l1y":19},{"data":12000001,"lvl":0,"x":6,"y":28,"l1x":25,"l1y":20},{"data":12000000,"lvl":4,"x":33,"y":22,"l1x":22,"l1y":28},{"data":12000000,"lvl":5,"x":32,"y":21,"l1x":15,"l1y":16},{"data":12000000,"lvl":5,"x":10,"y":16,"l1x":18,"l1y":24},{"data":12000000,"lvl":5,"x":11,"y":16,"l1x":18,"l1y":23},{"data":12000000,"lvl":4,"x":33,"y":21,"l1x":24,"l1y":20},{"data":12000000,"lvl":4,"x":32,"y":22,"l1x":26,"l1y":22}],"decos":[{"data":18000005,"x":7,"y":24,"l1x":33,"l1y":38},{"data":18000001,"x":16,"y":7,"l1x":28,"l1y":2},{"data":18000001,"x":14,"y":7,"l1x":26,"l1y":2},{"data":18000001,"x":7,"y":14,"l1x":20,"l1y":2},{"data":18000001,"x":7,"y":12,"l1x":9,"l1y":37},{"data":18000008,"x":35,"y":24,"l1x":38,"l1y":29},{"data":18000009,"x":40,"y":2,"l1x":5,"l1y":33},{"data":18000013,"x":35,"y":17,"l1x":35,"l1y":6},{"data":18000003,"x":17,"y":35,"l1x":30,"l1y":38},{"data":18000007,"x":30,"y":35,"l1x":27,"l1y":38},{"data":18000010,"x":18,"y":7,"l1x":37,"l1y":8},{"data":18000033,"x":34,"y":13,"l1x":33,"l1y":5},{"data":18000004,"x":8,"y":28,"l1x":23,"l1y":2},{"data":18000000,"x":24,"y":35,"l1x":31,"l1y":2}],"respawnVars":{"secondsFromLastRespawn":28371,"respawnSeed":-828184773,"obstacleClearCounter":14,"time_to_gembox_drop":536338,"time_in_gembox_period":108000},"cooldowns":[{"cooldown":1184040,"target":20000001},{"cooldown":6327505,"target":20000000}],"newShopBuildings":[4,0,7,4,7,4,4,1,6,7,250,4,4,3,1,5,0,0,0,4,1,3,1,3,1,1,2,2],"newShopTraps":[6,6,5,0,0,5,5,0],"newShopDecos":[1,4,0,1,1,4,4,1,1,1,1,1,1,1,1,1,1,1,1,1,1,1,1,1,1,1,1,1,1,1,1,1,1,1,1,1,1],"last_league_rank":16,"last_league_shuffle":1,"last_news_seen":81,"edit_mode_shown":true,"troop_req_msg":"lava n loon","war_req_msg":"1 witch 2 balloon 1 wiz rest barbs","war_tutorials_seen":0,"war_base":true}