{"buildings":[{"data":1000001,"lvl":9,"x":20,"y":20,"l1x":20,"l1y":20},{"data":1000004,"lvl":10,"x":5,"y":22,"res_time":177523,"l1x":37,"l1y":22},{"data":1000000,"lvl":7,"x":3,"y":32,"units":[[4000005,12]],"storage_type":0,"l1x":5,"l1y":27},{"data":1000015,"lvl":0,"x":35,"y":33,"l1x":37,"l1y":17},{"data":1000014,"lvl":5,"x":19,"y":16,"l1x":22,"l1y":17},{"data":1000008,"lvl":11,"x":31,"y":22,"l1x":18,"l1y":8},{"data":1000015,"lvl":0,"x":33,"y":35,"l1x":17,"l1y":4},{"data":1000002,"lvl":10,"x":5,"y":5,"res_time":177523,"l1x":20,"l1y":37},{"data":1000003,"lvl":10,"x":34,"y":26,"l1x":35,"l1y":28},{"data":1000005,"lvl":10,"x":9,"y":18,"l1x":23,"l1y":8},{"data":1000006,"lvl":9,"x":34,"y":29,"unit_prod":{"unit_type":0},"l1x":37,"l1y":25},{"data":1000008,"lvl":11,"x":32,"y":32,"l1x":30,"l1y":23},{"data":1000009,"lvl":12,"x":31,"y":19,"l1x":23,"l1y":11},{"data":1000000,"lvl":7,"x":3,"y":15,"units":[[4000010,15]],"storage_type":0,"l1x":12,"l1y":5},{"data":1000009,"lvl":12,"x":19,"y":31,"l1x":33,"l1y":18},{"data":1000010,"lvl":9,"x":32,"y":15,"l1x":14,"l1y":17},{"data":1000010,"lvl":8,"x":27,"y":25,"l1x":17,"l1y":9},{"data":1000010,"lvl":9,"x":33,"y":15,"l1x":17,"l1y":8},{"data":1000010,"lvl":8,"x":27,"y":26,"l1x":17,"l1y":7},{"data":1000010,"lvl":9,"x":34,"y":15,"l1x":18,"l1y":7},{"data":1000010,"lvl":9,"x":35,"y":15,"l1x":19,"l1y":7},{"data":1000010,"lvl":9,"x":36,"y":15,"l1x":20,"l1y":7},{"data":1000010,"lvl":9,"x":37,"y":15,"l1x":21,"l1y":7},{"data":1000010,"lvl":9,"x":37,"y":14,"l1x":22,"l1y":7},{"data":1000010,"lvl":8,"x":26,"y":26,"l1x":23,"l1y":7},{"data":1000010,"lvl":8,"x":26,"y":27,"l1x":24,"l1y":7},{"data":1000010,"lvl":8,"x":25,"y":27,"l1x":25,"l1y":7},{"data":1000010,"lvl":8,"x":25,"y":25,"l1x":26,"l1y":7},{"data":1000010,"lvl":9,"x":37,"y":16,"l1x":26,"l1y":8},{"data":1000010,"lvl":9,"x":37,"y":17,"l1x":26,"l1y":9},{"data":1000010,"lvl":8,"x":37,"y":18,"l1x":26,"l1y":13},{"data":1000010,"lvl":8,"x":37,"y":19,"l1x":26,"l1y":12},{"data":1000010,"lvl":8,"x":37,"y":20,"l1x":26,"l1y":11},{"data":1000010,"lvl":8,"x":37,"y":21,"l1x":26,"l1y":10},{"data":1000010,"lvl":8,"x":37,"y":22,"l1x":27,"l1y":10},{"data":1000010,"lvl":9,"x":37,"y":13,"l1x":28,"l1y":10},{"data":1000010,"lvl":8,"x":37,"y":23,"l1x":29,"l1y":10},{"data":1000010,"lvl":8,"x":37,"y":24,"l1x":30,"l1y":10},{"data":1000010,"lvl":9,"x":37,"y":12,"l1x":17,"l1y":14},{"data":1000010,"lvl":8,"x":37,"y":25,"l1x":31,"l1y":10},{"data":1000010,"lvl":8,"x":37,"y":26,"l1x":32,"l1y":10},{"data":1000010,"lvl":8,"x":37,"y":27,"l1x":33,"l1y":10},{"data":1000010,"lvl":8,"x":37,"y":28,"l1x":33,"l1y":11},{"data":1000010,"lvl":8,"x":37,"y":29,"l1x":33,"l1y":12},{"data":1000010,"lvl":8,"x":37,"y":30,"l1x":33,"l1y":13},{"data":1000010,"lvl":8,"x":37,"y":31,"l1x":33,"l1y":14},{"data":1000010,"lvl":8,"x":37,"y":32,"l1x":33,"l1y":15},{"data":1000010,"lvl":8,"x":37,"y":33,"l1x":33,"l1y":16},{"data":1000010,"lvl":8,"x":37,"y":34,"l1x":30,"l1y":17},{"data":1000010,"lvl":8,"x":37,"y":35,"l1x":31,"l1y":17},{"data":1000010,"lvl":8,"x":37,"y":36,"l1x":32,"l1y":17},{"data":1000010,"lvl":8,"x":37,"y":37,"l1x":33,"l1y":17},{"data":1000010,"lvl":8,"x":36,"y":37,"l1x":34,"l1y":17},{"data":1000010,"lvl":9,"x":37,"y":11,"l1x":18,"l1y":14},{"data":1000010,"lvl":8,"x":35,"y":37,"l1x":35,"l1y":17},{"data":1000010,"lvl":8,"x":34,"y":37,"l1x":36,"l1y":17},{"data":1000010,"lvl":8,"x":33,"y":37,"l1x":36,"l1y":18},{"data":1000010,"lvl":9,"x":37,"y":10,"l1x":19,"l1y":14},{"data":1000010,"lvl":8,"x":32,"y":37,"l1x":36,"l1y":19},{"data":1000010,"lvl":9,"x":37,"y":9,"l1x":36,"l1y":20},{"data":1000004,"lvl":10,"x":31,"y":38,"res_time":177526,"l1x":36,"l1y":8},{"data":1000002,"lvl":10,"x":38,"y":31,"res_time":177516,"l1x":33,"l1y":37},{"data":1000010,"lvl":8,"x":31,"y":37,"l1x":36,"l1y":21},{"data":1000010,"lvl":9,"x":37,"y":8,"l1x":14,"l1y":18},{"data":1000010,"lvl":8,"x":30,"y":37,"l1x":36,"l1y":22},{"data":1000010,"lvl":8,"x":29,"y":37,"l1x":36,"l1y":23},{"data":1000010,"lvl":9,"x":36,"y":8,"l1x":14,"l1y":19},{"data":1000010,"lvl":8,"x":28,"y":37,"l1x":36,"l1y":24},{"data":1000010,"lvl":8,"x":27,"y":37,"l1x":36,"l1y":25},{"data":1000010,"lvl":8,"x":26,"y":37,"l1x":36,"l1y":26},{"data":1000010,"lvl":8,"x":25,"y":37,"l1x":35,"l1y":26},{"data":1000010,"lvl":8,"x":24,"y":37,"l1x":34,"l1y":26},{"data":1000010,"lvl":8,"x":23,"y":37,"l1x":30,"l1y":26},{"data":1000005,"lvl":10,"x":18,"y":9,"l1x":33,"l1y":23},{"data":1000002,"lvl":10,"x":34,"y":19,"res_time":177527,"l1x":4,"l1y":34},{"data":1000003,"lvl":10,"x":25,"y":34,"l1x":30,"l1y":14},{"data":1000004,"lvl":10,"x":34,"y":16,"res_time":177528,"l1x":36,"l1y":35},{"data":1000002,"lvl":10,"x":31,"y":16,"res_time":177531,"l1x":32,"l1y":6},{"data":1000004,"lvl":10,"x":22,"y":34,"res_time":166519,"l1x":6,"l1y":7},{"data":1000013,"lvl":7,"x":15,"y":25,"l1x":30,"l1y":11},{"data":1000008,"lvl":11,"x":22,"y":31,"l1x":23,"l1y":33},{"data":1000009,"lvl":12,"x":9,"y":32,"l1x":27,"l1y":30},{"data":1000010,"lvl":8,"x":22,"y":37,"l1x":31,"l1y":26},{"data":1000010,"lvl":8,"x":21,"y":37,"l1x":32,"l1y":26},{"data":1000010,"lvl":8,"x":20,"y":37,"l1x":33,"l1y":26},{"data":1000010,"lvl":8,"x":19,"y":37,"l1x":33,"l1y":27},{"data":1000010,"lvl":9,"x":35,"y":8,"l1x":33,"l1y":28},{"data":1000010,"lvl":9,"x":34,"y":8,"l1x":14,"l1y":20},{"data":1000010,"lvl":8,"x":18,"y":37,"l1x":33,"l1y":29},{"data":1000010,"lvl":8,"x":17,"y":37,"l1x":33,"l1y":30},{"data":1000010,"lvl":8,"x":16,"y":37,"l1x":33,"l1y":31},{"data":1000010,"lvl":9,"x":33,"y":8,"l1x":33,"l1y":32},{"data":1000010,"lvl":9,"x":24,"y":25,"l1x":14,"l1y":21},{"data":1000010,"lvl":9,"x":30,"y":16,"l1x":33,"l1y":33},{"data":1000012,"lvl":7,"x":27,"y":27,"l1x":18,"l1y":11},{"data":1000007,"lvl":7,"x":4,"y":27,"l1x":6,"l1y":13},{"data":1000002,"lvl":10,"x":34,"y":22,"res_time":177527,"l1x":37,"l1y":19},{"data":1000004,"lvl":10,"x":16,"y":34,"res_time":177525,"l1x":8,"l1y":34},{"data":1000010,"lvl":9,"x":30,"y":17,"l1x":32,"l1y":33},{"data":1000010,"lvl":9,"x":24,"y":26,"l1x":31,"l1y":33},{"data":1000010,"lvl":8,"x":30,"y":18,"l1x":30,"l1y":33},{"data":1000010,"lvl":8,"x":30,"y":19,"l1x":29,"l1y":33},{"data":1000010,"lvl":8,"x":30,"y":20,"l1x":28,"l1y":33},{"data":1000010,"lvl":8,"x":30,"y":21,"l1x":27,"l1y":33},{"data":1000011,"lvl":7,"x":31,"y":25,"l1x":26,"l1y":15},{"data":1000020,"lvl":4,"x":38,"y":24,"units":[[26000002,4],[26000005,1]],"storage_type":1,"unit_prod":{"unit_type":1},"l1x":7,"l1y":10},{"data":1000010,"lvl":9,"x":24,"y":27,"l1x":14,"l1y":22},{"data":1000010,"lvl":8,"x":30,"y":22,"l1x":26,"l1y":30},{"data":1000010,"lvl":8,"x":30,"y":23,"l1x":26,"l1y":31},{"data":1000010,"lvl":8,"x":30,"y":24,"l1x":26,"l1y":32},{"data":1000010,"lvl":8,"x":30,"y":25,"l1x":26,"l1y":33},{"data":1000010,"lvl":9,"x":24,"y":28,"l1x":14,"l1y":23},{"data":1000010,"lvl":9,"x":23,"y":28,"l1x":14,"l1y":24},{"data":1000010,"lvl":8,"x":30,"y":26,"l1x":26,"l1y":34},{"data":1000010,"lvl":8,"x":30,"y":27,"l1x":26,"l1y":35},{"data":1000010,"lvl":8,"x":30,"y":28,"l1x":26,"l1y":36},{"data":1000010,"lvl":8,"x":30,"y":29,"l1x":25,"l1y":36},{"data":1000010,"lvl":9,"x":22,"y":28,"l1x":20,"l1y":14},{"data":1000010,"lvl":8,"x":30,"y":30,"l1x":24,"l1y":36},{"data":1000010,"lvl":8,"x":29,"y":30,"l1x":23,"l1y":36},{"data":1000010,"lvl":9,"x":21,"y":28,"l1x":22,"l1y":36},{"data":1000010,"lvl":8,"x":28,"y":30,"l1x":21,"l1y":36},{"data":1000010,"lvl":9,"x":20,"y":28,"l1x":20,"l1y":36},{"data":1000006,"lvl":9,"x":31,"y":28,"unit_prod":{"unit_type":0},"l1x":24,"l1y":4},{"data":1000000,"lvl":7,"x":15,"y":3,"units":[[4000004,5],[4000010,25]],"storage_type":0,"l1x":34,"l1y":12},{"data":1000010,"lvl":8,"x":27,"y":30,"l1x":19,"l1y":36},{"data":1000006,"lvl":9,"x":29,"y":34,"unit_prod":{"unit_type":0},"l1x":4,"l1y":18},{"data":1000002,"lvl":10,"x":19,"y":34,"res_time":177526,"l1x":4,"l1y":22},{"data":1000004,"lvl":10,"x":16,"y":31,"res_time":179495,"l1x":20,"l1y":4},{"data":1000011,"lvl":7,"x":25,"y":31,"l1x":26,"l1y":26},{"data":1000013,"lvl":7,"x":25,"y":15,"l1x":30,"l1y":30},{"data":1000015,"lvl":0,"x":12,"y":35,"l1x":34,"l1y":9},{"data":1000015,"lvl":0,"x":10,"y":35,"l1x":7,"l1y":32},{"data":1000010,"lvl":9,"x":19,"y":28,"l1x":21,"l1y":14},{"data":1000010,"lvl":8,"x":26,"y":30,"l1x":18,"l1y":36},{"data":1000010,"lvl":8,"x":25,"y":30,"l1x":17,"l1y":36},{"data":1000010,"lvl":8,"x":24,"y":30,"l1x":17,"l1y":35},{"data":1000010,"lvl":9,"x":18,"y":28,"l1x":22,"l1y":14},{"data":1000010,"lvl":8,"x":23,"y":30,"l1x":17,"l1y":34},{"data":1000010,"lvl":9,"x":17,"y":28,"l1x":23,"l1y":14},{"data":1000010,"lvl":8,"x":22,"y":30,"l1x":17,"l1y":30},{"data":1000010,"lvl":8,"x":21,"y":30,"l1x":17,"l1y":31},{"data":1000010,"lvl":8,"x":20,"y":30,"l1x":17,"l1y":32},{"data":1000010,"lvl":9,"x":16,"y":28,"l1x":17,"l1y":33},{"data":1000010,"lvl":9,"x":25,"y":24,"l1x":16,"l1y":33},{"data":1000010,"lvl":9,"x":26,"y":24,"l1x":15,"l1y":33},{"data":1000010,"lvl":9,"x":27,"y":24,"l1x":14,"l1y":33},{"data":1000010,"lvl":9,"x":28,"y":24,"l1x":13,"l1y":33},{"data":1000010,"lvl":8,"x":19,"y":30,"l1x":12,"l1y":33},{"data":1000010,"lvl":9,"x":18,"y":30,"l1x":11,"l1y":33},{"data":1000010,"lvl":9,"x":17,"y":30,"l1x":10,"l1y":33},{"data":1000010,"lvl":9,"x":16,"y":30,"l1x":10,"l1y":32},{"data":1000010,"lvl":9,"x":28,"y":23,"l1x":10,"l1y":31},{"data":1000010,"lvl":8,"x":15,"y":32,"l1x":10,"l1y":30},{"data":1000010,"lvl":8,"x":15,"y":33,"l1x":10,"l1y":29},{"data":1000010,"lvl":9,"x":28,"y":22,"l1x":24,"l1y":14},{"data":1000010,"lvl":9,"x":28,"y":21,"l1x":28,"l1y":18},{"data":1000010,"lvl":9,"x":28,"y":20,"l1x":29,"l1y":18},{"data":1000010,"lvl":9,"x":28,"y":19,"l1x":29,"l1y":17},{"data":1000010,"lvl":8,"x":15,"y":34,"l1x":10,"l1y":28},{"data":1000010,"lvl":9,"x":28,"y":18,"l1x":10,"l1y":27},{"data":1000010,"lvl":8,"x":15,"y":35,"l1x":13,"l1y":26},{"data":1000010,"lvl":9,"x":28,"y":17,"l1x":12,"l1y":26},{"data":1000010,"lvl":8,"x":15,"y":36,"l1x":11,"l1y":26},{"data":1000010,"lvl":9,"x":28,"y":16,"l1x":29,"l1y":16},{"data":1000010,"lvl":9,"x":28,"y":15,"l1x":29,"l1y":15},{"data":1000015,"lvl":0,"x":35,"y":11,"l1x":32,"l1y":34},{"data":1000010,"lvl":8,"x":15,"y":37,"l1x":10,"l1y":26},{"data":1000010,"lvl":9,"x":29,"y":15,"l1x":9,"l1y":26},{"data":1000010,"lvl":9,"x":30,"y":15,"l1x":8,"l1y":26},{"data":1000010,"lvl":9,"x":15,"y":28,"l1x":29,"l1y":14},{"data":1000010,"lvl":9,"x":15,"y":29,"l1x":28,"l1y":14},{"data":1000010,"lvl":9,"x":15,"y":30,"l1x":7,"l1y":26},{"data":1000010,"lvl":8,"x":14,"y":37,"l1x":7,"l1y":25},{"data":1000010,"lvl":9,"x":15,"y":31,"l1x":27,"l1y":14},{"data":1000010,"lvl":8,"x":13,"y":37,"l1x":7,"l1y":24},{"data":1000010,"lvl":8,"x":12,"y":37,"l1x":7,"l1y":23},{"data":1000010,"lvl":8,"x":11,"y":37,"l1x":7,"l1y":22},{"data":1000010,"lvl":8,"x":10,"y":37,"l1x":7,"l1y":21},{"data":1000010,"lvl":8,"x":9,"y":37,"l1x":16,"l1y":14},{"data":1000010,"lvl":9,"x":14,"y":31,"l1x":26,"l1y":14},{"data":1000010,"lvl":9,"x":13,"y":31,"l1x":13,"l1y":17},{"data":1000010,"lvl":9,"x":12,"y":31,"l1x":12,"l1y":10},{"data":1000010,"lvl":9,"x":8,"y":37,"l1x":14,"l1y":10},{"data":1000010,"lvl":9,"x":8,"y":36,"l1x":13,"l1y":10},{"data":1000010,"lvl":9,"x":8,"y":35,"l1x":11,"l1y":10},{"data":1000010,"lvl":9,"x":8,"y":34,"l1x":12,"l1y":17},{"data":1000010,"lvl":9,"x":11,"y":31,"l1x":11,"l1y":17},{"data":1000010,"lvl":9,"x":10,"y":31,"l1x":10,"l1y":17},{"data":1000010,"lvl":9,"x":9,"y":31,"l1x":14,"l1y":14},{"data":1000010,"lvl":9,"x":8,"y":32,"l1x":25,"l1y":14},{"data":1000010,"lvl":9,"x":8,"y":31,"l1x":7,"l1y":17},{"data":1000010,"lvl":9,"x":8,"y":30,"l1x":14,"l1y":15},{"data":1000010,"lvl":9,"x":8,"y":29,"l1x":29,"l1y":24},{"data":1000010,"lvl":9,"x":8,"y":33,"l1x":10,"l1y":10},{"data":1000010,"lvl":9,"x":31,"y":15,"l1x":25,"l1y":15},{"data":1000010,"lvl":9,"x":31,"y":14,"l1x":10,"l1y":12},{"data":1000010,"lvl":9,"x":31,"y":13,"l1x":10,"l1y":14},{"data":1000010,"lvl":9,"x":31,"y":12,"l1x":10,"l1y":16},{"data":1000010,"lvl":9,"x":31,"y":11,"l1x":10,"l1y":15},{"data":1000010,"lvl":9,"x":31,"y":10,"l1x":10,"l1y":13},{"data":1000010,"lvl":9,"x":31,"y":9,"l1x":10,"l1y":11},{"data":1000010,"lvl":9,"x":32,"y":8,"l1x":14,"l1y":16},{"data":1000010,"lvl":9,"x":31,"y":8,"l1x":7,"l1y":19},{"data":1000010,"lvl":9,"x":30,"y":8,"l1x":24,"l1y":29},{"data":1000010,"lvl":9,"x":29,"y":8,"l1x":28,"l1y":25},{"data":1000010,"lvl":9,"x":28,"y":8,"l1x":20,"l1y":29},{"data":1000010,"lvl":9,"x":27,"y":8,"l1x":19,"l1y":29},{"data":1000010,"lvl":9,"x":8,"y":28,"l1x":29,"l1y":25},{"data":1000010,"lvl":9,"x":8,"y":27,"l1x":21,"l1y":29},{"data":1000010,"lvl":9,"x":8,"y":26,"l1x":29,"l1y":23},{"data":1000010,"lvl":9,"x":8,"y":25,"l1x":29,"l1y":21},{"data":1000010,"lvl":9,"x":8,"y":24,"l1x":29,"l1y":22},{"data":1000010,"lvl":9,"x":8,"y":23,"l1x":29,"l1y":20},{"data":1000010,"lvl":9,"x":8,"y":22,"l1x":29,"l1y":19},{"data":1000010,"lvl":9,"x":8,"y":21,"l1x":29,"l1y":26},{"data":1000010,"lvl":9,"x":8,"y":20,"l1x":23,"l1y":29},{"data":1000008,"lvl":11,"x":9,"y":23,"l1x":14,"l1y":30},{"data":1000008,"lvl":11,"x":9,"y":15,"l1x":11,"l1y":18},{"data":1000009,"lvl":12,"x":32,"y":9,"l1x":18,"l1y":30},{"data":1000006,"lvl":9,"x":28,"y":31,"unit_prod":{"unit_type":0},"l1x":17,"l1y":37},{"data":1000000,"lvl":7,"x":30,"y":3,"units":[[4000005,12]],"storage_type":0,"l1x":27,"l1y":34},{"data":1000024,"lvl":5,"x":12,"y":22,"l1x":11,"l1y":27},{"data":1000022,"lvl":0,"x":12,"y":18,"l1x":17,"l1y":21},{"data":1000013,"lvl":7,"x":9,"y":9,"l1x":11,"l1y":30},{"data":1000012,"lvl":7,"x":25,"y":18,"l1x":30,"l1y":18},{"data":1000019,"lvl":7,"x":26,"y":10,"l1x":11,"l1y":21},{"data":1000026,"lvl":5,"x":9,"y":28,"unit_prod":{"unit_type":0,"t":2092,"slots":[{"id":4000017,"cnt":1}]},"l1x":28,"l1y":6},{"data":1000019,"lvl":7,"x":15,"y":13,"l1x":21,"l1y":11},{"data":1000009,"lvl":12,"x":20,"y":12,"l1x":8,"l1y":23},{"data":1000005,"lvl":10,"x":9,"y":12,"l1x":8,"l1y":18},{"data":1000003,"lvl":10,"x":12,"y":25,"l1x":18,"l1y":33},{"data":1000012,"lvl":7,"x":18,"y":25,"l1x":23,"l1y":30},{"data":1000011,"lvl":7,"x":12,"y":32,"l1x":15,"l1y":26},{"data":1000019,"lvl":7,"x":21,"y":10,"l1x":31,"l1y":21},{"data":1000010,"lvl":9,"x":8,"y":19,"l1x":7,"l1y":18},{"data":1000010,"lvl":9,"x":8,"y":18,"l1x":22,"l1y":29},{"data":1000010,"lvl":9,"x":8,"y":17,"l1x":15,"l1y":10},{"data":1000010,"lvl":9,"x":8,"y":16,"l1x":17,"l1y":10},{"data":1000010,"lvl":9,"x":8,"y":15,"l1x":17,"l1y":12},{"data":1000010,"lvl":9,"x":8,"y":14,"l1x":9,"l1y":17},{"data":1000010,"lvl":9,"x":8,"y":13,"l1x":29,"l1y":27},{"data":1000010,"lvl":9,"x":8,"y":12,"l1x":29,"l1y":28},{"data":1000010,"lvl":9,"x":8,"y":11,"l1x":29,"l1y":29},{"data":1000010,"lvl":9,"x":8,"y":10,"l1x":28,"l1y":29},{"data":1000010,"lvl":9,"x":8,"y":9,"l1x":8,"l1y":17},{"data":1000010,"lvl":9,"x":26,"y":8,"l1x":17,"l1y":13},{"data":1000010,"lvl":9,"x":25,"y":8,"l1x":17,"l1y":11},{"data":1000010,"lvl":9,"x":24,"y":8,"l1x":27,"l1y":29},{"data":1000010,"lvl":9,"x":23,"y":8,"l1x":26,"l1y":29},{"data":1000010,"lvl":9,"x":22,"y":8,"l1x":25,"l1y":29},{"data":1000010,"lvl":9,"x":21,"y":8,"l1x":25,"l1y":28},{"data":1000010,"lvl":9,"x":20,"y":8,"l1x":18,"l1y":28},{"data":1000010,"lvl":9,"x":19,"y":8,"l1x":18,"l1y":29},{"data":1000010,"lvl":9,"x":18,"y":8,"l1x":17,"l1y":29},{"data":1000010,"lvl":9,"x":17,"y":8,"l1x":16,"l1y":29},{"data":1000010,"lvl":9,"x":16,"y":8,"l1x":15,"l1y":29},{"data":1000010,"lvl":9,"x":15,"y":8,"l1x":14,"l1y":29},{"data":1000010,"lvl":9,"x":14,"y":8,"l1x":14,"l1y":28},{"data":1000010,"lvl":9,"x":13,"y":8,"l1x":14,"l1y":27},{"data":1000010,"lvl":9,"x":12,"y":8,"l1x":14,"l1y":26},{"data":1000010,"lvl":9,"x":11,"y":8,"l1x":14,"l1y":25},{"data":1000010,"lvl":9,"x":10,"y":8,"l1x":15,"l1y":25},{"data":1000010,"lvl":9,"x":9,"y":8,"l1x":26,"l1y":25},{"data":1000010,"lvl":9,"x":8,"y":8,"l1x":27,"l1y":25},{"data":1000010,"lvl":9,"x":22,"y":15,"l1x":27,"l1y":24},{"data":1000010,"lvl":9,"x":21,"y":15,"l1x":16,"l1y":10},{"data":1000010,"lvl":9,"x":20,"y":15,"l1x":15,"l1y":14},{"data":1000010,"lvl":9,"x":19,"y":15,"l1x":27,"l1y":23},{"data":1000010,"lvl":9,"x":18,"y":15,"l1x":27,"l1y":22},{"data":1000010,"lvl":9,"x":17,"y":15,"l1x":27,"l1y":21},{"data":1000010,"lvl":9,"x":16,"y":15,"l1x":7,"l1y":20},{"data":1000010,"lvl":10,"x":23,"y":15,"l1x":18,"l1y":18},{"data":1000010,"lvl":9,"x":15,"y":15,"l1x":27,"l1y":20},{"data":1000010,"lvl":9,"x":15,"y":16,"l1x":27,"l1y":19},{"data":1000010,"lvl":9,"x":15,"y":17,"l1x":27,"l1y":18},{"data":1000010,"lvl":10,"x":24,"y":15,"l1x":25,"l1y":25},{"data":1000010,"lvl":9,"x":15,"y":18,"l1x":26,"l1y":18},{"data":1000010,"lvl":9,"x":15,"y":19,"l1x":25,"l1y":18},{"data":1000010,"lvl":9,"x":15,"y":20,"l1x":25,"l1y":17},{"data":1000010,"lvl":9,"x":15,"y":21,"l1x":25,"l1y":16},{"data":1000010,"lvl":9,"x":15,"y":22,"l1x":24,"l1y":16},{"data":1000010,"lvl":9,"x":15,"y":23,"l1x":23,"l1y":16},{"data":1000010,"lvl":9,"x":15,"y":24,"l1x":22,"l1y":16},{"data":1000010,"lvl":9,"x":16,"y":24,"l1x":21,"l1y":16},{"data":1000023,"lvl":5,"x":4,"y":10,"res_time":55123,"l1x":35,"l1y":5},{"data":1000026,"lvl":5,"x":28,"y":9,"unit_prod":{"unit_type":0},"l1x":13,"l1y":35},{"data":1000025,"lvl":0,"x":17,"y":12,"l1x":22,"l1y":24},{"data":1000003,"lvl":10,"x":25,"y":12,"l1x":30,"l1y":27},{"data":1000005,"lvl":10,"x":12,"y":9,"l1x":14,"l1y":11},{"data":1000009,"lvl":12,"x":12,"y":15,"l1x":11,"l1y":11},{"data":1000023,"lvl":5,"x":10,"y":4,"res_time":42752,"l1x":8,"l1y":37},{"data":1000012,"lvl":7,"x":12,"y":12,"l1x":11,"l1y":23},{"data":1000011,"lvl":7,"x":32,"y":12,"l1x":11,"l1y":14},{"data":1000019,"lvl":7,"x":35,"y":9,"l1x":21,"l1y":31},{"data":1000021,"lvl":3,"x":25,"y":21,"attack_mode":false,"attack_mode_war":false,"attack_mode_draft":false,"attack_mode_draft_war":false,"ammo":1500,"l1x":19,"l1y":17},{"data":1000021,"lvl":3,"x":21,"y":25,"attack_mode":false,"attack_mode_war":false,"attack_mode_draft":false,"attack_mode_draft_war":false,"ammo":1500,"l1x":24,"l1y":20},{"data":1000010,"lvl":9,"x":17,"y":24,"l1x":20,"l1y":16},{"data":1000010,"lvl":9,"x":18,"y":24,"l1x":19,"l1y":16},{"data":1000010,"lvl":9,"x":24,"y":16,"l1x":18,"l1y":16},{"data":1000010,"lvl":9,"x":24,"y":17,"l1x":18,"l1y":17},{"data":1000010,"lvl":9,"x":24,"y":18,"l1x":17,"l1y":18},{"data":1000010,"lvl":9,"x":23,"y":24,"l1x":16,"l1y":18},{"data":1000010,"lvl":9,"x":22,"y":24,"l1x":16,"l1y":19},{"data":1000010,"lvl":9,"x":21,"y":24,"l1x":16,"l1y":20},{"data":1000010,"lvl":9,"x":20,"y":24,"l1x":16,"l1y":21},{"data":1000010,"lvl":9,"x":19,"y":24,"l1x":16,"l1y":22},{"data":1000010,"lvl":9,"x":19,"y":23,"l1x":16,"l1y":23},{"data":1000010,"lvl":9,"x":19,"y":22,"l1x":16,"l1y":24},{"data":1000010,"lvl":9,"x":19,"y":21,"l1x":16,"l1y":25},{"data":1000010,"lvl":9,"x":19,"y":20,"l1x":25,"l1y":26},{"data":1000010,"lvl":9,"x":19,"y":19,"l1x":25,"l1y":27},{"data":1000010,"lvl":9,"x":20,"y":19,"l1x":24,"l1y":27},{"data":1000010,"lvl":9,"x":21,"y":19,"l1x":23,"l1y":27},{"data":1000010,"lvl":9,"x":22,"y":19,"l1x":22,"l1y":27},{"data":1000010,"lvl":9,"x":23,"y":19,"l1x":21,"l1y":27},{"data":1000010,"lvl":9,"x":24,"y":19,"l1x":20,"l1y":27},{"data":1000010,"lvl":9,"x":24,"y":20,"l1x":19,"l1y":27},{"data":1000010,"lvl":9,"x":24,"y":21,"l1x":18,"l1y":27},{"data":1000010,"lvl":9,"x":24,"y":22,"l1x":17,"l1y":25},{"data":1000010,"lvl":9,"x":24,"y":23,"l1x":18,"l1y":26},{"data":1000010,"lvl":9,"x":24,"y":24,"l1x":18,"l1y":25},{"data":1000002,"lvl":10,"x":28,"y":12,"res_time":177529,"l1x":35,"l1y":32},{"data":1000004,"lvl":10,"x":23,"y":9,"res_time":177529,"l1x":23,"l1y":37},{"data":1000023,"lvl":5,"x":12,"y":28,"res_time":0,"l1x":9,"l1y":6},{"data":1000027,"lvl":2,"x":17,"y":22,"attack_mode":false,"attack_mode_war":true,"attack_mode_draft":false,"attack_mode_draft_war":true,"ammo":750,"l1x":17,"l1y":19},{"data":1000027,"lvl":2,"x":22,"y":17,"attack_mode":true,"attack_mode_war":true,"attack_mode_draft":true,"attack_mode_draft_war":true,"ammo":750,"l1x":25,"l1y":23},{"data":1000021,"lvl":3,"x":16,"y":16,"attack_mode":false,"attack_mode_war":false,"attack_mode_draft":false,"attack_mode_draft_war":false,"ammo":1500,"l1x":19,"l1y":24},{"data":1000009,"lvl":12,"x":16,"y":19,"l1x":15,"l1y":15},{"data":1000008,"lvl":11,"x":15,"y":9,"l1x":27,"l1y":11}],"obstacles":[{"data":8000028,"x":0,"y":40,"l1x":-1,"l1y":-1,"loot_multiply_ver":1},{"data":8000000,"x":29,"y":0,"l1x":-1,"l1y":-1,"loot_multiply_ver":2}],"traps":[{"data":12000006,"lvl":2,"x":14,"y":36,"l1x":24,"l1y":23},{"data":12000006,"lvl":2,"x":36,"y":36,"l1x":21,"l1y":28},{"data":12000006,"lvl":2,"x":36,"y":14,"l1x":15,"l1y":21},{"data":12000005,"lvl":3,"x":24,"y":12,"l1x":18,"l1y":24},{"data":12000005,"lvl":3,"x":32,"y":35,"l1x":21,"l1y":8},{"data":12000005,"lvl":3,"x":9,"y":36,"l1x":35,"l1y":21},{"data":12000006,"lvl":2,"x":25,"y":7,"l1x":21,"l1y":15},{"data":12000006,"lvl":2,"x":13,"y":7,"l1x":28,"l1y":21},{"data":12000000,"lvl":5,"x":27,"y":9,"l1x":13,"l1y":21},{"data":12000000,"lvl":5,"x":26,"y":9,"l1x":30,"l1y":22},{"data":12000000,"lvl":5,"x":22,"y":9,"l1x":21,"l1y":30},{"data":12000000,"lvl":5,"x":21,"y":9,"l1x":17,"l1y":24},{"data":12000001,"lvl":0,"x":36,"y":7,"l1x":19,"l1y":28},{"data":12000005,"lvl":3,"x":7,"y":11,"l1x":8,"l1y":22},{"data":12000005,"lvl":3,"x":9,"y":27,"l1x":22,"l1y":35},{"data":12000000,"lvl":5,"x":16,"y":12,"l1x":25,"l1y":19},{"data":12000000,"lvl":5,"x":15,"y":12,"l1x":22,"l1y":13},{"data":12000001,"lvl":0,"x":38,"y":15,"l1x":26,"l1y":19},{"data":12000001,"lvl":0,"x":38,"y":8,"l1x":15,"l1y":20},{"data":12000001,"lvl":0,"x":14,"y":21,"l1x":20,"l1y":15},{"data":12000001,"lvl":0,"x":21,"y":7,"l1x":22,"l1y":28},{"data":12000001,"lvl":0,"x":8,"y":7,"l1x":28,"l1y":22},{"data":12000002,"lvl":3,"x":28,"y":25,"l1x":5,"l1y":11},{"data":12000002,"lvl":3,"x":4,"y":8,"l1x":9,"l1y":21},{"data":12000002,"lvl":3,"x":10,"y":21,"l1x":21,"l1y":9},{"data":12000002,"lvl":3,"x":13,"y":5,"l1x":33,"l1y":21},{"data":12000002,"lvl":3,"x":23,"y":13,"l1x":21,"l1y":33}],"decos":[{"data":18000009,"x":40,"y":2,"l1x":-1,"l1y":-1},{"data":18000001,"x":4,"y":40,"l1x":-1,"l1y":-1},{"data":18000001,"x":2,"y":38,"l1x":-1,"l1y":-1},{"data":18000008,"x":2,"y":40,"l1x":-1,"l1y":-1},{"data":18000011,"x":38,"y":2,"l1x":-1,"l1y":-1},{"data":18000012,"x":40,"y":4,"l1x":-1,"l1y":-1}],"respawnVars":{"secondsFromLastRespawn":13876,"respawnSeed":-1842942356,"obstacleClearCounter":18,"time_to_gembox_drop":381330,"time_in_gembox_period":57600},"cooldowns":[{"cooldown":317843,"target":20000001},{"cooldown":6175593,"target":20000000}],"newShopBuildings":[4,0,7,4,7,4,4,1,6,7,250,4,4,3,1,5,0,0,0,4,1,3,1,3,1,1,2,2],"newShopTraps":[6,6,5,0,0,5,5,0],"newShopDecos":[1,4,0,1,1,4,4,1,1,1,1,1,1,1,1,1,1,1,1,1,1,1,1,1,1,1,1,1,1,1,1,1,1,1,1,1,1],"last_league_rank":16,"last_league_shuffle":1,"last_news_seen":81,"edit_mode_shown":true,"troop_req_msg":"lava balloon","war_req_msg":"2 witches 2 wiz 3 archers","war_tutorials_seen":0,"war_base":true}