{"buildings":[{"data":1000001,"lvl":9,"x":20,"y":20},{"data":1000004,"lvl":10,"x":36,"y":22,"res_time":80570},{"data":1000000,"lvl":7,"x":10,"y":2,"units":[[4000005,5],[4000008,1]],"storage_type":0},{"data":1000015,"lvl":0,"x":36,"y":9},{"data":1000014,"lvl":5,"x":16,"y":16},{"data":1000008,"lvl":11,"x":7,"y":17},{"data":1000002,"lvl":10,"boost_t":18044,"x":36,"y":32,"res_time":134058},{"data":1000015,"lvl":0,"x":29,"y":12},{"data":1000003,"lvl":10,"x":7,"y":20},{"data":1000005,"lvl":10,"x":32,"y":17},{"data":1000006,"lvl":9,"x":36,"y":13,"unit_prod":{"unit_type":0}},{"data":1000006,"lvl":9,"x":36,"y":18,"unit_prod":{"unit_type":0}},{"data":1000004,"lvl":10,"x":36,"y":27,"res_time":109127},{"data":1000003,"lvl":10,"x":20,"y":7},{"data":1000005,"lvl":10,"x":17,"y":32},{"data":1000002,"lvl":10,"boost_t":18042,"x":32,"y":36,"res_time":134057},{"data":1000002,"lvl":10,"boost_t":18036,"x":22,"y":36,"res_time":134074},{"data":1000004,"lvl":10,"x":27,"y":36,"res_time":162516},{"data":1000015,"lvl":0,"x":12,"y":29},{"data":1000015,"lvl":0,"x":11,"y":16},{"data":1000013,"lvl":7,"x":25,"y":14},{"data":1000008,"lvl":11,"x":17,"y":7},{"data":1000009,"lvl":12,"x":7,"y":24},{"data":1000010,"lvl":10,"x":3,"y":2},{"data":1000010,"lvl":10,"x":4,"y":7},{"data":1000010,"lvl":10,"x":4,"y":5},{"data":1000010,"lvl":10,"x":6,"y":4},{"data":1000010,"lvl":10,"x":4,"y":27},{"data":1000010,"lvl":10,"x":5,"y":27},{"data":1000010,"lvl":10,"x":6,"y":27},{"data":1000000,"lvl":7,"x":2,"y":10,"units":[[4000008,3]],"storage_type":0},{"data":1000010,"lvl":10,"x":7,"y":27},{"data":1000010,"lvl":10,"x":8,"y":27},{"data":1000010,"lvl":10,"x":9,"y":27},{"data":1000010,"lvl":10,"x":9,"y":4},{"data":1000010,"lvl":10,"x":3,"y":27},{"data":1000010,"lvl":10,"x":3,"y":26},{"data":1000010,"lvl":10,"x":3,"y":25},{"data":1000010,"lvl":10,"x":3,"y":24},{"data":1000010,"lvl":10,"x":3,"y":23},{"data":1000010,"lvl":10,"x":3,"y":22},{"data":1000010,"lvl":10,"x":3,"y":21},{"data":1000010,"lvl":10,"x":3,"y":20},{"data":1000010,"lvl":10,"x":3,"y":19},{"data":1000010,"lvl":10,"x":3,"y":18},{"data":1000010,"lvl":10,"x":3,"y":17},{"data":1000010,"lvl":10,"x":3,"y":16},{"data":1000010,"lvl":10,"x":3,"y":15},{"data":1000010,"lvl":10,"x":4,"y":15},{"data":1000010,"lvl":10,"x":5,"y":15},{"data":1000010,"lvl":10,"x":6,"y":15},{"data":1000010,"lvl":10,"x":7,"y":15},{"data":1000010,"lvl":10,"x":8,"y":15},{"data":1000010,"lvl":10,"x":9,"y":15},{"data":1000010,"lvl":10,"x":27,"y":9},{"data":1000010,"lvl":10,"x":27,"y":8},{"data":1000010,"lvl":10,"x":27,"y":7},{"data":1000010,"lvl":10,"x":27,"y":6},{"data":1000010,"lvl":10,"x":27,"y":5},{"data":1000010,"lvl":10,"x":27,"y":4},{"data":1000010,"lvl":10,"x":27,"y":3},{"data":1000010,"lvl":10,"x":26,"y":3},{"data":1000010,"lvl":10,"x":25,"y":3},{"data":1000010,"lvl":10,"x":24,"y":3},{"data":1000010,"lvl":10,"x":23,"y":3},{"data":1000010,"lvl":10,"x":22,"y":3},{"data":1000010,"lvl":10,"x":21,"y":3},{"data":1000010,"lvl":10,"x":20,"y":3},{"data":1000010,"lvl":10,"x":19,"y":3},{"data":1000010,"lvl":10,"x":18,"y":3},{"data":1000010,"lvl":10,"x":17,"y":3},{"data":1000010,"lvl":10,"x":16,"y":3},{"data":1000010,"lvl":10,"x":15,"y":3},{"data":1000010,"lvl":10,"x":15,"y":4},{"data":1000006,"lvl":9,"x":13,"y":36,"unit_prod":{"unit_type":0}},{"data":1000002,"lvl":10,"boost_t":18034,"x":4,"y":24,"res_time":114973},{"data":1000004,"lvl":10,"x":4,"y":16,"res_time":36225},{"data":1000009,"lvl":12,"x":24,"y":7},{"data":1000010,"lvl":10,"x":15,"y":5},{"data":1000010,"lvl":10,"x":15,"y":6},{"data":1000010,"lvl":10,"x":15,"y":7},{"data":1000010,"lvl":10,"x":15,"y":8},{"data":1000010,"lvl":10,"x":15,"y":9},{"data":1000010,"lvl":10,"x":20,"y":34},{"data":1000010,"lvl":10,"x":20,"y":33},{"data":1000010,"lvl":10,"x":20,"y":32},{"data":1000010,"lvl":10,"x":34,"y":20},{"data":1000010,"lvl":10,"x":33,"y":20},{"data":1000010,"lvl":10,"x":35,"y":11},{"data":1000010,"lvl":10,"x":33,"y":11},{"data":1000010,"lvl":10,"x":11,"y":32},{"data":1000012,"lvl":7,"x":28,"y":22},{"data":1000010,"lvl":10,"x":11,"y":33},{"data":1000010,"lvl":10,"x":11,"y":34},{"data":1000010,"lvl":10,"x":11,"y":35},{"data":1000010,"lvl":10,"x":12,"y":35},{"data":1000010,"lvl":10,"x":13,"y":35},{"data":1000010,"lvl":10,"x":14,"y":35},{"data":1000010,"lvl":10,"x":15,"y":35},{"data":1000010,"lvl":10,"x":16,"y":35},{"data":1000010,"lvl":10,"x":17,"y":35},{"data":1000010,"lvl":10,"x":18,"y":35},{"data":1000010,"lvl":10,"x":19,"y":35},{"data":1000010,"lvl":10,"x":20,"y":35},{"data":1000010,"lvl":10,"x":21,"y":35},{"data":1000010,"lvl":10,"x":22,"y":35},{"data":1000010,"lvl":10,"x":23,"y":35},{"data":1000010,"lvl":10,"x":24,"y":35},{"data":1000010,"lvl":10,"x":25,"y":35},{"data":1000010,"lvl":10,"x":26,"y":35},{"data":1000010,"lvl":10,"x":27,"y":35},{"data":1000010,"lvl":10,"x":28,"y":35},{"data":1000010,"lvl":10,"x":29,"y":35},{"data":1000010,"lvl":10,"x":30,"y":35},{"data":1000010,"lvl":10,"x":31,"y":35},{"data":1000010,"lvl":10,"x":32,"y":35},{"data":1000010,"lvl":10,"x":33,"y":35},{"data":1000010,"lvl":10,"x":34,"y":35},{"data":1000010,"lvl":10,"x":35,"y":35},{"data":1000010,"lvl":10,"x":35,"y":34},{"data":1000010,"lvl":10,"x":35,"y":33},{"data":1000010,"lvl":10,"x":35,"y":32},{"data":1000010,"lvl":10,"x":35,"y":31},{"data":1000010,"lvl":10,"x":35,"y":30},{"data":1000010,"lvl":10,"x":35,"y":29},{"data":1000010,"lvl":10,"x":35,"y":28},{"data":1000010,"lvl":10,"x":35,"y":27},{"data":1000010,"lvl":10,"x":35,"y":26},{"data":1000010,"lvl":10,"x":35,"y":25},{"data":1000000,"lvl":7,"x":5,"y":29,"units":[[4000008,3]],"storage_type":0},{"data":1000004,"lvl":10,"x":16,"y":4,"res_time":4015},{"data":1000010,"lvl":10,"x":35,"y":24},{"data":1000010,"lvl":10,"x":35,"y":23},{"data":1000010,"lvl":10,"x":35,"y":22},{"data":1000010,"lvl":10,"x":35,"y":21},{"data":1000010,"lvl":10,"x":35,"y":20},{"data":1000010,"lvl":10,"x":35,"y":19},{"data":1000010,"lvl":10,"x":35,"y":18},{"data":1000010,"lvl":10,"x":35,"y":17},{"data":1000010,"lvl":10,"x":35,"y":16},{"data":1000010,"lvl":10,"x":35,"y":15},{"data":1000010,"lvl":10,"x":35,"y":14},{"data":1000010,"lvl":10,"x":35,"y":13},{"data":1000010,"lvl":10,"x":35,"y":12},{"data":1000010,"lvl":10,"x":32,"y":11},{"data":1000010,"lvl":10,"x":30,"y":11},{"data":1000010,"lvl":10,"x":31,"y":11},{"data":1000010,"lvl":10,"x":15,"y":31},{"data":1000010,"lvl":10,"x":16,"y":31},{"data":1000010,"lvl":10,"x":17,"y":31},{"data":1000010,"lvl":10,"x":18,"y":31},{"data":1000010,"lvl":10,"x":19,"y":31},{"data":1000010,"lvl":10,"x":20,"y":31},{"data":1000010,"lvl":10,"x":21,"y":31},{"data":1000010,"lvl":10,"x":22,"y":31},{"data":1000010,"lvl":10,"x":23,"y":31},{"data":1000011,"lvl":7,"x":32,"y":24},{"data":1000008,"lvl":11,"x":13,"y":16},{"data":1000008,"lvl":11,"x":16,"y":13},{"data":1000008,"lvl":11,"x":14,"y":19},{"data":1000009,"lvl":12,"x":32,"y":32},{"data":1000024,"lvl":5,"x":28,"y":28},{"data":1000013,"lvl":7,"x":14,"y":25},{"data":1000010,"lvl":10,"x":24,"y":31},{"data":1000010,"lvl":10,"x":25,"y":31},{"data":1000004,"lvl":10,"x":29,"y":32,"res_time":106344},{"data":1000010,"lvl":10,"x":26,"y":31},{"data":1000010,"lvl":10,"x":27,"y":31},{"data":1000010,"lvl":10,"x":28,"y":31},{"data":1000010,"lvl":10,"x":29,"y":31},{"data":1000010,"lvl":10,"x":30,"y":31},{"data":1000010,"lvl":10,"x":11,"y":29},{"data":1000010,"lvl":10,"x":11,"y":30},{"data":1000010,"lvl":10,"x":11,"y":31},{"data":1000010,"lvl":10,"x":12,"y":31},{"data":1000010,"lvl":10,"x":13,"y":31},{"data":1000010,"lvl":10,"x":29,"y":11},{"data":1000010,"lvl":10,"x":34,"y":11},{"data":1000010,"lvl":10,"x":31,"y":12},{"data":1000010,"lvl":10,"x":31,"y":13},{"data":1000010,"lvl":10,"x":31,"y":14},{"data":1000010,"lvl":10,"x":14,"y":31},{"data":1000010,"lvl":10,"x":14,"y":30},{"data":1000010,"lvl":10,"x":14,"y":29},{"data":1000010,"lvl":10,"x":14,"y":28},{"data":1000010,"lvl":10,"x":13,"y":28},{"data":1000010,"lvl":10,"x":12,"y":28},{"data":1000010,"lvl":10,"x":11,"y":28},{"data":1000010,"lvl":10,"x":10,"y":28},{"data":1000010,"lvl":10,"x":10,"y":27},{"data":1000010,"lvl":10,"x":10,"y":26},{"data":1000005,"lvl":10,"x":28,"y":25},{"data":1000023,"lvl":5,"x":17,"y":36,"res_time":0},{"data":1000003,"lvl":10,"x":28,"y":15},{"data":1000015,"lvl":0,"x":16,"y":11},{"data":1000010,"lvl":10,"x":10,"y":25},{"data":1000010,"lvl":10,"x":10,"y":24},{"data":1000010,"lvl":10,"x":10,"y":23},{"data":1000010,"lvl":10,"x":10,"y":22},{"data":1000010,"lvl":10,"x":10,"y":21},{"data":1000010,"lvl":10,"x":10,"y":20},{"data":1000010,"lvl":10,"x":10,"y":19},{"data":1000010,"lvl":10,"x":10,"y":18},{"data":1000010,"lvl":10,"x":10,"y":17},{"data":1000010,"lvl":10,"x":10,"y":16},{"data":1000009,"lvl":12,"x":12,"y":32},{"data":1000009,"lvl":12,"x":32,"y":12},{"data":1000009,"lvl":12,"x":24,"y":21},{"data":1000010,"lvl":10,"x":10,"y":15},{"data":1000010,"lvl":10,"x":10,"y":14},{"data":1000010,"lvl":10,"x":11,"y":14},{"data":1000010,"lvl":10,"x":12,"y":14},{"data":1000010,"lvl":10,"x":12,"y":13},{"data":1000010,"lvl":10,"x":12,"y":12},{"data":1000010,"lvl":10,"x":13,"y":12},{"data":1000010,"lvl":10,"x":14,"y":12},{"data":1000010,"lvl":10,"x":14,"y":11},{"data":1000010,"lvl":10,"x":14,"y":10},{"data":1000010,"lvl":10,"x":15,"y":10},{"data":1000012,"lvl":7,"x":22,"y":28},{"data":1000000,"lvl":7,"x":29,"y":5,"units":[[4000005,7],[4000008,2]],"storage_type":0},{"data":1000006,"lvl":9,"x":9,"y":36,"unit_prod":{"unit_type":0}},{"data":1000013,"lvl":7,"x":13,"y":13},{"data":1000005,"lvl":10,"x":25,"y":28},{"data":1000002,"lvl":10,"boost_t":18050,"x":24,"y":4,"res_time":114970},{"data":1000019,"lvl":7,"x":18,"y":22},{"data":1000019,"lvl":7,"x":20,"y":18},{"data":1000011,"lvl":7,"x":24,"y":32},{"data":1000010,"lvl":10,"x":16,"y":10},{"data":1000010,"lvl":10,"x":17,"y":10},{"data":1000003,"lvl":10,"x":15,"y":28},{"data":1000002,"lvl":10,"boost_t":18038,"x":21,"y":32,"res_time":134059},{"data":1000026,"lvl":5,"x":12,"y":7,"unit_prod":{"unit_type":0}},{"data":1000009,"lvl":12,"x":21,"y":24},{"data":1000008,"lvl":11,"x":19,"y":14},{"data":1000021,"lvl":3,"x":18,"y":24,"attack_mode":false,"attack_mode_war":false,"attack_mode_draft":false,"attack_mode_draft_war":false,"ammo":1500},{"data":1000010,"lvl":10,"x":18,"y":10},{"data":1000010,"lvl":10,"x":19,"y":10},{"data":1000010,"lvl":10,"x":20,"y":10},{"data":1000010,"lvl":10,"x":21,"y":10},{"data":1000010,"lvl":10,"x":22,"y":10},{"data":1000010,"lvl":10,"x":23,"y":10},{"data":1000010,"lvl":10,"x":24,"y":10},{"data":1000010,"lvl":10,"x":25,"y":10},{"data":1000010,"lvl":10,"x":26,"y":10},{"data":1000010,"lvl":10,"x":27,"y":10},{"data":1000019,"lvl":7,"x":22,"y":18},{"data":1000026,"lvl":5,"x":7,"y":12,"unit_prod":{"unit_type":0}},{"data":1000023,"lvl":5,"x":4,"y":20,"res_time":0},{"data":1000010,"lvl":10,"x":28,"y":10},{"data":1000010,"lvl":10,"x":28,"y":11},{"data":1000010,"lvl":10,"x":28,"y":12},{"data":1000010,"lvl":10,"x":28,"y":13},{"data":1000010,"lvl":10,"x":28,"y":14},{"data":1000010,"lvl":10,"x":32,"y":20},{"data":1000010,"lvl":10,"x":30,"y":14},{"data":1000010,"lvl":10,"x":29,"y":14},{"data":1000010,"lvl":10,"x":31,"y":15},{"data":1000010,"lvl":10,"x":31,"y":16},{"data":1000010,"lvl":10,"x":31,"y":17},{"data":1000010,"lvl":10,"x":31,"y":18},{"data":1000010,"lvl":10,"x":31,"y":19},{"data":1000010,"lvl":10,"x":31,"y":20},{"data":1000010,"lvl":10,"x":31,"y":21},{"data":1000010,"lvl":10,"x":31,"y":22},{"data":1000010,"lvl":10,"x":31,"y":23},{"data":1000010,"lvl":10,"x":31,"y":24},{"data":1000010,"lvl":10,"x":31,"y":25},{"data":1000010,"lvl":10,"x":31,"y":26},{"data":1000010,"lvl":10,"x":31,"y":27},{"data":1000010,"lvl":10,"x":31,"y":28},{"data":1000010,"lvl":10,"x":31,"y":29},{"data":1000010,"lvl":10,"x":31,"y":30},{"data":1000010,"lvl":10,"x":31,"y":31},{"data":1000027,"lvl":2,"x":28,"y":19,"attack_mode":true,"attack_mode_war":true,"attack_mode_draft":true,"attack_mode_draft_war":true,"ammo":750},{"data":1000010,"lvl":10,"x":17,"y":19},{"data":1000010,"lvl":10,"x":17,"y":20},{"data":1000010,"lvl":10,"x":17,"y":21},{"data":1000010,"lvl":10,"x":17,"y":22},{"data":1000010,"lvl":10,"x":17,"y":23},{"data":1000010,"lvl":10,"x":17,"y":24},{"data":1000010,"lvl":10,"x":17,"y":25},{"data":1000010,"lvl":10,"x":17,"y":26},{"data":1000010,"lvl":10,"x":17,"y":27},{"data":1000010,"lvl":10,"x":18,"y":27},{"data":1000010,"lvl":10,"x":19,"y":27},{"data":1000010,"lvl":10,"x":20,"y":27},{"data":1000010,"lvl":10,"x":21,"y":27},{"data":1000010,"lvl":10,"x":22,"y":27},{"data":1000021,"lvl":3,"x":24,"y":18,"attack_mode":false,"attack_mode_war":false,"attack_mode_draft":false,"attack_mode_draft_war":false,"ammo":1500},{"data":1000019,"lvl":7,"x":18,"y":20},{"data":1000011,"lvl":7,"x":25,"y":11},{"data":1000021,"lvl":3,"x":24,"y":24,"attack_mode":false,"attack_mode_war":false,"attack_mode_draft":false,"attack_mode_draft_war":false,"ammo":1500},{"data":1000020,"lvl":4,"x":37,"y":37,"units":[[26000002,3],[26000005,2]],"storage_type":1,"unit_prod":{"unit_type":1}},{"data":1000007,"lvl":7,"x":7,"y":7},{"data":1000027,"lvl":2,"x":19,"y":28,"attack_mode":true,"attack_mode_war":false,"attack_mode_draft":true,"attack_mode_draft_war":false,"ammo":750},{"data":1000022,"lvl":0,"x":22,"y":14},{"data":1000025,"lvl":0,"x":14,"y":22},{"data":1000004,"lvl":10,"x":32,"y":29,"res_time":157407},{"data":1000002,"lvl":10,"boost_t":18047,"x":32,"y":21,"res_time":134059},{"data":1000012,"lvl":7,"x":21,"y":11},{"data":1000012,"lvl":7,"x":11,"y":21},{"data":1000011,"lvl":7,"x":11,"y":25},{"data":1000023,"lvl":5,"x":20,"y":4,"res_time":0},{"data":1000010,"lvl":10,"x":23,"y":27},{"data":1000010,"lvl":10,"x":24,"y":27},{"data":1000010,"lvl":10,"x":25,"y":27},{"data":1000010,"lvl":10,"x":26,"y":27},{"data":1000010,"lvl":10,"x":18,"y":19},{"data":1000010,"lvl":10,"x":19,"y":19},{"data":1000010,"lvl":10,"x":19,"y":18},{"data":1000010,"lvl":10,"x":19,"y":17},{"data":1000010,"lvl":10,"x":20,"y":17},{"data":1000010,"lvl":10,"x":21,"y":17},{"data":1000010,"lvl":10,"x":22,"y":17},{"data":1000010,"lvl":10,"x":23,"y":17},{"data":1000010,"lvl":10,"x":24,"y":17},{"data":1000010,"lvl":10,"x":25,"y":17},{"data":1000010,"lvl":10,"x":26,"y":17},{"data":1000010,"lvl":10,"x":27,"y":17},{"data":1000010,"lvl":10,"x":27,"y":18},{"data":1000010,"lvl":10,"x":27,"y":19},{"data":1000010,"lvl":10,"x":27,"y":20},{"data":1000010,"lvl":10,"x":27,"y":21},{"data":1000010,"lvl":10,"x":27,"y":22},{"data":1000010,"lvl":10,"x":27,"y":23},{"data":1000010,"lvl":10,"x":27,"y":24},{"data":1000010,"lvl":10,"x":27,"y":25},{"data":1000010,"lvl":10,"x":27,"y":26},{"data":1000010,"lvl":10,"x":27,"y":27}],"obstacles":[{"data":8000010,"x":42,"y":39,"loot_multiply_ver":2},{"data":8000006,"x":8,"y":42,"loot_multiply_ver":2},{"data":8000000,"x":41,"y":42,"loot_multiply_ver":2},{"data":8000010,"x":14,"y":0,"loot_multiply_ver":2},{"data":8000010,"x":22,"y":42,"loot_multiply_ver":2},{"data":8000006,"x":6,"y":0,"loot_multiply_ver":2},{"data":8000008,"x":42,"y":23,"loot_multiply_ver":2},{"data":8000000,"x":42,"y":28,"loot_multiply_ver":2},{"data":8000006,"x":17,"y":42,"loot_multiply_ver":2},{"data":8000004,"x":0,"y":0,"loot_multiply_ver":2},{"data":8000004,"x":42,"y":4,"loot_multiply_ver":2},{"data":8000007,"x":42,"y":32,"loot_multiply_ver":2},{"data":8000010,"x":20,"y":0,"loot_multiply_ver":2},{"data":8000000,"x":42,"y":19,"loot_multiply_ver":2},{"data":8000006,"x":38,"y":0,"loot_multiply_ver":2},{"data":8000000,"x":0,"y":3,"loot_multiply_ver":2},{"data":8000008,"x":0,"y":36,"loot_multiply_ver":2},{"data":8000004,"x":42,"y":36,"loot_multiply_ver":2},{"data":8000000,"x":33,"y":42,"loot_multiply_ver":2},{"data":8000000,"x":13,"y":42,"loot_multiply_ver":2},{"data":8000004,"x":37,"y":42,"loot_multiply_ver":2},{"data":8000000,"x":9,"y":0,"loot_multiply_ver":2},{"data":8000007,"x":23,"y":0,"loot_multiply_ver":2},{"data":8000004,"x":0,"y":21,"loot_multiply_ver":2},{"data":8000010,"x":42,"y":15,"loot_multiply_ver":2},{"data":8000006,"x":0,"y":9,"loot_multiply_ver":2},{"data":8000004,"x":2,"y":42,"loot_multiply_ver":2},{"data":8000006,"x":0,"y":15,"loot_multiply_ver":2},{"data":8000006,"x":0,"y":18,"loot_multiply_ver":2},{"data":8000000,"x":29,"y":0,"loot_multiply_ver":2},{"data":8000007,"x":27,"y":42,"loot_multiply_ver":2},{"data":8000000,"x":1,"y":29,"loot_multiply_ver":2},{"data":8000004,"x":26,"y":0,"loot_multiply_ver":2},{"data":8000004,"x":17,"y":0,"loot_multiply_ver":2},{"data":8000010,"x":0,"y":32,"loot_multiply_ver":2},{"data":8000008,"x":30,"y":42,"loot_multiply_ver":2},{"data":8000004,"x":41,"y":9,"loot_multiply_ver":2},{"data":8000007,"x":35,"y":1,"loot_multiply_ver":2},{"data":8000007,"x":6,"y":35,"loot_multiply_ver":2},{"data":8000030,"x":11,"y":0,"loot_multiply_ver":1},{"data":8000009,"x":39,"y":18,"loot_multiply_ver":1},{"data":8000009,"x":36,"y":17,"loot_multiply_ver":1},{"data":8000009,"x":36,"y":16,"loot_multiply_ver":1},{"data":8000009,"x":36,"y":21,"loot_multiply_ver":1},{"data":8000009,"x":36,"y":31,"loot_multiply_ver":1},{"data":8000009,"x":37,"y":31,"loot_multiply_ver":1},{"data":8000009,"x":37,"y":17,"loot_multiply_ver":1},{"data":8000009,"x":38,"y":17,"loot_multiply_ver":1},{"data":8000009,"x":34,"y":28,"loot_multiply_ver":1},{"data":8000009,"x":34,"y":27,"loot_multiply_ver":1},{"data":8000009,"x":33,"y":15,"loot_multiply_ver":1},{"data":8000009,"x":34,"y":15,"loot_multiply_ver":1},{"data":8000023,"x":32,"y":16,"loot_multiply_ver":1},{"data":8000009,"x":27,"y":34,"loot_multiply_ver":1},{"data":8000023,"x":32,"y":15,"loot_multiply_ver":1},{"data":8000009,"x":34,"y":10,"loot_multiply_ver":1},{"data":8000009,"x":35,"y":9,"loot_multiply_ver":1},{"data":8000009,"x":28,"y":7,"loot_multiply_ver":1},{"data":8000009,"x":28,"y":8,"loot_multiply_ver":1},{"data":8000009,"x":25,"y":41,"loot_multiply_ver":1},{"data":8000009,"x":2,"y":8,"loot_multiply_ver":1},{"data":8000009,"x":2,"y":9,"loot_multiply_ver":1},{"data":8000009,"x":9,"y":3,"loot_multiply_ver":1}],"traps":[{"data":12000000,"lvl":5,"x":39,"y":21},{"data":12000000,"lvl":5,"x":36,"y":30},{"data":12000000,"lvl":5,"x":37,"y":21},{"data":12000000,"lvl":5,"x":38,"y":21},{"data":12000000,"lvl":5,"x":37,"y":30},{"data":12000000,"lvl":5,"x":38,"y":30},{"data":12000002,"lvl":3,"x":19,"y":11},{"data":12000002,"lvl":3,"x":32,"y":27},{"data":12000002,"lvl":3,"x":27,"y":32},{"data":12000002,"lvl":3,"x":11,"y":18},{"data":12000006,"lvl":2,"x":21,"y":28},{"data":12000006,"lvl":2,"x":18,"y":28},{"data":12000006,"lvl":2,"x":28,"y":21},{"data":12000006,"lvl":2,"x":30,"y":20},{"data":12000006,"lvl":2,"x":28,"y":18},{"data":12000001,"lvl":0,"x":35,"y":10},{"data":12000001,"lvl":0,"x":35,"y":36},{"data":12000001,"lvl":0,"x":27,"y":2},{"data":12000001,"lvl":0,"x":19,"y":6},{"data":12000001,"lvl":0,"x":2,"y":27},{"data":12000001,"lvl":0,"x":36,"y":35},{"data":12000005,"lvl":3,"x":30,"y":19},{"data":12000005,"lvl":3,"x":18,"y":29},{"data":12000005,"lvl":3,"x":29,"y":18},{"data":12000005,"lvl":3,"x":29,"y":21},{"data":12000005,"lvl":3,"x":21,"y":29},{"data":12000002,"lvl":3,"x":36,"y":25}],"decos":[{"data":18000010,"x":37,"y":6},{"data":18000000,"x":40,"y":40},{"data":18000001,"x":35,"y":5},{"data":18000001,"x":5,"y":39},{"data":18000001,"x":2,"y":34},{"data":18000001,"x":2,"y":38}],"respawnVars":{"secondsFromLastRespawn":22503,"respawnSeed":-1838431623,"obstacleClearCounter":12,"time_to_gembox_drop":299946,"time_in_gembox_period":378000},"cooldowns":[{"cooldown":244308,"target":20000001},{"cooldown":201009,"target":20000000}],"newShopBuildings":[4,0,7,4,7,4,4,1,6,7,250,4,4,3,1,5,0,0,0,4,1,3,1,3,1,1,2,2],"newShopTraps":[6,6,5,0,0,5,5,0],"newShopDecos":[1,4,0,1,1,4,4,1,1,1,1,1,1,1,1,1,1,1,1,1,1,1,1,1,1,1,1,1,1,1,1,1,1,1,1,1,1],"last_league_rank":16,"last_league_shuffle":1,"last_news_seen":81,"edit_mode_shown":true,"war_tutorials_seen":0,"war_base":false}