{"buildings":[{"data":1000001,"lvl":9,"x":20,"y":20,"l1x":20,"l1y":20},{"data":1000004,"lvl":10,"x":37,"y":12,"res_time":170003,"l1x":37,"l1y":12},{"data":1000000,"lvl":7,"x":36,"y":15,"units":[[4000001,2],[4000013,2]],"storage_type":0,"l1x":36,"l1y":15},{"data":1000015,"lvl":0,"x":27,"y":38,"l1x":27,"l1y":38},{"data":1000014,"lvl":5,"x":25,"y":25,"l1x":25,"l1y":25},{"data":1000008,"lvl":11,"x":27,"y":12,"l1x":27,"l1y":12},{"data":1000015,"lvl":0,"x":15,"y":5,"l1x":15,"l1y":5},{"data":1000002,"lvl":10,"x":32,"y":7,"res_time":170003,"l1x":32,"l1y":7},{"data":1000003,"lvl":10,"x":21,"y":8,"l1x":18,"l1y":8},{"data":1000005,"lvl":10,"x":35,"y":24,"l1x":35,"l1y":24},{"data":1000006,"lvl":9,"x":21,"y":5,"unit_prod":{"unit_type":0},"l1x":21,"l1y":5},{"data":1000006,"lvl":9,"x":5,"y":21,"unit_prod":{"unit_type":0},"l1x":5,"l1y":21},{"data":1000010,"lvl":9,"x":6,"y":24,"l1x":6,"l1y":24},{"data":1000010,"lvl":9,"x":5,"y":24,"l1x":5,"l1y":24},{"data":1000010,"lvl":9,"x":4,"y":24,"l1x":4,"l1y":24},{"data":1000010,"lvl":9,"x":4,"y":23,"l1x":4,"l1y":23},{"data":1000010,"lvl":9,"x":4,"y":22,"l1x":4,"l1y":22},{"data":1000010,"lvl":9,"x":4,"y":21,"l1x":4,"l1y":21},{"data":1000010,"lvl":9,"x":4,"y":20,"l1x":4,"l1y":20},{"data":1000010,"lvl":9,"x":5,"y":20,"l1x":5,"l1y":20},{"data":1000010,"lvl":9,"x":6,"y":20,"l1x":6,"l1y":20},{"data":1000010,"lvl":9,"x":7,"y":20,"l1x":7,"l1y":20},{"data":1000010,"lvl":9,"x":7,"y":19,"l1x":7,"l1y":19},{"data":1000009,"lvl":11,"x":25,"y":8,"l1x":21,"l1y":8},{"data":1000002,"lvl":10,"x":4,"y":28,"res_time":170007,"l1x":4,"l1y":28},{"data":1000008,"lvl":11,"x":12,"y":27,"l1x":12,"l1y":27},{"data":1000004,"lvl":10,"x":25,"y":4,"res_time":170004,"l1x":25,"l1y":4},{"data":1000002,"lvl":10,"x":28,"y":4,"res_time":170004,"l1x":28,"l1y":4},{"data":1000000,"lvl":7,"x":32,"y":10,"units":[[4000009,1],[4000011,2],[4000006,4],[4000001,1]],"storage_type":0,"l1x":32,"l1y":10},{"data":1000005,"lvl":10,"x":35,"y":32,"l1x":35,"l1y":32},{"data":1000003,"lvl":10,"x":8,"y":21,"l1x":8,"l1y":18},{"data":1000004,"lvl":10,"x":17,"y":4,"res_time":170005,"l1x":17,"l1y":4},{"data":1000002,"lvl":10,"x":35,"y":28,"res_time":170008,"l1x":35,"l1y":28},{"data":1000013,"lvl":7,"x":21,"y":17,"l1x":21,"l1y":17},{"data":1000012,"lvl":6,"x":21,"y":13,"l1x":21,"l1y":13},{"data":1000007,"lvl":7,"x":6,"y":6,"unit_upg":{"unit_type":0,"t":474659,"id":4000010},"l1x":6,"l1y":6},{"data":1000015,"lvl":0,"x":5,"y":15,"l1x":5,"l1y":15},{"data":1000015,"lvl":0,"x":19,"y":14,"l1x":19,"l1y":14},{"data":1000015,"lvl":0,"x":14,"y":19,"l1x":14,"l1y":19},{"data":1000004,"lvl":10,"x":11,"y":7,"res_time":170005,"l1x":11,"l1y":7},{"data":1000010,"lvl":9,"x":20,"y":5,"l1x":20,"l1y":5},{"data":1000010,"lvl":8,"x":20,"y":19,"l1x":20,"l1y":19},{"data":1000010,"lvl":9,"x":20,"y":6,"l1x":20,"l1y":6},{"data":1000010,"lvl":9,"x":20,"y":7,"l1x":20,"l1y":7},{"data":1000010,"lvl":9,"x":19,"y":7,"l1x":19,"l1y":7},{"data":1000010,"lvl":9,"x":18,"y":7,"l1x":18,"l1y":7},{"data":1000010,"lvl":9,"x":17,"y":7,"l1x":17,"l1y":7},{"data":1000010,"lvl":9,"x":7,"y":18,"l1x":7,"l1y":18},{"data":1000010,"lvl":8,"x":20,"y":18,"l1x":20,"l1y":18},{"data":1000010,"lvl":8,"x":20,"y":17,"l1x":20,"l1y":17},{"data":1000010,"lvl":9,"x":7,"y":17,"l1x":7,"l1y":17},{"data":1000010,"lvl":9,"x":7,"y":16,"l1x":7,"l1y":16},{"data":1000010,"lvl":9,"x":7,"y":15,"l1x":7,"l1y":15},{"data":1000010,"lvl":9,"x":15,"y":7,"l1x":15,"l1y":7},{"data":1000010,"lvl":9,"x":14,"y":7,"l1x":14,"l1y":7},{"data":1000010,"lvl":9,"x":14,"y":8,"l1x":14,"l1y":8},{"data":1000010,"lvl":9,"x":14,"y":9,"l1x":14,"l1y":9},{"data":1000010,"lvl":9,"x":16,"y":7,"l1x":16,"l1y":7},{"data":1000010,"lvl":9,"x":7,"y":14,"l1x":7,"l1y":14},{"data":1000010,"lvl":9,"x":8,"y":14,"l1x":8,"l1y":14},{"data":1000010,"lvl":9,"x":9,"y":14,"l1x":9,"l1y":14},{"data":1000010,"lvl":9,"x":20,"y":16,"l1x":20,"l1y":16},{"data":1000010,"lvl":9,"x":14,"y":10,"l1x":14,"l1y":10},{"data":1000010,"lvl":9,"x":13,"y":10,"l1x":13,"l1y":10},{"data":1000010,"lvl":9,"x":12,"y":10,"l1x":12,"l1y":10},{"data":1000010,"lvl":9,"x":11,"y":10,"l1x":11,"l1y":10},{"data":1000010,"lvl":9,"x":21,"y":16,"l1x":21,"l1y":16},{"data":1000010,"lvl":9,"x":10,"y":10,"l1x":10,"l1y":10},{"data":1000010,"lvl":9,"x":10,"y":11,"l1x":10,"l1y":11},{"data":1000010,"lvl":9,"x":22,"y":16,"l1x":22,"l1y":16},{"data":1000010,"lvl":9,"x":10,"y":12,"l1x":10,"l1y":12},{"data":1000010,"lvl":9,"x":10,"y":13,"l1x":10,"l1y":13},{"data":1000010,"lvl":9,"x":10,"y":14,"l1x":10,"l1y":14},{"data":1000010,"lvl":9,"x":23,"y":16,"l1x":23,"l1y":16},{"data":1000010,"lvl":9,"x":17,"y":11,"l1x":17,"l1y":11},{"data":1000010,"lvl":9,"x":16,"y":11,"l1x":16,"l1y":11},{"data":1000010,"lvl":9,"x":24,"y":16,"l1x":24,"l1y":16},{"data":1000010,"lvl":8,"x":19,"y":20,"l1x":19,"l1y":20},{"data":1000010,"lvl":9,"x":15,"y":11,"l1x":15,"l1y":11},{"data":1000010,"lvl":9,"x":14,"y":11,"l1x":14,"l1y":11},{"data":1000010,"lvl":9,"x":14,"y":12,"l1x":14,"l1y":12},{"data":1000010,"lvl":9,"x":14,"y":13,"l1x":14,"l1y":13},{"data":1000010,"lvl":8,"x":18,"y":20,"l1x":18,"l1y":20},{"data":1000010,"lvl":8,"x":17,"y":20,"l1x":17,"l1y":20},{"data":1000010,"lvl":9,"x":16,"y":20,"l1x":16,"l1y":20},{"data":1000010,"lvl":9,"x":14,"y":14,"l1x":14,"l1y":14},{"data":1000010,"lvl":9,"x":13,"y":14,"l1x":13,"l1y":14},{"data":1000010,"lvl":9,"x":12,"y":14,"l1x":12,"l1y":14},{"data":1000010,"lvl":9,"x":11,"y":14,"l1x":11,"l1y":14},{"data":1000010,"lvl":9,"x":11,"y":15,"l1x":11,"l1y":15},{"data":1000010,"lvl":9,"x":11,"y":16,"l1x":11,"l1y":16},{"data":1000010,"lvl":9,"x":19,"y":11,"l1x":19,"l1y":11},{"data":1000010,"lvl":9,"x":20,"y":11,"l1x":20,"l1y":11},{"data":1000010,"lvl":9,"x":21,"y":11,"l1x":21,"l1y":11},{"data":1000010,"lvl":9,"x":22,"y":11,"l1x":22,"l1y":11},{"data":1000010,"lvl":9,"x":23,"y":11,"l1x":23,"l1y":11},{"data":1000010,"lvl":9,"x":24,"y":11,"l1x":24,"l1y":11},{"data":1000010,"lvl":9,"x":25,"y":11,"l1x":25,"l1y":11},{"data":1000010,"lvl":9,"x":26,"y":11,"l1x":26,"l1y":11},{"data":1000010,"lvl":9,"x":27,"y":11,"l1x":27,"l1y":11},{"data":1000010,"lvl":9,"x":28,"y":11,"l1x":28,"l1y":11},{"data":1000010,"lvl":9,"x":16,"y":21,"l1x":16,"l1y":21},{"data":1000010,"lvl":9,"x":29,"y":11,"l1x":29,"l1y":11},{"data":1000010,"lvl":9,"x":30,"y":11,"l1x":30,"l1y":11},{"data":1000008,"lvl":11,"x":31,"y":19,"l1x":31,"l1y":19},{"data":1000010,"lvl":9,"x":31,"y":11,"l1x":31,"l1y":11},{"data":1000010,"lvl":9,"x":31,"y":12,"l1x":31,"l1y":12},{"data":1000010,"lvl":9,"x":31,"y":13,"l1x":31,"l1y":13},{"data":1000010,"lvl":9,"x":31,"y":14,"l1x":31,"l1y":14},{"data":1000010,"lvl":9,"x":31,"y":15,"l1x":31,"l1y":15},{"data":1000010,"lvl":9,"x":32,"y":15,"l1x":32,"l1y":15},{"data":1000010,"lvl":9,"x":33,"y":15,"l1x":33,"l1y":15},{"data":1000010,"lvl":9,"x":34,"y":15,"l1x":34,"l1y":15},{"data":1000010,"lvl":9,"x":35,"y":15,"l1x":35,"l1y":15},{"data":1000010,"lvl":9,"x":11,"y":17,"l1x":11,"l1y":17},{"data":1000010,"lvl":9,"x":18,"y":11,"l1x":18,"l1y":11},{"data":1000010,"lvl":9,"x":18,"y":12,"l1x":18,"l1y":12},{"data":1000010,"lvl":9,"x":18,"y":13,"l1x":18,"l1y":13},{"data":1000002,"lvl":10,"x":28,"y":35,"res_time":170008,"l1x":28,"l1y":35},{"data":1000004,"lvl":10,"x":7,"y":11,"res_time":170006,"l1x":7,"l1y":11},{"data":1000009,"lvl":11,"x":8,"y":25,"l1x":8,"l1y":21},{"data":1000011,"lvl":7,"x":29,"y":16,"l1x":29,"l1y":16},{"data":1000010,"lvl":9,"x":18,"y":14,"l1x":18,"l1y":14},{"data":1000010,"lvl":9,"x":18,"y":15,"l1x":18,"l1y":15},{"data":1000010,"lvl":9,"x":17,"y":15,"l1x":17,"l1y":15},{"data":1000010,"lvl":9,"x":16,"y":15,"l1x":16,"l1y":15},{"data":1000010,"lvl":9,"x":15,"y":15,"l1x":15,"l1y":15},{"data":1000010,"lvl":9,"x":15,"y":16,"l1x":15,"l1y":16},{"data":1000010,"lvl":9,"x":15,"y":17,"l1x":15,"l1y":17},{"data":1000010,"lvl":9,"x":15,"y":18,"l1x":15,"l1y":18},{"data":1000010,"lvl":9,"x":14,"y":18,"l1x":14,"l1y":18},{"data":1000010,"lvl":9,"x":13,"y":18,"l1x":13,"l1y":18},{"data":1000010,"lvl":9,"x":12,"y":18,"l1x":12,"l1y":18},{"data":1000010,"lvl":9,"x":11,"y":18,"l1x":11,"l1y":18},{"data":1000009,"lvl":11,"x":11,"y":11,"l1x":11,"l1y":11},{"data":1000006,"lvl":9,"x":15,"y":8,"unit_prod":{"unit_type":0},"l1x":15,"l1y":8},{"data":1000000,"lvl":7,"x":15,"y":36,"units":[[4000001,1],[4000013,1],[4000006,8]],"storage_type":0,"l1x":15,"l1y":36},{"data":1000010,"lvl":9,"x":11,"y":19,"l1x":11,"l1y":19},{"data":1000010,"lvl":9,"x":11,"y":20,"l1x":11,"l1y":20},{"data":1000010,"lvl":9,"x":11,"y":21,"l1x":11,"l1y":21},{"data":1000010,"lvl":9,"x":11,"y":22,"l1x":11,"l1y":22},{"data":1000010,"lvl":9,"x":11,"y":23,"l1x":11,"l1y":23},{"data":1000010,"lvl":9,"x":11,"y":24,"l1x":11,"l1y":24},{"data":1000010,"lvl":9,"x":11,"y":25,"l1x":11,"l1y":25},{"data":1000010,"lvl":9,"x":11,"y":26,"l1x":11,"l1y":26},{"data":1000010,"lvl":9,"x":11,"y":27,"l1x":11,"l1y":27},{"data":1000010,"lvl":9,"x":11,"y":28,"l1x":11,"l1y":28},{"data":1000010,"lvl":9,"x":11,"y":29,"l1x":11,"l1y":29},{"data":1000010,"lvl":9,"x":11,"y":30,"l1x":11,"l1y":30},{"data":1000010,"lvl":9,"x":11,"y":31,"l1x":11,"l1y":31},{"data":1000010,"lvl":9,"x":12,"y":31,"l1x":12,"l1y":31},{"data":1000010,"lvl":9,"x":13,"y":31,"l1x":13,"l1y":31},{"data":1000010,"lvl":9,"x":14,"y":31,"l1x":14,"l1y":31},{"data":1000010,"lvl":9,"x":15,"y":31,"l1x":15,"l1y":31},{"data":1000010,"lvl":9,"x":15,"y":32,"l1x":15,"l1y":32},{"data":1000010,"lvl":9,"x":16,"y":22,"l1x":16,"l1y":22},{"data":1000010,"lvl":9,"x":15,"y":33,"l1x":15,"l1y":33},{"data":1000010,"lvl":9,"x":16,"y":23,"l1x":16,"l1y":23},{"data":1000010,"lvl":9,"x":15,"y":34,"l1x":15,"l1y":34},{"data":1000010,"lvl":9,"x":15,"y":35,"l1x":15,"l1y":35},{"data":1000010,"lvl":9,"x":19,"y":19,"l1x":19,"l1y":19},{"data":1000010,"lvl":9,"x":7,"y":30,"l1x":7,"l1y":30},{"data":1000013,"lvl":7,"x":17,"y":21,"l1x":17,"l1y":21},{"data":1000011,"lvl":7,"x":16,"y":29,"l1x":16,"l1y":29},{"data":1000002,"lvl":10,"x":28,"y":8,"res_time":170004,"l1x":28,"l1y":8},{"data":1000004,"lvl":10,"x":4,"y":17,"res_time":170006,"l1x":4,"l1y":17},{"data":1000005,"lvl":10,"x":32,"y":35,"l1x":32,"l1y":35},{"data":1000000,"lvl":7,"x":10,"y":32,"units":[[4000001,3],[4000004,20],[4000006,5]],"storage_type":0,"l1x":10,"l1y":32},{"data":1000006,"lvl":9,"x":8,"y":15,"unit_prod":{"unit_type":0},"l1x":8,"l1y":15},{"data":1000010,"lvl":9,"x":8,"y":31,"l1x":8,"l1y":31},{"data":1000010,"lvl":9,"x":7,"y":31,"l1x":7,"l1y":31},{"data":1000010,"lvl":9,"x":7,"y":29,"l1x":7,"l1y":29},{"data":1000010,"lvl":9,"x":7,"y":25,"l1x":7,"l1y":25},{"data":1000010,"lvl":9,"x":9,"y":31,"l1x":9,"l1y":31},{"data":1000010,"lvl":9,"x":25,"y":7,"l1x":25,"l1y":7},{"data":1000010,"lvl":9,"x":10,"y":31,"l1x":10,"l1y":31},{"data":1000010,"lvl":9,"x":27,"y":7,"l1x":27,"l1y":7},{"data":1000010,"lvl":9,"x":29,"y":7,"l1x":29,"l1y":7},{"data":1000010,"lvl":9,"x":30,"y":7,"l1x":30,"l1y":7},{"data":1000010,"lvl":9,"x":28,"y":7,"l1x":28,"l1y":7},{"data":1000010,"lvl":9,"x":26,"y":7,"l1x":26,"l1y":7},{"data":1000010,"lvl":9,"x":7,"y":27,"l1x":7,"l1y":27},{"data":1000010,"lvl":9,"x":7,"y":28,"l1x":7,"l1y":28},{"data":1000010,"lvl":9,"x":24,"y":15,"l1x":24,"l1y":15},{"data":1000010,"lvl":9,"x":25,"y":15,"l1x":25,"l1y":15},{"data":1000010,"lvl":9,"x":26,"y":15,"l1x":26,"l1y":15},{"data":1000010,"lvl":9,"x":27,"y":15,"l1x":27,"l1y":15},{"data":1000010,"lvl":9,"x":15,"y":24,"l1x":15,"l1y":24},{"data":1000010,"lvl":9,"x":15,"y":25,"l1x":15,"l1y":25},{"data":1000010,"lvl":9,"x":15,"y":26,"l1x":15,"l1y":26},{"data":1000010,"lvl":9,"x":15,"y":27,"l1x":15,"l1y":27},{"data":1000010,"lvl":9,"x":7,"y":26,"l1x":7,"l1y":26},{"data":1000010,"lvl":9,"x":28,"y":15,"l1x":28,"l1y":15},{"data":1000010,"lvl":9,"x":28,"y":16,"l1x":28,"l1y":16},{"data":1000010,"lvl":9,"x":28,"y":17,"l1x":28,"l1y":17},{"data":1000010,"lvl":9,"x":28,"y":18,"l1x":28,"l1y":18},{"data":1000010,"lvl":9,"x":15,"y":28,"l1x":15,"l1y":28},{"data":1000010,"lvl":9,"x":16,"y":28,"l1x":16,"l1y":28},{"data":1000010,"lvl":9,"x":17,"y":28,"l1x":17,"l1y":28},{"data":1000010,"lvl":9,"x":18,"y":28,"l1x":18,"l1y":28},{"data":1000010,"lvl":9,"x":35,"y":16,"l1x":35,"l1y":16},{"data":1000010,"lvl":9,"x":35,"y":17,"l1x":35,"l1y":17},{"data":1000010,"lvl":9,"x":35,"y":18,"l1x":35,"l1y":18},{"data":1000010,"lvl":9,"x":16,"y":35,"l1x":16,"l1y":35},{"data":1000010,"lvl":9,"x":17,"y":35,"l1x":17,"l1y":35},{"data":1000013,"lvl":7,"x":28,"y":28,"l1x":28,"l1y":28},{"data":1000019,"lvl":7,"x":21,"y":28,"l1x":21,"l1y":28},{"data":1000019,"lvl":7,"x":28,"y":21,"l1x":28,"l1y":21},{"data":1000008,"lvl":11,"x":19,"y":31,"l1x":19,"l1y":31},{"data":1000008,"lvl":11,"x":31,"y":28,"l1x":31,"l1y":28},{"data":1000011,"lvl":7,"x":31,"y":23,"l1x":31,"l1y":23},{"data":1000019,"lvl":7,"x":30,"y":26,"l1x":30,"l1y":26},{"data":1000010,"lvl":9,"x":18,"y":35,"l1x":18,"l1y":35},{"data":1000010,"lvl":9,"x":19,"y":35,"l1x":19,"l1y":35},{"data":1000010,"lvl":9,"x":35,"y":19,"l1x":35,"l1y":19},{"data":1000010,"lvl":9,"x":34,"y":34,"l1x":34,"l1y":34},{"data":1000010,"lvl":9,"x":19,"y":27,"l1x":19,"l1y":27},{"data":1000010,"lvl":9,"x":33,"y":34,"l1x":33,"l1y":34},{"data":1000010,"lvl":9,"x":26,"y":34,"l1x":26,"l1y":34},{"data":1000010,"lvl":9,"x":25,"y":34,"l1x":25,"l1y":34},{"data":1000010,"lvl":9,"x":16,"y":24,"l1x":16,"l1y":24},{"data":1000010,"lvl":9,"x":31,"y":10,"l1x":31,"l1y":10},{"data":1000010,"lvl":9,"x":24,"y":34,"l1x":24,"l1y":34},{"data":1000010,"lvl":9,"x":34,"y":19,"l1x":34,"l1y":19},{"data":1000010,"lvl":9,"x":34,"y":21,"l1x":34,"l1y":21},{"data":1000010,"lvl":9,"x":34,"y":23,"l1x":34,"l1y":23},{"data":1000010,"lvl":9,"x":34,"y":22,"l1x":34,"l1y":22},{"data":1000010,"lvl":9,"x":34,"y":20,"l1x":34,"l1y":20},{"data":1000010,"lvl":9,"x":23,"y":34,"l1x":23,"l1y":34},{"data":1000010,"lvl":9,"x":21,"y":34,"l1x":21,"l1y":34},{"data":1000010,"lvl":9,"x":20,"y":34,"l1x":20,"l1y":34},{"data":1000010,"lvl":9,"x":34,"y":32,"l1x":34,"l1y":32},{"data":1000010,"lvl":9,"x":34,"y":31,"l1x":34,"l1y":31},{"data":1000010,"lvl":9,"x":34,"y":30,"l1x":34,"l1y":30},{"data":1000010,"lvl":9,"x":34,"y":29,"l1x":34,"l1y":29},{"data":1000010,"lvl":9,"x":22,"y":34,"l1x":22,"l1y":34},{"data":1000010,"lvl":9,"x":34,"y":33,"l1x":34,"l1y":33},{"data":1000010,"lvl":9,"x":31,"y":9,"l1x":31,"l1y":9},{"data":1000010,"lvl":9,"x":32,"y":34,"l1x":32,"l1y":34},{"data":1000010,"lvl":9,"x":31,"y":8,"l1x":31,"l1y":8},{"data":1000010,"lvl":9,"x":19,"y":30,"l1x":19,"l1y":30},{"data":1000010,"lvl":9,"x":19,"y":28,"l1x":19,"l1y":28},{"data":1000010,"lvl":9,"x":31,"y":34,"l1x":31,"l1y":34},{"data":1000010,"lvl":9,"x":29,"y":34,"l1x":29,"l1y":34},{"data":1000010,"lvl":9,"x":27,"y":34,"l1x":27,"l1y":34},{"data":1000010,"lvl":9,"x":28,"y":34,"l1x":28,"l1y":34},{"data":1000010,"lvl":9,"x":30,"y":34,"l1x":30,"l1y":34},{"data":1000010,"lvl":9,"x":19,"y":34,"l1x":19,"l1y":34},{"data":1000010,"lvl":9,"x":19,"y":29,"l1x":19,"l1y":29},{"data":1000010,"lvl":9,"x":29,"y":20,"l1x":29,"l1y":20},{"data":1000010,"lvl":9,"x":31,"y":7,"l1x":31,"l1y":7},{"data":1000010,"lvl":8,"x":10,"y":24,"l1x":10,"l1y":24},{"data":1000010,"lvl":8,"x":9,"y":24,"l1x":9,"l1y":24},{"data":1000010,"lvl":8,"x":8,"y":24,"l1x":8,"l1y":24},{"data":1000010,"lvl":8,"x":7,"y":24,"l1x":7,"l1y":24},{"data":1000010,"lvl":8,"x":24,"y":10,"l1x":24,"l1y":10},{"data":1000010,"lvl":9,"x":33,"y":22,"l1x":33,"l1y":22},{"data":1000010,"lvl":9,"x":32,"y":22,"l1x":32,"l1y":22},{"data":1000010,"lvl":9,"x":31,"y":22,"l1x":31,"l1y":22},{"data":1000010,"lvl":8,"x":24,"y":9,"l1x":24,"l1y":9},{"data":1000010,"lvl":8,"x":24,"y":8,"l1x":24,"l1y":8},{"data":1000010,"lvl":9,"x":30,"y":22,"l1x":30,"l1y":22},{"data":1000010,"lvl":8,"x":24,"y":7,"l1x":24,"l1y":7},{"data":1000010,"lvl":8,"x":24,"y":6,"l1x":24,"l1y":6},{"data":1000010,"lvl":10,"x":26,"y":19,"l1x":26,"l1y":19},{"data":1000010,"lvl":8,"x":24,"y":5,"l1x":24,"l1y":5},{"data":1000010,"lvl":10,"x":27,"y":19,"l1x":27,"l1y":19},{"data":1000010,"lvl":9,"x":30,"y":21,"l1x":30,"l1y":21},{"data":1000010,"lvl":9,"x":30,"y":20,"l1x":30,"l1y":20},{"data":1000010,"lvl":9,"x":21,"y":24,"l1x":21,"l1y":24},{"data":1000010,"lvl":9,"x":22,"y":33,"l1x":22,"l1y":33},{"data":1000010,"lvl":9,"x":22,"y":32,"l1x":22,"l1y":32},{"data":1000003,"lvl":10,"x":24,"y":12,"l1x":24,"l1y":12},{"data":1000009,"lvl":11,"x":8,"y":18,"l1x":12,"l1y":15},{"data":1000009,"lvl":11,"x":18,"y":8,"l1x":15,"l1y":12},{"data":1000012,"lvl":6,"x":13,"y":21,"l1x":13,"l1y":21},{"data":1000010,"lvl":9,"x":22,"y":31,"l1x":22,"l1y":31},{"data":1000010,"lvl":8,"x":24,"y":4,"l1x":24,"l1y":4},{"data":1000010,"lvl":9,"x":22,"y":30,"l1x":22,"l1y":30},{"data":1000010,"lvl":9,"x":21,"y":30,"l1x":21,"l1y":30},{"data":1000012,"lvl":7,"x":28,"y":23,"l1x":28,"l1y":23},{"data":1000020,"lvl":4,"x":35,"y":35,"units":[[26000005,2],[26000002,2],[26000000,1]],"storage_type":1,"unit_prod":{"unit_type":1},"l1x":35,"l1y":35},{"data":1000023,"lvl":5,"x":7,"y":32,"res_time":48155,"l1x":7,"l1y":32},{"data":1000024,"lvl":5,"x":31,"y":31,"l1x":31,"l1y":31},{"data":1000022,"lvl":0,"x":22,"y":25,"l1x":22,"l1y":25},{"data":1000026,"lvl":5,"boost_t":2528,"x":35,"y":20,"unit_prod":{"unit_type":0},"l1x":35,"l1y":20},{"data":1000026,"lvl":4,"x":20,"y":35,"unit_prod":{"unit_type":0},"l1x":20,"l1y":35},{"data":1000025,"lvl":0,"x":25,"y":22,"l1x":25,"l1y":22},{"data":1000019,"lvl":7,"x":26,"y":30,"l1x":26,"l1y":30},{"data":1000011,"lvl":7,"x":23,"y":31,"l1x":23,"l1y":31},{"data":1000010,"lvl":9,"x":24,"y":23,"l1x":24,"l1y":23},{"data":1000010,"lvl":9,"x":20,"y":30,"l1x":20,"l1y":30},{"data":1000010,"lvl":9,"x":24,"y":21,"l1x":24,"l1y":21},{"data":1000010,"lvl":9,"x":24,"y":20,"l1x":24,"l1y":20},{"data":1000010,"lvl":9,"x":24,"y":22,"l1x":24,"l1y":22},{"data":1000010,"lvl":9,"x":24,"y":24,"l1x":24,"l1y":24},{"data":1000010,"lvl":8,"x":23,"y":4,"l1x":23,"l1y":4},{"data":1000010,"lvl":9,"x":20,"y":24,"l1x":20,"l1y":24},{"data":1000010,"lvl":9,"x":22,"y":24,"l1x":22,"l1y":24},{"data":1000010,"lvl":9,"x":23,"y":24,"l1x":23,"l1y":24},{"data":1000010,"lvl":9,"x":24,"y":19,"l1x":24,"l1y":19},{"data":1000010,"lvl":9,"x":25,"y":19,"l1x":25,"l1y":19},{"data":1000010,"lvl":9,"x":19,"y":24,"l1x":19,"l1y":24},{"data":1000010,"lvl":8,"x":22,"y":4,"l1x":22,"l1y":4},{"data":1000010,"lvl":8,"x":21,"y":4,"l1x":21,"l1y":4},{"data":1000010,"lvl":9,"x":34,"y":28,"l1x":34,"l1y":28},{"data":1000010,"lvl":9,"x":34,"y":24,"l1x":34,"l1y":24},{"data":1000010,"lvl":8,"x":20,"y":4,"l1x":20,"l1y":4},{"data":1000010,"lvl":9,"x":34,"y":25,"l1x":34,"l1y":25},{"data":1000010,"lvl":9,"x":34,"y":26,"l1x":34,"l1y":26},{"data":1000010,"lvl":9,"x":34,"y":27,"l1x":34,"l1y":27},{"data":1000010,"lvl":9,"x":28,"y":19,"l1x":28,"l1y":19},{"data":1000010,"lvl":9,"x":28,"y":20,"l1x":28,"l1y":20},{"data":1000010,"lvl":9,"x":19,"y":26,"l1x":19,"l1y":26},{"data":1000010,"lvl":9,"x":19,"y":25,"l1x":19,"l1y":25},{"data":1000009,"lvl":11,"x":32,"y":16,"l1x":32,"l1y":16},{"data":1000012,"lvl":7,"x":23,"y":28,"l1x":23,"l1y":28},{"data":1000005,"lvl":10,"x":24,"y":35,"l1x":24,"l1y":35},{"data":1000003,"lvl":10,"x":12,"y":24,"l1x":12,"l1y":24},{"data":1000023,"lvl":5,"x":12,"y":15,"res_time":48155,"l1x":25,"l1y":8},{"data":1000021,"lvl":3,"x":16,"y":16,"attack_mode":true,"attack_mode_war":true,"attack_mode_draft":true,"attack_mode_draft_war":true,"ammo":1500,"l1x":16,"l1y":16},{"data":1000021,"lvl":3,"x":25,"y":16,"attack_mode":true,"attack_mode_war":true,"attack_mode_draft":true,"attack_mode_draft_war":true,"ammo":1500,"l1x":25,"l1y":16},{"data":1000023,"lvl":5,"x":15,"y":12,"res_time":48155,"l1x":8,"l1y":25},{"data":1000004,"lvl":10,"x":4,"y":25,"res_time":170007,"l1x":4,"l1y":25},{"data":1000002,"lvl":10,"x":8,"y":28,"res_time":170006,"l1x":8,"l1y":28},{"data":1000008,"lvl":11,"x":28,"y":31,"l1x":28,"l1y":31},{"data":1000009,"lvl":11,"x":16,"y":32,"l1x":16,"l1y":32},{"data":1000027,"lvl":2,"x":25,"y":20,"attack_mode":true,"attack_mode_war":true,"attack_mode_draft":true,"attack_mode_draft_war":true,"ammo":750,"l1x":25,"l1y":20},{"data":1000027,"lvl":2,"x":20,"y":25,"attack_mode":false,"attack_mode_war":false,"attack_mode_draft":false,"attack_mode_draft_war":false,"ammo":750,"l1x":20,"l1y":25},{"data":1000021,"lvl":3,"x":16,"y":25,"attack_mode":true,"attack_mode_war":false,"attack_mode_draft":true,"attack_mode_draft_war":false,"ammo":1500,"l1x":16,"l1y":25}],"obstacles":[{"data":8000004,"x":42,"y":36,"l1x":-1,"l1y":-1,"loot_multiply_ver":1},{"data":8000007,"x":0,"y":27,"l1x":-1,"l1y":-1,"loot_multiply_ver":1},{"data":8000006,"x":4,"y":0,"l1x":-1,"l1y":-1,"loot_multiply_ver":1},{"data":8000007,"x":27,"y":0,"l1x":-1,"l1y":-1,"loot_multiply_ver":1},{"data":8000007,"x":42,"y":2,"l1x":-1,"l1y":-1,"loot_multiply_ver":1},{"data":8000006,"x":9,"y":0,"l1x":-1,"l1y":-1,"loot_multiply_ver":1},{"data":8000000,"x":2,"y":42,"l1x":-1,"l1y":-1,"loot_multiply_ver":1},{"data":8000004,"x":11,"y":42,"l1x":-1,"l1y":-1,"loot_multiply_ver":1},{"data":8000004,"x":37,"y":42,"l1x":-1,"l1y":-1,"loot_multiply_ver":1},{"data":8000010,"x":30,"y":42,"l1x":-1,"l1y":-1,"loot_multiply_ver":1},{"data":8000008,"x":42,"y":31,"l1x":-1,"l1y":-1,"loot_multiply_ver":1},{"data":8000004,"x":0,"y":16,"l1x":-1,"l1y":-1,"loot_multiply_ver":1},{"data":8000008,"x":42,"y":15,"l1x":-1,"l1y":-1,"loot_multiply_ver":1},{"data":8000010,"x":1,"y":38,"l1x":-1,"l1y":-1,"loot_multiply_ver":1},{"data":8000000,"x":0,"y":31,"l1x":-1,"l1y":-1,"loot_multiply_ver":1},{"data":8000006,"x":36,"y":0,"l1x":-1,"l1y":-1,"loot_multiply_ver":1},{"data":8000010,"x":0,"y":10,"l1x":-1,"l1y":-1,"loot_multiply_ver":1},{"data":8000006,"x":0,"y":5,"l1x":-1,"l1y":-1,"loot_multiply_ver":1},{"data":8000008,"x":7,"y":42,"l1x":-1,"l1y":-1,"loot_multiply_ver":1},{"data":8000004,"x":13,"y":0,"l1x":-1,"l1y":-1,"loot_multiply_ver":1},{"data":8000004,"x":19,"y":0,"l1x":-1,"l1y":-1,"loot_multiply_ver":1},{"data":8000008,"x":0,"y":21,"l1x":-1,"l1y":-1,"loot_multiply_ver":1},{"data":8000008,"x":42,"y":42,"l1x":-1,"l1y":-1,"loot_multiply_ver":1},{"data":8000004,"x":18,"y":42,"l1x":-1,"l1y":-1,"loot_multiply_ver":1},{"data":8000004,"x":42,"y":39,"l1x":-1,"l1y":-1,"loot_multiply_ver":1},{"data":8000004,"x":34,"y":42,"l1x":-1,"l1y":-1,"loot_multiply_ver":2},{"data":8000010,"x":0,"y":34,"l1x":-1,"l1y":-1,"loot_multiply_ver":2},{"data":8000006,"x":32,"y":0,"l1x":-1,"l1y":-1,"loot_multiply_ver":2},{"data":8000000,"x":0,"y":13,"l1x":-1,"l1y":-1,"loot_multiply_ver":2},{"data":8000000,"x":0,"y":24,"l1x":-1,"l1y":-1,"loot_multiply_ver":2},{"data":8000004,"x":5,"y":38,"l1x":-1,"l1y":-1,"loot_multiply_ver":2},{"data":8000008,"x":39,"y":7,"l1x":-1,"l1y":-1,"loot_multiply_ver":2},{"data":8000000,"x":11,"y":39,"l1x":-1,"l1y":-1,"loot_multiply_ver":2},{"data":8000005,"x":36,"y":3,"l1x":-1,"l1y":-1,"loot_multiply_ver":2},{"data":8000010,"x":23,"y":0,"l1x":-1,"l1y":-1,"loot_multiply_ver":2},{"data":8000004,"x":33,"y":3,"l1x":-1,"l1y":-1,"loot_multiply_ver":2},{"data":8000000,"x":36,"y":7,"l1x":-1,"l1y":-1,"loot_multiply_ver":2},{"data":8000007,"x":42,"y":9,"l1x":-1,"l1y":-1,"loot_multiply_ver":2},{"data":8000004,"x":3,"y":34,"l1x":-1,"l1y":-1,"loot_multiply_ver":2},{"data":8000010,"x":8,"y":39,"l1x":-1,"l1y":-1,"loot_multiply_ver":2}],"traps":[{"data":12000006,"lvl":1,"x":24,"y":17,"l1x":39,"l1y":28},{"data":12000005,"lvl":2,"x":17,"y":19,"l1x":3,"l1y":32},{"data":12000005,"lvl":2,"x":19,"y":17,"l1x":31,"l1y":3},{"data":12000006,"lvl":1,"x":24,"y":18,"l1x":39,"l1y":35},{"data":12000006,"lvl":1,"x":18,"y":24,"l1x":34,"l1y":39},{"data":12000001,"lvl":0,"x":6,"y":31,"l1x":33,"l1y":26},{"data":12000001,"lvl":0,"x":27,"y":21,"l1x":27,"l1y":21},{"data":12000002,"lvl":3,"x":38,"y":33,"l1x":27,"l1y":2},{"data":12000006,"lvl":1,"x":17,"y":24,"l1x":29,"l1y":38},{"data":12000001,"lvl":0,"x":14,"y":37,"l1x":32,"l1y":27},{"data":12000001,"lvl":0,"x":36,"y":23,"l1x":29,"l1y":15},{"data":12000002,"lvl":3,"x":38,"y":20,"l1x":19,"l1y":12},{"data":12000002,"lvl":3,"x":37,"y":10,"l1x":12,"l1y":19},{"data":12000000,"lvl":4,"x":10,"y":7,"l1x":10,"l1y":7},{"data":12000000,"lvl":4,"x":7,"y":10,"l1x":7,"l1y":10},{"data":12000000,"lvl":4,"x":8,"y":10,"l1x":8,"l1y":10},{"data":12000000,"lvl":4,"x":9,"y":10,"l1x":9,"l1y":10},{"data":12000000,"lvl":4,"x":10,"y":8,"l1x":10,"l1y":8},{"data":12000000,"lvl":4,"x":10,"y":9,"l1x":10,"l1y":9},{"data":12000005,"lvl":2,"x":18,"y":19,"l1x":38,"l1y":10},{"data":12000005,"lvl":2,"x":20,"y":13,"l1x":40,"l1y":20},{"data":12000005,"lvl":2,"x":13,"y":20,"l1x":39,"l1y":24},{"data":12000006,"lvl":1,"x":19,"y":18,"l1x":23,"l1y":38},{"data":12000001,"lvl":0,"x":38,"y":23,"l1x":29,"l1y":19},{"data":12000001,"lvl":0,"x":31,"y":6,"l1x":31,"l1y":6},{"data":12000002,"lvl":3,"x":28,"y":26,"l1x":28,"l1y":26},{"data":12000002,"lvl":3,"x":26,"y":28,"l1x":26,"l1y":28}],"decos":[{"data":18000001,"x":2,"y":4,"l1x":2,"l1y":4},{"data":18000001,"x":4,"y":2,"l1x":4,"l1y":2},{"data":18000001,"x":2,"y":2,"l1x":2,"l1y":2},{"data":18000001,"x":38,"y":38,"l1x":38,"l1y":38},{"data":18000005,"x":4,"y":6,"l1x":4,"l1y":6},{"data":18000005,"x":6,"y":4,"l1x":6,"l1y":4},{"data":18000005,"x":38,"y":40,"l1x":38,"l1y":40},{"data":18000005,"x":40,"y":38,"l1x":40,"l1y":38},{"data":18000008,"x":36,"y":40,"l1x":36,"l1y":40},{"data":18000007,"x":8,"y":4,"l1x":8,"l1y":4},{"data":18000003,"x":40,"y":40,"l1x":40,"l1y":40},{"data":18000009,"x":40,"y":36,"l1x":40,"l1y":36},{"data":18000006,"x":11,"y":4,"l1x":11,"l1y":4},{"data":18000006,"x":4,"y":12,"l1x":4,"l1y":12},{"data":18000006,"x":4,"y":8,"l1x":4,"l1y":8},{"data":18000006,"x":4,"y":4,"l1x":4,"l1y":4},{"data":18000022,"x":30,"y":40,"l1x":30,"l1y":40},{"data":18000023,"x":24,"y":40,"l1x":24,"l1y":40},{"data":18000024,"x":28,"y":40,"l1x":28,"l1y":40},{"data":18000025,"x":26,"y":40,"l1x":26,"l1y":40},{"data":18000026,"x":22,"y":40,"l1x":22,"l1y":40},{"data":18000027,"x":20,"y":40,"l1x":20,"l1y":40},{"data":18000028,"x":2,"y":14,"l1x":2,"l1y":14},{"data":18000029,"x":14,"y":2,"l1x":14,"l1y":2},{"data":18000030,"x":2,"y":12,"l1x":2,"l1y":12},{"data":18000031,"x":2,"y":6,"l1x":2,"l1y":6},{"data":18000032,"x":2,"y":8,"l1x":2,"l1y":8},{"data":18000034,"x":2,"y":10,"l1x":2,"l1y":10},{"data":18000035,"x":8,"y":2,"l1x":8,"l1y":2},{"data":18000036,"x":10,"y":2,"l1x":10,"l1y":2},{"data":18000011,"x":12,"y":2,"l1x":12,"l1y":2},{"data":18000021,"x":34,"y":40,"l1x":34,"l1y":40},{"data":18000020,"x":40,"y":22,"l1x":40,"l1y":22},{"data":18000019,"x":40,"y":24,"l1x":40,"l1y":24},{"data":18000018,"x":40,"y":26,"l1x":40,"l1y":26},{"data":18000017,"x":40,"y":28,"l1x":40,"l1y":28},{"data":18000016,"x":40,"y":30,"l1x":40,"l1y":30},{"data":18000015,"x":32,"y":40,"l1x":32,"l1y":40},{"data":18000014,"x":40,"y":32,"l1x":40,"l1y":32},{"data":18000013,"x":40,"y":34,"l1x":40,"l1y":34},{"data":18000012,"x":6,"y":2,"l1x":6,"l1y":2}],"respawnVars":{"secondsFromLastRespawn":6076,"respawnSeed":-1805271662,"obstacleClearCounter":18,"time_to_gembox_drop":197066,"time_in_gembox_period":172800},"cooldowns":[{"cooldown":10267032,"target":20000001}],"newShopBuildings":[4,0,7,4,7,4,4,1,6,7,250,4,4,3,1,5,0,0,0,4,1,3,1,3,1,1,2,2],"newShopTraps":[6,6,5,0,0,5,5,0],"newShopDecos":[1,4,0,1,1,4,4,1,1,1,1,1,1,1,1,1,1,1,1,1,1,1,1,1,1,1,1,1,1,1,1,1,1,1,1,1,1],"last_league_rank":16,"last_league_shuffle":1,"last_news_seen":81,"edit_mode_shown":true,"troop_req_msg":"pekka wizard","war_req_msg":"1 witch and archer only","war_tutorials_seen":0,"war_base":true}