{"buildings":[{"data":1000001,"lvl":9,"x":4,"y":35,"l1x":21,"l1y":21},{"data":1000004,"lvl":10,"x":28,"y":38,"res_time":168229,"l1x":3,"l1y":21},{"data":1000000,"lvl":7,"x":2,"y":26,"units":[[4000006,4],[4000013,1],[4000004,6],[4000001,2]],"storage_type":0,"l1x":7,"l1y":31},{"data":1000015,"lvl":0,"x":3,"y":33,"l1x":7,"l1y":24},{"data":1000014,"lvl":5,"x":24,"y":24,"l1x":17,"l1y":17},{"data":1000008,"lvl":11,"x":28,"y":31,"l1x":9,"l1y":20},{"data":1000015,"lvl":0,"x":33,"y":3,"l1x":23,"l1y":7},{"data":1000002,"lvl":10,"x":38,"y":28,"res_time":164170,"l1x":3,"l1y":24},{"data":1000003,"lvl":10,"x":34,"y":25,"l1x":28,"l1y":13},{"data":1000005,"lvl":10,"x":8,"y":16,"l1x":16,"l1y":13},{"data":1000006,"lvl":9,"x":31,"y":22,"unit_prod":{"unit_type":0,"t":0,"slots":[{"id":4000006,"cnt":5},{"id":4000004,"cnt":12}]},"l1x":38,"l1y":22},{"data":1000005,"lvl":10,"x":16,"y":8,"l1x":24,"l1y":33},{"data":1000003,"lvl":10,"x":25,"y":34,"l1x":13,"l1y":28},{"data":1000002,"lvl":10,"x":4,"y":21,"res_time":168206,"l1x":3,"l1y":16},{"data":1000004,"lvl":10,"x":33,"y":38,"res_time":164737,"l1x":26,"l1y":3},{"data":1000004,"lvl":10,"x":38,"y":33,"res_time":168192,"l1x":22,"l1y":3},{"data":1000006,"lvl":9,"x":22,"y":31,"unit_prod":{"unit_type":0,"t":0,"slots":[{"id":4000006,"cnt":5},{"id":4000004,"cnt":3}]},"l1x":32,"l1y":38},{"data":1000008,"lvl":11,"x":31,"y":28,"l1x":20,"l1y":9},{"data":1000009,"lvl":12,"x":31,"y":16,"l1x":26,"l1y":9},{"data":1000010,"lvl":10,"x":14,"y":34,"l1x":11,"l1y":29},{"data":1000010,"lvl":10,"x":13,"y":34,"l1x":10,"l1y":29},{"data":1000010,"lvl":10,"x":12,"y":34,"l1x":9,"l1y":29},{"data":1000010,"lvl":10,"x":11,"y":34,"l1x":8,"l1y":29},{"data":1000010,"lvl":10,"x":11,"y":33,"l1x":7,"l1y":29},{"data":1000010,"lvl":10,"x":11,"y":32,"l1x":6,"l1y":29},{"data":1000010,"lvl":10,"x":11,"y":31,"l1x":6,"l1y":28},{"data":1000010,"lvl":10,"x":34,"y":14,"l1x":6,"l1y":27},{"data":1000010,"lvl":10,"x":34,"y":13,"l1x":29,"l1y":6},{"data":1000010,"lvl":10,"x":34,"y":12,"l1x":29,"l1y":7},{"data":1000002,"lvl":10,"x":21,"y":4,"res_time":164733,"l1x":32,"l1y":12},{"data":1000010,"lvl":10,"x":34,"y":11,"l1x":29,"l1y":8},{"data":1000010,"lvl":10,"x":33,"y":11,"l1x":29,"l1y":9},{"data":1000010,"lvl":10,"x":32,"y":11,"l1x":29,"l1y":10},{"data":1000010,"lvl":10,"x":31,"y":11,"l1x":29,"l1y":11},{"data":1000010,"lvl":10,"x":15,"y":20,"l1x":6,"l1y":26},{"data":1000010,"lvl":10,"x":15,"y":36,"l1x":6,"l1y":25},{"data":1000010,"lvl":10,"x":9,"y":41,"l1x":6,"l1y":24},{"data":1000010,"lvl":10,"x":10,"y":41,"l1x":6,"l1y":23},{"data":1000010,"lvl":10,"x":11,"y":41,"l1x":6,"l1y":22},{"data":1000010,"lvl":10,"x":12,"y":41,"l1x":6,"l1y":21},{"data":1000010,"lvl":10,"x":13,"y":41,"l1x":6,"l1y":20},{"data":1000010,"lvl":10,"x":14,"y":41,"l1x":6,"l1y":19},{"data":1000010,"lvl":10,"x":15,"y":41,"l1x":6,"l1y":18},{"data":1000010,"lvl":10,"x":16,"y":41,"l1x":6,"l1y":17},{"data":1000010,"lvl":10,"x":17,"y":41,"l1x":6,"l1y":16},{"data":1000010,"lvl":10,"x":18,"y":41,"l1x":28,"l1y":6},{"data":1000010,"lvl":10,"x":19,"y":41,"l1x":27,"l1y":6},{"data":1000010,"lvl":10,"x":20,"y":41,"l1x":26,"l1y":6},{"data":1000010,"lvl":10,"x":21,"y":41,"l1x":25,"l1y":6},{"data":1000010,"lvl":10,"x":22,"y":41,"l1x":24,"l1y":6},{"data":1000013,"lvl":7,"x":8,"y":27,"l1x":30,"l1y":30},{"data":1000010,"lvl":10,"x":23,"y":41,"l1x":23,"l1y":6},{"data":1000010,"lvl":10,"x":24,"y":41,"l1x":22,"l1y":6},{"data":1000010,"lvl":10,"x":25,"y":41,"l1x":21,"l1y":6},{"data":1000010,"lvl":10,"x":26,"y":41,"l1x":20,"l1y":6},{"data":1000010,"lvl":10,"x":27,"y":41,"l1x":19,"l1y":6},{"data":1000010,"lvl":10,"x":28,"y":41,"l1x":18,"l1y":6},{"data":1000010,"lvl":10,"x":29,"y":41,"l1x":17,"l1y":6},{"data":1000010,"lvl":10,"x":30,"y":41,"l1x":16,"l1y":6},{"data":1000010,"lvl":10,"x":41,"y":11,"l1x":2,"l1y":15},{"data":1000000,"lvl":7,"x":26,"y":2,"units":[[4000010,1],[4000006,4],[4000013,1],[4000015,1]],"storage_type":0,"l1x":31,"l1y":7},{"data":1000010,"lvl":10,"x":41,"y":12,"l1x":3,"l1y":15},{"data":1000010,"lvl":10,"x":41,"y":13,"l1x":4,"l1y":15},{"data":1000010,"lvl":10,"x":41,"y":14,"l1x":5,"l1y":15},{"data":1000010,"lvl":10,"x":41,"y":15,"l1x":6,"l1y":15},{"data":1000010,"lvl":10,"x":41,"y":16,"l1x":7,"l1y":15},{"data":1000010,"lvl":10,"x":41,"y":17,"l1x":8,"l1y":15},{"data":1000010,"lvl":10,"x":41,"y":18,"l1x":9,"l1y":15},{"data":1000010,"lvl":10,"x":41,"y":19,"l1x":10,"l1y":15},{"data":1000010,"lvl":10,"x":41,"y":20,"l1x":11,"l1y":15},{"data":1000010,"lvl":10,"x":41,"y":21,"l1x":15,"l1y":2},{"data":1000010,"lvl":10,"x":41,"y":22,"l1x":15,"l1y":3},{"data":1000015,"lvl":0,"x":24,"y":39,"l1x":7,"l1y":19},{"data":1000007,"lvl":7,"x":3,"y":3,"l1x":37,"l1y":37},{"data":1000009,"lvl":12,"x":16,"y":31,"l1x":9,"l1y":16},{"data":1000002,"lvl":10,"x":22,"y":34,"res_time":168229,"l1x":12,"l1y":32},{"data":1000004,"lvl":10,"x":4,"y":16,"res_time":168206,"l1x":17,"l1y":3},{"data":1000015,"lvl":0,"x":39,"y":24,"l1x":18,"l1y":7},{"data":1000012,"lvl":7,"x":14,"y":25,"l1x":13,"l1y":19},{"data":1000006,"lvl":9,"x":34,"y":29,"unit_prod":{"unit_type":0,"t":0,"slots":[{"id":4000006,"cnt":5},{"id":4000004,"cnt":3}]},"l1x":38,"l1y":27},{"data":1000010,"lvl":10,"x":41,"y":23,"l1x":15,"l1y":4},{"data":1000010,"lvl":10,"x":41,"y":24,"l1x":15,"l1y":5},{"data":1000010,"lvl":10,"x":41,"y":25,"l1x":15,"l1y":6},{"data":1000010,"lvl":10,"x":41,"y":26,"l1x":15,"l1y":7},{"data":1000010,"lvl":10,"x":41,"y":27,"l1x":15,"l1y":8},{"data":1000010,"lvl":10,"x":41,"y":28,"l1x":15,"l1y":9},{"data":1000010,"lvl":10,"x":41,"y":29,"l1x":15,"l1y":10},{"data":1000010,"lvl":10,"x":41,"y":30,"l1x":15,"l1y":11},{"data":1000010,"lvl":10,"x":41,"y":31,"l1x":31,"l1y":15},{"data":1000010,"lvl":10,"x":41,"y":32,"l1x":31,"l1y":14},{"data":1000010,"lvl":10,"x":36,"y":15,"l1x":31,"l1y":13},{"data":1000010,"lvl":10,"x":15,"y":35,"l1x":31,"l1y":12},{"data":1000010,"lvl":10,"x":15,"y":34,"l1x":30,"l1y":12},{"data":1000010,"lvl":10,"x":15,"y":33,"l1x":29,"l1y":12},{"data":1000010,"lvl":10,"x":15,"y":32,"l1x":28,"l1y":12},{"data":1000010,"lvl":10,"x":15,"y":31,"l1x":27,"l1y":12},{"data":1000010,"lvl":10,"x":41,"y":33,"l1x":26,"l1y":12},{"data":1000010,"lvl":10,"x":35,"y":15,"l1x":25,"l1y":12},{"data":1000010,"lvl":10,"x":34,"y":15,"l1x":24,"l1y":12},{"data":1000010,"lvl":10,"x":33,"y":15,"l1x":23,"l1y":12},{"data":1000010,"lvl":10,"x":32,"y":15,"l1x":22,"l1y":12},{"data":1000010,"lvl":10,"x":31,"y":15,"l1x":21,"l1y":12},{"data":1000010,"lvl":10,"x":28,"y":22,"l1x":20,"l1y":12},{"data":1000010,"lvl":10,"x":28,"y":21,"l1x":19,"l1y":12},{"data":1000010,"lvl":10,"x":28,"y":20,"l1x":18,"l1y":12},{"data":1000015,"lvl":0,"x":32,"y":35,"l1x":10,"l1y":8},{"data":1000004,"lvl":10,"x":16,"y":4,"res_time":164733,"l1x":12,"l1y":7},{"data":1000000,"lvl":7,"x":2,"y":9,"units":[[4000001,2],[4000006,5],[4000004,4],[4000013,1]],"storage_type":0,"l1x":15,"l1y":34},{"data":1000010,"lvl":10,"x":28,"y":19,"l1x":17,"l1y":12},{"data":1000010,"lvl":10,"x":28,"y":18,"l1x":16,"l1y":12},{"data":1000010,"lvl":10,"x":28,"y":17,"l1x":15,"l1y":12},{"data":1000010,"lvl":10,"x":28,"y":16,"l1x":14,"l1y":12},{"data":1000010,"lvl":10,"x":28,"y":15,"l1x":13,"l1y":12},{"data":1000010,"lvl":10,"x":29,"y":15,"l1x":13,"l1y":13},{"data":1000010,"lvl":10,"x":22,"y":28,"l1x":12,"l1y":13},{"data":1000010,"lvl":10,"x":21,"y":28,"l1x":12,"l1y":14},{"data":1000010,"lvl":10,"x":20,"y":28,"l1x":12,"l1y":15},{"data":1000010,"lvl":10,"x":19,"y":28,"l1x":12,"l1y":16},{"data":1000010,"lvl":10,"x":18,"y":28,"l1x":12,"l1y":17},{"data":1000010,"lvl":10,"x":17,"y":28,"l1x":12,"l1y":18},{"data":1000010,"lvl":10,"x":16,"y":28,"l1x":12,"l1y":19},{"data":1000010,"lvl":10,"x":15,"y":28,"l1x":12,"l1y":20},{"data":1000010,"lvl":10,"x":15,"y":29,"l1x":12,"l1y":21},{"data":1000010,"lvl":10,"x":7,"y":8,"l1x":12,"l1y":22},{"data":1000010,"lvl":10,"x":7,"y":7,"l1x":12,"l1y":23},{"data":1000010,"lvl":10,"x":8,"y":30,"l1x":12,"l1y":24},{"data":1000010,"lvl":10,"x":9,"y":30,"l1x":12,"l1y":25},{"data":1000010,"lvl":10,"x":10,"y":30,"l1x":12,"l1y":26},{"data":1000010,"lvl":10,"x":11,"y":30,"l1x":12,"l1y":27},{"data":1000010,"lvl":10,"x":12,"y":30,"l1x":12,"l1y":28},{"data":1000010,"lvl":10,"x":13,"y":30,"l1x":12,"l1y":29},{"data":1000010,"lvl":10,"x":14,"y":30,"l1x":12,"l1y":30},{"data":1000010,"lvl":10,"x":15,"y":30,"l1x":12,"l1y":31},{"data":1000008,"lvl":11,"x":8,"y":21,"l1x":21,"l1y":33},{"data":1000009,"lvl":12,"x":34,"y":34,"l1x":9,"l1y":26},{"data":1000011,"lvl":7,"x":31,"y":25,"l1x":9,"l1y":23},{"data":1000020,"lvl":4,"x":38,"y":38,"units":[[26000000,1],[26000005,1],[26000002,3]],"storage_type":1,"unit_prod":{"unit_type":1},"l1x":28,"l1y":38},{"data":1000002,"lvl":10,"x":34,"y":22,"res_time":168195,"l1x":12,"l1y":4},{"data":1000002,"lvl":10,"x":34,"y":19,"res_time":168195,"l1x":7,"l1y":9},{"data":1000004,"lvl":10,"x":34,"y":16,"res_time":168196,"l1x":7,"l1y":12},{"data":1000011,"lvl":7,"x":25,"y":31,"l1x":23,"l1y":9},{"data":1000010,"lvl":10,"x":16,"y":30,"l1x":13,"l1y":31},{"data":1000010,"lvl":10,"x":17,"y":30,"l1x":14,"l1y":31},{"data":1000010,"lvl":10,"x":18,"y":30,"l1x":15,"l1y":31},{"data":1000010,"lvl":10,"x":19,"y":30,"l1x":36,"l1y":20},{"data":1000010,"lvl":10,"x":20,"y":30,"l1x":35,"l1y":20},{"data":1000010,"lvl":10,"x":21,"y":30,"l1x":34,"l1y":20},{"data":1000010,"lvl":10,"x":22,"y":30,"l1x":33,"l1y":20},{"data":1000010,"lvl":10,"x":23,"y":30,"l1x":20,"l1y":33},{"data":1000010,"lvl":10,"x":24,"y":30,"l1x":20,"l1y":34},{"data":1000010,"lvl":10,"x":25,"y":30,"l1x":20,"l1y":35},{"data":1000010,"lvl":10,"x":26,"y":30,"l1x":20,"l1y":36},{"data":1000010,"lvl":10,"x":27,"y":30,"l1x":21,"l1y":36},{"data":1000010,"lvl":10,"x":28,"y":30,"l1x":22,"l1y":36},{"data":1000010,"lvl":10,"x":29,"y":30,"l1x":23,"l1y":36},{"data":1000010,"lvl":10,"x":30,"y":30,"l1x":24,"l1y":36},{"data":1000010,"lvl":10,"x":30,"y":29,"l1x":25,"l1y":36},{"data":1000010,"lvl":10,"x":30,"y":28,"l1x":26,"l1y":36},{"data":1000010,"lvl":10,"x":30,"y":27,"l1x":27,"l1y":36},{"data":1000010,"lvl":10,"x":30,"y":26,"l1x":28,"l1y":36},{"data":1000010,"lvl":10,"x":30,"y":25,"l1x":29,"l1y":36},{"data":1000010,"lvl":10,"x":30,"y":24,"l1x":30,"l1y":36},{"data":1000010,"lvl":10,"x":30,"y":23,"l1x":31,"l1y":36},{"data":1000010,"lvl":10,"x":30,"y":22,"l1x":32,"l1y":36},{"data":1000010,"lvl":10,"x":30,"y":21,"l1x":33,"l1y":36},{"data":1000010,"lvl":10,"x":30,"y":20,"l1x":34,"l1y":36},{"data":1000013,"lvl":7,"x":27,"y":8,"l1x":21,"l1y":17},{"data":1000006,"lvl":9,"x":29,"y":34,"unit_prod":{"unit_type":0,"t":0,"slots":[{"id":4000006,"cnt":4},{"id":4000004,"cnt":3}]},"l1x":38,"l1y":32},{"data":1000000,"lvl":7,"x":9,"y":2,"units":[[4000010,1],[4000006,6],[4000004,11],[4000015,1]],"storage_type":0,"l1x":34,"l1y":15},{"data":1000010,"lvl":10,"x":30,"y":19,"l1x":35,"l1y":36},{"data":1000010,"lvl":10,"x":30,"y":18,"l1x":36,"l1y":21},{"data":1000010,"lvl":10,"x":30,"y":17,"l1x":36,"l1y":22},{"data":1000010,"lvl":10,"x":30,"y":16,"l1x":36,"l1y":23},{"data":1000010,"lvl":10,"x":30,"y":15,"l1x":36,"l1y":24},{"data":1000010,"lvl":10,"x":30,"y":14,"l1x":36,"l1y":25},{"data":1000010,"lvl":10,"x":30,"y":13,"l1x":36,"l1y":26},{"data":1000010,"lvl":10,"x":30,"y":12,"l1x":36,"l1y":27},{"data":1000010,"lvl":10,"x":30,"y":11,"l1x":36,"l1y":28},{"data":1000010,"lvl":10,"x":30,"y":10,"l1x":36,"l1y":29},{"data":1000010,"lvl":10,"x":30,"y":9,"l1x":36,"l1y":30},{"data":1000010,"lvl":10,"x":30,"y":8,"l1x":36,"l1y":31},{"data":1000010,"lvl":10,"x":7,"y":30,"l1x":36,"l1y":32},{"data":1000010,"lvl":10,"x":8,"y":7,"l1x":36,"l1y":33},{"data":1000010,"lvl":10,"x":28,"y":24,"l1x":36,"l1y":34},{"data":1000010,"lvl":10,"x":28,"y":25,"l1x":36,"l1y":35},{"data":1000010,"lvl":10,"x":28,"y":26,"l1x":36,"l1y":36},{"data":1000010,"lvl":10,"x":28,"y":27,"l1x":29,"l1y":21},{"data":1000010,"lvl":10,"x":28,"y":28,"l1x":29,"l1y":22},{"data":1000010,"lvl":10,"x":27,"y":28,"l1x":29,"l1y":23},{"data":1000010,"lvl":10,"x":26,"y":28,"l1x":29,"l1y":24},{"data":1000010,"lvl":10,"x":25,"y":28,"l1x":29,"l1y":25},{"data":1000010,"lvl":10,"x":24,"y":28,"l1x":29,"l1y":26},{"data":1000010,"lvl":10,"x":28,"y":23,"l1x":29,"l1y":27},{"data":1000010,"lvl":10,"x":27,"y":23,"l1x":29,"l1y":28},{"data":1000024,"lvl":5,"x":11,"y":11,"l1x":13,"l1y":16},{"data":1000008,"lvl":11,"x":21,"y":8,"l1x":33,"l1y":21},{"data":1000009,"lvl":12,"x":11,"y":27,"l1x":16,"l1y":9},{"data":1000008,"lvl":11,"x":8,"y":11,"l1x":27,"l1y":33},{"data":1000013,"lvl":7,"x":8,"y":8,"l1x":17,"l1y":21},{"data":1000019,"lvl":7,"x":38,"y":22,"l1x":22,"l1y":14},{"data":1000012,"lvl":7,"x":25,"y":14,"l1x":19,"l1y":13},{"data":1000019,"lvl":7,"x":23,"y":13,"l1x":14,"l1y":13},{"data":1000022,"lvl":0,"x":20,"y":25,"l1x":13,"l1y":24},{"data":1000003,"lvl":10,"x":9,"y":24,"l1x":30,"l1y":27},{"data":1000010,"lvl":10,"x":26,"y":23,"l1x":29,"l1y":29},{"data":1000010,"lvl":10,"x":25,"y":23,"l1x":28,"l1y":29},{"data":1000010,"lvl":10,"x":24,"y":23,"l1x":27,"l1y":29},{"data":1000010,"lvl":10,"x":23,"y":28,"l1x":26,"l1y":29},{"data":1000010,"lvl":10,"x":23,"y":27,"l1x":25,"l1y":29},{"data":1000010,"lvl":10,"x":23,"y":26,"l1x":24,"l1y":29},{"data":1000010,"lvl":10,"x":23,"y":25,"l1x":23,"l1y":29},{"data":1000010,"lvl":10,"x":23,"y":24,"l1x":22,"l1y":29},{"data":1000010,"lvl":10,"x":15,"y":21,"l1x":21,"l1y":29},{"data":1000010,"lvl":10,"x":15,"y":22,"l1x":28,"l1y":17},{"data":1000010,"lvl":10,"x":15,"y":23,"l1x":28,"l1y":18},{"data":1000010,"lvl":10,"x":16,"y":23,"l1x":28,"l1y":19},{"data":1000010,"lvl":10,"x":17,"y":23,"l1x":32,"l1y":17},{"data":1000010,"lvl":10,"x":21,"y":15,"l1x":32,"l1y":18},{"data":1000010,"lvl":10,"x":22,"y":15,"l1x":32,"l1y":19},{"data":1000010,"lvl":10,"x":23,"y":15,"l1x":32,"l1y":20},{"data":1000010,"lvl":10,"x":23,"y":16,"l1x":31,"l1y":20},{"data":1000010,"lvl":10,"x":23,"y":17,"l1x":30,"l1y":20},{"data":1000010,"lvl":10,"x":18,"y":21,"l1x":29,"l1y":20},{"data":1000010,"lvl":10,"x":18,"y":22,"l1x":28,"l1y":20},{"data":1000010,"lvl":10,"x":18,"y":23,"l1x":27,"l1y":20},{"data":1000010,"lvl":10,"x":19,"y":23,"l1x":26,"l1y":20},{"data":1000010,"lvl":10,"x":20,"y":23,"l1x":24,"l1y":17},{"data":1000010,"lvl":10,"x":21,"y":23,"l1x":24,"l1y":18},{"data":1000010,"lvl":10,"x":22,"y":23,"l1x":24,"l1y":19},{"data":1000010,"lvl":10,"x":23,"y":23,"l1x":20,"l1y":17},{"data":1000010,"lvl":10,"x":23,"y":22,"l1x":20,"l1y":18},{"data":1000010,"lvl":10,"x":23,"y":21,"l1x":20,"l1y":19},{"data":1000010,"lvl":10,"x":23,"y":20,"l1x":19,"l1y":20},{"data":1000010,"lvl":10,"x":23,"y":19,"l1x":18,"l1y":20},{"data":1000010,"lvl":10,"x":23,"y":18,"l1x":17,"l1y":20},{"data":1000010,"lvl":10,"x":22,"y":18,"l1x":19,"l1y":24},{"data":1000010,"lvl":10,"x":21,"y":18,"l1x":18,"l1y":24},{"data":1000010,"lvl":10,"x":20,"y":18,"l1x":17,"l1y":24},{"data":1000010,"lvl":10,"x":19,"y":18,"l1x":19,"l1y":28},{"data":1000010,"lvl":10,"x":18,"y":18,"l1x":18,"l1y":28},{"data":1000010,"lvl":10,"x":18,"y":19,"l1x":17,"l1y":28},{"data":1000010,"lvl":10,"x":14,"y":20,"l1x":20,"l1y":26},{"data":1000010,"lvl":10,"x":27,"y":27,"l1x":20,"l1y":27},{"data":1000010,"lvl":10,"x":18,"y":20,"l1x":20,"l1y":28},{"data":1000010,"lvl":10,"x":20,"y":17,"l1x":20,"l1y":29},{"data":1000010,"lvl":10,"x":20,"y":16,"l1x":20,"l1y":30},{"data":1000010,"lvl":10,"x":20,"y":15,"l1x":20,"l1y":31},{"data":1000010,"lvl":10,"x":20,"y":14,"l1x":20,"l1y":32},{"data":1000010,"lvl":10,"x":19,"y":14,"l1x":19,"l1y":32},{"data":1000010,"lvl":10,"x":18,"y":14,"l1x":18,"l1y":32},{"data":1000010,"lvl":10,"x":17,"y":14,"l1x":17,"l1y":32},{"data":1000010,"lvl":10,"x":16,"y":14,"l1x":32,"l1y":16},{"data":1000010,"lvl":10,"x":15,"y":14,"l1x":31,"l1y":16},{"data":1000010,"lvl":10,"x":16,"y":20,"l1x":30,"l1y":16},{"data":1000005,"lvl":10,"x":20,"y":11,"l1x":33,"l1y":24},{"data":1000009,"lvl":12,"x":27,"y":11,"l1x":23,"l1y":30},{"data":1000023,"lvl":5,"boost_t":14325,"x":7,"y":32,"res_time":27229,"l1x":3,"l1y":29},{"data":1000019,"lvl":7,"x":9,"y":35,"l1x":7,"l1y":21},{"data":1000011,"lvl":7,"x":12,"y":31,"l1x":23,"l1y":26},{"data":1000010,"lvl":10,"x":17,"y":20,"l1x":29,"l1y":16},{"data":1000010,"lvl":10,"x":14,"y":15,"l1x":28,"l1y":16},{"data":1000010,"lvl":10,"x":14,"y":16,"l1x":27,"l1y":16},{"data":1000010,"lvl":10,"x":14,"y":17,"l1x":26,"l1y":16},{"data":1000010,"lvl":10,"x":14,"y":18,"l1x":25,"l1y":16},{"data":1000010,"lvl":10,"x":14,"y":19,"l1x":24,"l1y":16},{"data":1000010,"lvl":10,"x":14,"y":14,"l1x":23,"l1y":16},{"data":1000010,"lvl":10,"x":7,"y":9,"l1x":22,"l1y":16},{"data":1000010,"lvl":10,"x":7,"y":10,"l1x":21,"l1y":16},{"data":1000010,"lvl":10,"x":7,"y":11,"l1x":20,"l1y":16},{"data":1000010,"lvl":10,"x":7,"y":12,"l1x":19,"l1y":16},{"data":1000010,"lvl":10,"x":7,"y":13,"l1x":18,"l1y":16},{"data":1000010,"lvl":10,"x":7,"y":14,"l1x":17,"l1y":16},{"data":1000010,"lvl":10,"x":7,"y":15,"l1x":16,"l1y":16},{"data":1000010,"lvl":10,"x":7,"y":16,"l1x":16,"l1y":17},{"data":1000010,"lvl":10,"x":7,"y":17,"l1x":16,"l1y":18},{"data":1000010,"lvl":10,"x":7,"y":18,"l1x":16,"l1y":19},{"data":1000010,"lvl":10,"x":7,"y":19,"l1x":16,"l1y":20},{"data":1000010,"lvl":10,"x":7,"y":20,"l1x":16,"l1y":21},{"data":1000010,"lvl":10,"x":7,"y":21,"l1x":16,"l1y":22},{"data":1000010,"lvl":10,"x":7,"y":22,"l1x":16,"l1y":23},{"data":1000010,"lvl":10,"x":7,"y":23,"l1x":16,"l1y":24},{"data":1000010,"lvl":10,"x":7,"y":24,"l1x":16,"l1y":25},{"data":1000010,"lvl":10,"x":7,"y":25,"l1x":16,"l1y":26},{"data":1000010,"lvl":10,"x":7,"y":26,"l1x":16,"l1y":27},{"data":1000026,"lvl":4,"x":31,"y":19,"unit_prod":{"unit_type":0,"t":0,"slots":[{"id":4000013,"cnt":2}]},"l1x":25,"l1y":38},{"data":1000026,"lvl":5,"x":19,"y":31,"unit_prod":{"unit_type":0,"t":0,"slots":[{"id":4000013,"cnt":1},{"id":4000015,"cnt":2}]},"l1x":20,"l1y":38},{"data":1000012,"lvl":7,"x":11,"y":17,"l1x":29,"l1y":17},{"data":1000025,"lvl":0,"x":24,"y":17,"l1x":24,"l1y":13},{"data":1000010,"lvl":10,"x":7,"y":27,"l1x":16,"l1y":28},{"data":1000010,"lvl":10,"x":7,"y":28,"l1x":16,"l1y":29},{"data":1000010,"lvl":10,"x":7,"y":29,"l1x":16,"l1y":30},{"data":1000010,"lvl":10,"x":9,"y":7,"l1x":16,"l1y":31},{"data":1000010,"lvl":10,"x":10,"y":7,"l1x":16,"l1y":32},{"data":1000010,"lvl":10,"x":11,"y":7,"l1x":21,"l1y":25},{"data":1000010,"lvl":10,"x":12,"y":7,"l1x":22,"l1y":25},{"data":1000010,"lvl":10,"x":13,"y":7,"l1x":23,"l1y":25},{"data":1000010,"lvl":10,"x":14,"y":7,"l1x":24,"l1y":25},{"data":1000010,"lvl":10,"x":15,"y":7,"l1x":25,"l1y":25},{"data":1000010,"lvl":10,"x":16,"y":7,"l1x":25,"l1y":24},{"data":1000010,"lvl":10,"x":17,"y":7,"l1x":25,"l1y":23},{"data":1000010,"lvl":10,"x":18,"y":7,"l1x":25,"l1y":22},{"data":1000010,"lvl":10,"x":19,"y":7,"l1x":25,"l1y":21},{"data":1000010,"lvl":10,"x":20,"y":7,"l1x":25,"l1y":20},{"data":1000010,"lvl":10,"x":21,"y":7,"l1x":24,"l1y":20},{"data":1000010,"lvl":10,"x":22,"y":7,"l1x":23,"l1y":20},{"data":1000010,"lvl":10,"x":23,"y":7,"l1x":22,"l1y":20},{"data":1000010,"lvl":10,"x":24,"y":7,"l1x":21,"l1y":20},{"data":1000010,"lvl":10,"x":25,"y":7,"l1x":20,"l1y":20},{"data":1000010,"lvl":10,"x":26,"y":7,"l1x":20,"l1y":21},{"data":1000010,"lvl":10,"x":27,"y":7,"l1x":20,"l1y":22},{"data":1000010,"lvl":10,"x":28,"y":7,"l1x":20,"l1y":23},{"data":1000010,"lvl":10,"x":29,"y":7,"l1x":20,"l1y":24},{"data":1000010,"lvl":10,"x":30,"y":7,"l1x":20,"l1y":25},{"data":1000003,"lvl":10,"x":24,"y":9,"l1x":27,"l1y":30},{"data":1000009,"lvl":12,"x":14,"y":11,"l1x":30,"l1y":23},{"data":1000005,"lvl":10,"x":11,"y":20,"l1x":33,"l1y":30},{"data":1000021,"lvl":3,"x":25,"y":20,"attack_mode":false,"attack_mode_war":false,"attack_mode_draft":false,"attack_mode_draft_war":false,"ammo":1500,"l1x":17,"l1y":25},{"data":1000011,"lvl":7,"x":31,"y":12,"l1x":26,"l1y":23},{"data":1000012,"lvl":7,"x":17,"y":11,"l1x":17,"l1y":29},{"data":1000019,"lvl":7,"x":8,"y":38,"l1x":21,"l1y":7},{"data":1000021,"lvl":3,"x":17,"y":24,"attack_mode":false,"attack_mode_war":false,"attack_mode_draft":false,"attack_mode_draft_war":false,"ammo":1500,"l1x":25,"l1y":17},{"data":1000023,"lvl":5,"boost_t":14330,"x":32,"y":7,"res_time":27225,"l1x":30,"l1y":4},{"data":1000027,"lvl":2,"x":5,"y":39,"attack_mode":true,"attack_mode_war":true,"attack_mode_draft":true,"attack_mode_draft_war":true,"ammo":750,"l1x":26,"l1y":21},{"data":1000002,"lvl":10,"x":19,"y":34,"res_time":168229,"l1x":4,"l1y":12},{"data":1000004,"lvl":10,"x":16,"y":34,"res_time":168230,"l1x":10,"l1y":10},{"data":1000008,"lvl":11,"x":11,"y":8,"l1x":33,"l1y":27},{"data":1000009,"lvl":12,"x":11,"y":14,"l1x":33,"l1y":33},{"data":1000027,"lvl":2,"x":5,"y":33,"attack_mode":false,"attack_mode_war":true,"attack_mode_draft":false,"attack_mode_draft_war":true,"ammo":750,"l1x":21,"l1y":26},{"data":1000021,"lvl":3,"x":11,"y":37,"attack_mode":false,"attack_mode_war":false,"attack_mode_draft":false,"attack_mode_draft_war":false,"ammo":1500,"l1x":26,"l1y":26},{"data":1000023,"lvl":5,"boost_t":14375,"x":31,"y":31,"res_time":34056,"l1x":30,"l1y":33}],"obstacles":[{"data":8000000,"x":42,"y":33,"l1x":-1,"l1y":-1,"loot_multiply_ver":2},{"data":8000000,"x":0,"y":2,"l1x":-1,"l1y":-1,"loot_multiply_ver":2},{"data":8000000,"x":5,"y":0,"l1x":-1,"l1y":-1,"loot_multiply_ver":2},{"data":8000000,"x":42,"y":5,"l1x":-1,"l1y":-1,"loot_multiply_ver":2},{"data":8000000,"x":0,"y":30,"l1x":-1,"l1y":-1,"loot_multiply_ver":2},{"data":8000000,"x":0,"y":20,"l1x":-1,"l1y":-1,"loot_multiply_ver":2},{"data":8000000,"x":0,"y":14,"l1x":-1,"l1y":-1,"loot_multiply_ver":2},{"data":8000000,"x":0,"y":38,"l1x":-1,"l1y":-1,"loot_multiply_ver":2},{"data":8000000,"x":25,"y":0,"l1x":-1,"l1y":-1,"loot_multiply_ver":2},{"data":8000000,"x":0,"y":41,"l1x":-1,"l1y":-1,"loot_multiply_ver":2},{"data":8000000,"x":23,"y":42,"l1x":-1,"l1y":-1,"loot_multiply_ver":2},{"data":8000000,"x":42,"y":23,"l1x":-1,"l1y":-1,"loot_multiply_ver":2},{"data":8000000,"x":42,"y":16,"l1x":-1,"l1y":-1,"loot_multiply_ver":2},{"data":8000000,"x":33,"y":42,"l1x":-1,"l1y":-1,"loot_multiply_ver":2},{"data":8000000,"x":14,"y":0,"l1x":-1,"l1y":-1,"loot_multiply_ver":2},{"data":8000030,"x":42,"y":42,"l1x":-1,"l1y":-1,"loot_multiply_ver":2}],"traps":[{"data":12000000,"lvl":5,"x":11,"y":23,"l1x":32,"l1y":26},{"data":12000001,"lvl":0,"x":15,"y":38,"l1x":20,"l1y":37},{"data":12000000,"lvl":5,"x":15,"y":18,"l1x":31,"l1y":26},{"data":12000002,"lvl":3,"x":19,"y":9,"l1x":35,"l1y":37},{"data":12000002,"lvl":3,"x":9,"y":14,"l1x":21,"l1y":31},{"data":12000001,"lvl":0,"x":38,"y":37,"l1x":11,"l1y":30},{"data":12000002,"lvl":3,"x":14,"y":9,"l1x":31,"l1y":21},{"data":12000002,"lvl":3,"x":20,"y":21,"l1x":10,"l1y":13},{"data":12000000,"lvl":5,"x":18,"y":3,"l1x":30,"l1y":26},{"data":12000000,"lvl":5,"x":15,"y":19,"l1x":26,"l1y":30},{"data":12000005,"lvl":3,"x":2,"y":2,"l1x":19,"l1y":33},{"data":12000005,"lvl":3,"x":20,"y":8,"l1x":7,"l1y":28},{"data":12000005,"lvl":3,"x":8,"y":25,"l1x":28,"l1y":7},{"data":12000005,"lvl":3,"x":38,"y":25,"l1x":6,"l1y":11},{"data":12000005,"lvl":3,"x":24,"y":38,"l1x":11,"l1y":7},{"data":12000006,"lvl":2,"x":27,"y":17,"l1x":33,"l1y":19},{"data":12000006,"lvl":2,"x":28,"y":14,"l1x":11,"l1y":19},{"data":12000006,"lvl":2,"x":14,"y":28,"l1x":13,"l1y":22},{"data":12000006,"lvl":2,"x":10,"y":19,"l1x":19,"l1y":11},{"data":12000006,"lvl":2,"x":19,"y":8,"l1x":22,"l1y":13},{"data":12000001,"lvl":0,"x":31,"y":7,"l1x":29,"l1y":5},{"data":12000000,"lvl":5,"x":26,"y":8,"l1x":26,"l1y":31},{"data":12000000,"lvl":5,"x":9,"y":20,"l1x":26,"l1y":32},{"data":12000001,"lvl":0,"x":27,"y":18,"l1x":15,"l1y":32},{"data":12000001,"lvl":0,"x":27,"y":38,"l1x":32,"l1y":15},{"data":12000001,"lvl":0,"x":26,"y":38,"l1x":37,"l1y":36},{"data":12000002,"lvl":3,"x":25,"y":12,"l1x":16,"l1y":7}],"decos":[{"data":18000000,"x":7,"y":5,"l1x":2,"l1y":4},{"data":18000004,"x":5,"y":14,"l1x":2,"l1y":6},{"data":18000026,"x":14,"y":5,"l1x":6,"l1y":2},{"data":18000033,"x":5,"y":7,"l1x":-1,"l1y":-1},{"data":18000030,"x":5,"y":19,"l1x":-1,"l1y":-1},{"data":18000028,"x":24,"y":5,"l1x":-1,"l1y":-1},{"data":18000031,"x":19,"y":5,"l1x":-1,"l1y":-1},{"data":18000029,"x":5,"y":24,"l1x":-1,"l1y":-1}],"respawnVars":{"secondsFromLastRespawn":28110,"respawnSeed":2064139983,"obstacleClearCounter":4,"time_to_gembox_drop":435600,"time_in_gembox_period":291600},"cooldowns":[{"cooldown":1485277,"target":20000001},{"cooldown":868476,"target":20000000}],"newShopBuildings":[4,0,7,4,7,4,4,1,6,7,250,4,4,3,1,5,0,0,0,4,1,3,1,3,1,1,2,2],"newShopTraps":[6,6,5,0,0,5,5,0],"newShopDecos":[1,4,0,1,1,4,4,1,1,1,1,1,1,1,1,1,1,1,1,1,1,1,1,1,1,1,1,1,1,1,1,1,1,1,1,1,1],"last_league_rank":16,"last_league_shuffle":1,"last_news_seen":81,"edit_mode_shown":true,"troop_req_msg":"..2...2...3..... 38...","war_req_msg":"1 .. ... .. .....","war_tutorials_seen":0,"war_base":true}