{"buildings":[{"data":1000001,"lvl":9,"x":19,"y":18,"l1x":19,"l1y":18},{"data":1000004,"lvl":10,"x":29,"y":6,"res_time":179712,"l1x":29,"l1y":5},{"data":1000000,"lvl":7,"x":32,"y":8,"units":[[4000008,2],[4000000,20]],"storage_type":0,"l1x":32,"l1y":8},{"data":1000015,"lvl":0,"x":10,"y":6,"l1x":10,"l1y":6},{"data":1000014,"lvl":5,"x":22,"y":22,"l1x":22,"l1y":22},{"data":1000008,"lvl":11,"x":25,"y":26,"l1x":11,"l1y":13},{"data":1000015,"lvl":0,"x":13,"y":10,"l1x":7,"l1y":9},{"data":1000002,"lvl":10,"x":6,"y":30,"res_time":179710,"l1x":6,"l1y":30},{"data":1000003,"lvl":10,"x":25,"y":10,"l1x":25,"l1y":10},{"data":1000005,"lvl":10,"x":32,"y":14,"l1x":32,"l1y":14},{"data":1000006,"lvl":9,"x":7,"y":20,"unit_prod":{"unit_type":0},"l1x":7,"l1y":20},{"data":1000006,"lvl":9,"x":25,"y":6,"unit_prod":{"unit_type":0,"t":386,"slots":[{"id":4000005,"cnt":2}]},"l1x":25,"l1y":6},{"data":1000008,"lvl":11,"x":9,"y":8,"l1x":14,"l1y":10},{"data":1000015,"lvl":0,"x":32,"y":34,"l1x":32,"l1y":34},{"data":1000009,"lvl":12,"x":11,"y":14,"l1x":9,"l1y":8},{"data":1000004,"lvl":10,"x":15,"y":37,"res_time":179710,"l1x":15,"l1y":37},{"data":1000015,"lvl":0,"x":28,"y":34,"l1x":28,"l1y":34},{"data":1000010,"lvl":10,"x":35,"y":15,"l1x":35,"l1y":15},{"data":1000010,"lvl":10,"x":35,"y":14,"l1x":35,"l1y":14},{"data":1000010,"lvl":10,"x":10,"y":18,"l1x":10,"l1y":18},{"data":1000010,"lvl":10,"x":14,"y":29,"l1x":14,"l1y":29},{"data":1000010,"lvl":9,"x":6,"y":23,"l1x":14,"l1y":28},{"data":1000010,"lvl":9,"x":6,"y":21,"l1x":14,"l1y":27},{"data":1000010,"lvl":10,"x":29,"y":17,"l1x":9,"l1y":26},{"data":1000010,"lvl":10,"x":28,"y":17,"l1x":8,"l1y":26},{"data":1000010,"lvl":9,"x":6,"y":22,"l1x":14,"l1y":26},{"data":1000010,"lvl":9,"x":6,"y":15,"l1x":14,"l1y":25},{"data":1000010,"lvl":10,"x":35,"y":17,"l1x":6,"l1y":25},{"data":1000010,"lvl":10,"x":14,"y":22,"l1x":28,"l1y":8},{"data":1000010,"lvl":9,"x":25,"y":5,"l1x":14,"l1y":24},{"data":1000010,"lvl":10,"x":18,"y":17,"l1x":18,"l1y":17},{"data":1000010,"lvl":10,"x":14,"y":23,"l1x":28,"l1y":7},{"data":1000010,"lvl":10,"x":18,"y":19,"l1x":18,"l1y":19},{"data":1000010,"lvl":9,"x":28,"y":8,"l1x":14,"l1y":17},{"data":1000010,"lvl":9,"x":21,"y":5,"l1x":18,"l1y":13},{"data":1000010,"lvl":9,"x":20,"y":5,"l1x":19,"l1y":13},{"data":1000010,"lvl":10,"x":14,"y":21,"l1x":28,"l1y":6},{"data":1000002,"lvl":10,"x":7,"y":27,"res_time":179713,"l1x":7,"l1y":27},{"data":1000000,"lvl":7,"x":9,"y":31,"units":[[4000009,2],[4000006,3]],"storage_type":0,"l1x":9,"l1y":31},{"data":1000004,"lvl":10,"x":31,"y":37,"res_time":179709,"l1x":31,"l1y":37},{"data":1000005,"lvl":10,"x":19,"y":6,"l1x":19,"l1y":6},{"data":1000003,"lvl":10,"x":11,"y":24,"l1x":11,"l1y":24},{"data":1000002,"lvl":10,"x":22,"y":6,"res_time":179711,"l1x":22,"l1y":6},{"data":1000013,"lvl":7,"x":11,"y":18,"l1x":11,"l1y":18},{"data":1000007,"lvl":7,"x":36,"y":13,"l1x":37,"l1y":13},{"data":1000009,"lvl":12,"x":15,"y":30,"l1x":15,"l1y":29},{"data":1000006,"lvl":9,"x":7,"y":14,"unit_prod":{"unit_type":0},"l1x":7,"l1y":14},{"data":1000002,"lvl":10,"x":7,"y":23,"res_time":179710,"l1x":7,"l1y":23},{"data":1000012,"lvl":7,"x":15,"y":20,"l1x":15,"l1y":20},{"data":1000010,"lvl":9,"x":19,"y":5,"l1x":20,"l1y":13},{"data":1000010,"lvl":9,"x":16,"y":5,"l1x":21,"l1y":13},{"data":1000010,"lvl":10,"x":14,"y":24,"l1x":28,"l1y":5},{"data":1000010,"lvl":9,"x":17,"y":5,"l1x":22,"l1y":13},{"data":1000010,"lvl":10,"x":23,"y":13,"l1x":23,"l1y":13},{"data":1000010,"lvl":10,"x":24,"y":13,"l1x":24,"l1y":13},{"data":1000010,"lvl":10,"x":14,"y":20,"l1x":27,"l1y":5},{"data":1000010,"lvl":10,"x":14,"y":19,"l1x":26,"l1y":5},{"data":1000010,"lvl":9,"x":6,"y":18,"l1x":25,"l1y":14},{"data":1000010,"lvl":10,"x":14,"y":18,"l1x":25,"l1y":5},{"data":1000010,"lvl":10,"x":14,"y":17,"l1x":24,"l1y":5},{"data":1000010,"lvl":9,"x":6,"y":17,"l1x":25,"l1y":15},{"data":1000010,"lvl":9,"x":6,"y":16,"l1x":25,"l1y":16},{"data":1000010,"lvl":10,"x":18,"y":18,"l1x":18,"l1y":18},{"data":1000010,"lvl":10,"x":17,"y":13,"l1x":23,"l1y":5},{"data":1000010,"lvl":9,"x":14,"y":5,"l1x":18,"l1y":23},{"data":1000010,"lvl":9,"x":26,"y":5,"l1x":14,"l1y":23},{"data":1000010,"lvl":10,"x":22,"y":5,"l1x":22,"l1y":5},{"data":1000010,"lvl":10,"x":18,"y":13,"l1x":21,"l1y":5},{"data":1000010,"lvl":10,"x":20,"y":13,"l1x":20,"l1y":5},{"data":1000010,"lvl":10,"x":15,"y":13,"l1x":15,"l1y":13},{"data":1000010,"lvl":10,"x":21,"y":13,"l1x":19,"l1y":5},{"data":1000010,"lvl":10,"x":14,"y":13,"l1x":14,"l1y":13},{"data":1000010,"lvl":9,"x":28,"y":7,"l1x":14,"l1y":18},{"data":1000010,"lvl":10,"x":19,"y":13,"l1x":18,"l1y":5},{"data":1000010,"lvl":9,"x":28,"y":5,"l1x":14,"l1y":19},{"data":1000010,"lvl":9,"x":28,"y":6,"l1x":14,"l1y":20},{"data":1000010,"lvl":9,"x":27,"y":5,"l1x":14,"l1y":21},{"data":1000010,"lvl":9,"x":24,"y":5,"l1x":14,"l1y":22},{"data":1000010,"lvl":9,"x":6,"y":13,"l1x":16,"l1y":25},{"data":1000010,"lvl":10,"x":18,"y":12,"l1x":17,"l1y":5},{"data":1000010,"lvl":10,"x":22,"y":13,"l1x":16,"l1y":5},{"data":1000010,"lvl":10,"x":18,"y":23,"l1x":15,"l1y":5},{"data":1000010,"lvl":10,"x":18,"y":22,"l1x":14,"l1y":5},{"data":1000000,"lvl":7,"x":18,"y":37,"units":[[4000006,2],[4000009,2]],"storage_type":0,"l1x":18,"l1y":37},{"data":1000011,"lvl":7,"x":11,"y":21,"l1x":11,"l1y":21},{"data":1000020,"lvl":4,"x":35,"y":35,"units":[[26000005,2],[26000003,1],[26000002,1],[26000000,1]],"storage_type":1,"unit_prod":{"unit_type":1},"l1x":35,"l1y":35},{"data":1000024,"lvl":5,"x":29,"y":18,"l1x":29,"l1y":18},{"data":1000022,"lvl":0,"x":22,"y":26,"l1x":19,"l1y":26},{"data":1000000,"lvl":7,"x":37,"y":17,"units":[[4000009,1],[4000000,8]],"storage_type":0,"l1x":37,"l1y":17},{"data":1000026,"lvl":5,"x":15,"y":6,"unit_prod":{"unit_type":0,"t":2423,"slots":[{"id":4000013,"cnt":1}]},"l1x":15,"l1y":6},{"data":1000023,"lvl":5,"x":33,"y":28,"res_time":57573,"l1x":32,"l1y":28},{"data":1000010,"lvl":10,"x":18,"y":24,"l1x":13,"l1y":5},{"data":1000010,"lvl":10,"x":18,"y":21,"l1x":12,"l1y":5},{"data":1000010,"lvl":10,"x":18,"y":20,"l1x":11,"l1y":5},{"data":1000010,"lvl":9,"x":6,"y":14,"l1x":15,"l1y":25},{"data":1000010,"lvl":9,"x":6,"y":25,"l1x":18,"l1y":35},{"data":1000010,"lvl":10,"x":20,"y":17,"l1x":10,"l1y":5},{"data":1000010,"lvl":10,"x":23,"y":17,"l1x":9,"l1y":5},{"data":1000010,"lvl":9,"x":18,"y":34,"l1x":18,"l1y":34},{"data":1000010,"lvl":9,"x":18,"y":33,"l1x":18,"l1y":33},{"data":1000010,"lvl":9,"x":18,"y":32,"l1x":18,"l1y":32},{"data":1000010,"lvl":10,"x":21,"y":17,"l1x":8,"l1y":5},{"data":1000010,"lvl":10,"x":20,"y":25,"l1x":6,"l1y":5},{"data":1000010,"lvl":10,"x":22,"y":17,"l1x":6,"l1y":6},{"data":1000010,"lvl":9,"x":18,"y":31,"l1x":18,"l1y":31},{"data":1000010,"lvl":9,"x":18,"y":30,"l1x":18,"l1y":30},{"data":1000010,"lvl":10,"x":27,"y":14,"l1x":6,"l1y":26},{"data":1000010,"lvl":10,"x":34,"y":17,"l1x":7,"l1y":26},{"data":1000010,"lvl":10,"x":18,"y":35,"l1x":6,"l1y":24},{"data":1000010,"lvl":9,"x":18,"y":29,"l1x":18,"l1y":29},{"data":1000010,"lvl":10,"x":18,"y":27,"l1x":6,"l1y":23},{"data":1000010,"lvl":10,"x":14,"y":26,"l1x":6,"l1y":22},{"data":1000010,"lvl":10,"x":14,"y":27,"l1x":6,"l1y":21},{"data":1000010,"lvl":10,"x":14,"y":28,"l1x":6,"l1y":20},{"data":1000010,"lvl":10,"x":27,"y":17,"l1x":6,"l1y":19},{"data":1000010,"lvl":10,"x":27,"y":15,"l1x":6,"l1y":18},{"data":1000010,"lvl":10,"x":27,"y":16,"l1x":6,"l1y":17},{"data":1000010,"lvl":10,"x":18,"y":26,"l1x":6,"l1y":16},{"data":1000010,"lvl":10,"x":15,"y":27,"l1x":6,"l1y":15},{"data":1000010,"lvl":10,"x":17,"y":27,"l1x":6,"l1y":14},{"data":1000010,"lvl":10,"x":16,"y":27,"l1x":6,"l1y":13},{"data":1000010,"lvl":10,"x":14,"y":25,"l1x":6,"l1y":12},{"data":1000010,"lvl":10,"x":25,"y":20,"l1x":6,"l1y":11},{"data":1000010,"lvl":10,"x":25,"y":21,"l1x":6,"l1y":10},{"data":1000010,"lvl":10,"x":25,"y":22,"l1x":6,"l1y":9},{"data":1000010,"lvl":10,"x":22,"y":25,"l1x":6,"l1y":8},{"data":1000010,"lvl":10,"x":18,"y":28,"l1x":18,"l1y":28},{"data":1000010,"lvl":10,"x":17,"y":36,"l1x":17,"l1y":36},{"data":1000010,"lvl":9,"x":6,"y":24,"l1x":18,"l1y":27},{"data":1000010,"lvl":10,"x":16,"y":36,"l1x":16,"l1y":36},{"data":1000010,"lvl":10,"x":15,"y":36,"l1x":15,"l1y":36},{"data":1000010,"lvl":10,"x":14,"y":14,"l1x":14,"l1y":14},{"data":1000010,"lvl":10,"x":14,"y":35,"l1x":14,"l1y":35},{"data":1000010,"lvl":9,"x":14,"y":32,"l1x":14,"l1y":36},{"data":1000010,"lvl":10,"x":16,"y":13,"l1x":16,"l1y":13},{"data":1000010,"lvl":9,"x":18,"y":5,"l1x":18,"l1y":12},{"data":1000010,"lvl":9,"x":6,"y":12,"l1x":17,"l1y":25},{"data":1000010,"lvl":10,"x":35,"y":13,"l1x":35,"l1y":13},{"data":1000010,"lvl":9,"x":6,"y":20,"l1x":18,"l1y":26},{"data":1000010,"lvl":9,"x":15,"y":5,"l1x":18,"l1y":24},{"data":1000010,"lvl":10,"x":34,"y":13,"l1x":34,"l1y":13},{"data":1000010,"lvl":10,"x":21,"y":25,"l1x":6,"l1y":7},{"data":1000010,"lvl":10,"x":24,"y":17,"l1x":7,"l1y":5},{"data":1000010,"lvl":10,"x":13,"y":30,"l1x":13,"l1y":30},{"data":1000010,"lvl":10,"x":12,"y":30,"l1x":12,"l1y":30},{"data":1000010,"lvl":10,"x":18,"y":25,"l1x":18,"l1y":25},{"data":1000010,"lvl":10,"x":11,"y":30,"l1x":11,"l1y":30},{"data":1000010,"lvl":9,"x":7,"y":26,"l1x":34,"l1y":17},{"data":1000010,"lvl":9,"x":33,"y":17,"l1x":33,"l1y":17},{"data":1000010,"lvl":9,"x":32,"y":17,"l1x":32,"l1y":17},{"data":1000010,"lvl":10,"x":10,"y":30,"l1x":10,"l1y":30},{"data":1000010,"lvl":10,"x":10,"y":29,"l1x":10,"l1y":29},{"data":1000010,"lvl":10,"x":10,"y":28,"l1x":10,"l1y":28},{"data":1000010,"lvl":9,"x":31,"y":17,"l1x":31,"l1y":17},{"data":1000010,"lvl":9,"x":30,"y":17,"l1x":30,"l1y":17},{"data":1000010,"lvl":10,"x":10,"y":27,"l1x":10,"l1y":27},{"data":1000010,"lvl":10,"x":10,"y":26,"l1x":10,"l1y":26},{"data":1000010,"lvl":10,"x":10,"y":25,"l1x":10,"l1y":25},{"data":1000010,"lvl":10,"x":10,"y":24,"l1x":10,"l1y":24},{"data":1000010,"lvl":10,"x":10,"y":23,"l1x":10,"l1y":23},{"data":1000010,"lvl":10,"x":10,"y":22,"l1x":10,"l1y":22},{"data":1000010,"lvl":9,"x":9,"y":26,"l1x":29,"l1y":17},{"data":1000010,"lvl":10,"x":10,"y":21,"l1x":10,"l1y":21},{"data":1000010,"lvl":9,"x":8,"y":26,"l1x":28,"l1y":17},{"data":1000010,"lvl":10,"x":10,"y":20,"l1x":10,"l1y":20},{"data":1000010,"lvl":10,"x":10,"y":19,"l1x":10,"l1y":19},{"data":1000010,"lvl":10,"x":35,"y":16,"l1x":35,"l1y":16},{"data":1000010,"lvl":9,"x":6,"y":19,"l1x":27,"l1y":17},{"data":1000010,"lvl":10,"x":26,"y":17,"l1x":26,"l1y":17},{"data":1000010,"lvl":10,"x":31,"y":12,"l1x":31,"l1y":12},{"data":1000010,"lvl":10,"x":25,"y":17,"l1x":25,"l1y":17},{"data":1000010,"lvl":9,"x":7,"y":5,"l1x":24,"l1y":17},{"data":1000010,"lvl":10,"x":31,"y":11,"l1x":31,"l1y":11},{"data":1000010,"lvl":10,"x":31,"y":10,"l1x":31,"l1y":10},{"data":1000010,"lvl":10,"x":31,"y":9,"l1x":31,"l1y":9},{"data":1000010,"lvl":9,"x":23,"y":5,"l1x":17,"l1y":13},{"data":1000010,"lvl":10,"x":14,"y":16,"l1x":14,"l1y":16},{"data":1000010,"lvl":10,"x":30,"y":9,"l1x":30,"l1y":9},{"data":1000010,"lvl":10,"x":25,"y":18,"l1x":25,"l1y":18},{"data":1000010,"lvl":9,"x":6,"y":26,"l1x":35,"l1y":17},{"data":1000010,"lvl":9,"x":6,"y":10,"l1x":20,"l1y":25},{"data":1000010,"lvl":10,"x":33,"y":13,"l1x":33,"l1y":13},{"data":1000010,"lvl":10,"x":32,"y":13,"l1x":32,"l1y":13},{"data":1000010,"lvl":10,"x":19,"y":25,"l1x":19,"l1y":25},{"data":1000010,"lvl":10,"x":31,"y":13,"l1x":31,"l1y":13},{"data":1000010,"lvl":10,"x":30,"y":13,"l1x":30,"l1y":13},{"data":1000010,"lvl":9,"x":10,"y":5,"l1x":21,"l1y":17},{"data":1000010,"lvl":9,"x":13,"y":5,"l1x":18,"l1y":22},{"data":1000009,"lvl":12,"x":29,"y":14,"l1x":29,"l1y":14},{"data":1000013,"lvl":7,"x":19,"y":10,"l1x":19,"l1y":10},{"data":1000009,"lvl":12,"x":28,"y":10,"l1x":28,"l1y":10},{"data":1000009,"lvl":12,"x":11,"y":27,"l1x":11,"l1y":27},{"data":1000008,"lvl":11,"x":30,"y":21,"l1x":30,"l1y":22},{"data":1000008,"lvl":11,"x":21,"y":29,"l1x":24,"l1y":29},{"data":1000008,"lvl":11,"x":19,"y":33,"l1x":19,"l1y":33},{"data":1000012,"lvl":7,"x":20,"y":14,"l1x":20,"l1y":14},{"data":1000012,"lvl":7,"x":19,"y":26,"l1x":22,"l1y":26},{"data":1000010,"lvl":9,"x":8,"y":5,"l1x":23,"l1y":17},{"data":1000010,"lvl":9,"x":6,"y":5,"l1x":22,"l1y":17},{"data":1000010,"lvl":10,"x":29,"y":13,"l1x":29,"l1y":13},{"data":1000013,"lvl":7,"x":28,"y":31,"l1x":28,"l1y":31},{"data":1000010,"lvl":9,"x":9,"y":5,"l1x":20,"l1y":17},{"data":1000010,"lvl":9,"x":12,"y":5,"l1x":18,"l1y":21},{"data":1000010,"lvl":10,"x":28,"y":13,"l1x":28,"l1y":13},{"data":1000010,"lvl":10,"x":27,"y":13,"l1x":27,"l1y":13},{"data":1000010,"lvl":10,"x":26,"y":13,"l1x":26,"l1y":13},{"data":1000010,"lvl":9,"x":11,"y":5,"l1x":18,"l1y":20},{"data":1000010,"lvl":10,"x":25,"y":13,"l1x":25,"l1y":13},{"data":1000010,"lvl":10,"x":25,"y":19,"l1x":25,"l1y":19},{"data":1000010,"lvl":10,"x":14,"y":34,"l1x":14,"l1y":34},{"data":1000010,"lvl":10,"x":14,"y":33,"l1x":14,"l1y":33},{"data":1000010,"lvl":9,"x":6,"y":7,"l1x":25,"l1y":20},{"data":1000010,"lvl":9,"x":6,"y":6,"l1x":25,"l1y":21},{"data":1000010,"lvl":10,"x":14,"y":36,"l1x":14,"l1y":32},{"data":1000010,"lvl":10,"x":14,"y":31,"l1x":14,"l1y":31},{"data":1000010,"lvl":10,"x":14,"y":30,"l1x":14,"l1y":30},{"data":1000010,"lvl":10,"x":29,"y":9,"l1x":29,"l1y":9},{"data":1000010,"lvl":9,"x":6,"y":8,"l1x":25,"l1y":22},{"data":1000010,"lvl":10,"x":25,"y":23,"l1x":25,"l1y":23},{"data":1000010,"lvl":10,"x":28,"y":9,"l1x":28,"l1y":9},{"data":1000010,"lvl":10,"x":27,"y":9,"l1x":27,"l1y":9},{"data":1000010,"lvl":10,"x":26,"y":9,"l1x":26,"l1y":9},{"data":1000010,"lvl":10,"x":25,"y":24,"l1x":25,"l1y":24},{"data":1000010,"lvl":10,"x":25,"y":25,"l1x":25,"l1y":25},{"data":1000010,"lvl":10,"x":24,"y":25,"l1x":24,"l1y":25},{"data":1000010,"lvl":10,"x":23,"y":25,"l1x":23,"l1y":25},{"data":1000010,"lvl":10,"x":25,"y":9,"l1x":25,"l1y":9},{"data":1000010,"lvl":10,"x":24,"y":9,"l1x":24,"l1y":9},{"data":1000010,"lvl":10,"x":23,"y":9,"l1x":23,"l1y":9},{"data":1000010,"lvl":10,"x":22,"y":9,"l1x":22,"l1y":9},{"data":1000010,"lvl":10,"x":21,"y":9,"l1x":21,"l1y":9},{"data":1000010,"lvl":10,"x":20,"y":9,"l1x":20,"l1y":9},{"data":1000010,"lvl":10,"x":19,"y":9,"l1x":19,"l1y":9},{"data":1000010,"lvl":10,"x":13,"y":17,"l1x":13,"l1y":17},{"data":1000010,"lvl":10,"x":12,"y":17,"l1x":12,"l1y":17},{"data":1000010,"lvl":10,"x":11,"y":17,"l1x":11,"l1y":17},{"data":1000010,"lvl":10,"x":10,"y":17,"l1x":10,"l1y":17},{"data":1000010,"lvl":10,"x":10,"y":16,"l1x":10,"l1y":16},{"data":1000010,"lvl":10,"x":10,"y":15,"l1x":10,"l1y":15},{"data":1000010,"lvl":10,"x":10,"y":14,"l1x":10,"l1y":14},{"data":1000010,"lvl":10,"x":10,"y":13,"l1x":10,"l1y":13},{"data":1000010,"lvl":10,"x":10,"y":11,"l1x":10,"l1y":11},{"data":1000010,"lvl":10,"x":12,"y":11,"l1x":12,"l1y":11},{"data":1000010,"lvl":10,"x":11,"y":11,"l1x":11,"l1y":11},{"data":1000010,"lvl":10,"x":13,"y":9,"l1x":13,"l1y":9},{"data":1000010,"lvl":10,"x":10,"y":12,"l1x":10,"l1y":12},{"data":1000010,"lvl":10,"x":12,"y":10,"l1x":12,"l1y":10},{"data":1000010,"lvl":10,"x":12,"y":9,"l1x":12,"l1y":9},{"data":1000010,"lvl":10,"x":14,"y":9,"l1x":14,"l1y":9},{"data":1000010,"lvl":10,"x":15,"y":9,"l1x":15,"l1y":9},{"data":1000010,"lvl":10,"x":16,"y":9,"l1x":16,"l1y":9},{"data":1000010,"lvl":10,"x":17,"y":9,"l1x":17,"l1y":9},{"data":1000010,"lvl":10,"x":18,"y":9,"l1x":18,"l1y":9},{"data":1000010,"lvl":10,"x":18,"y":10,"l1x":18,"l1y":10},{"data":1000010,"lvl":10,"x":18,"y":11,"l1x":18,"l1y":11},{"data":1000010,"lvl":10,"x":14,"y":15,"l1x":14,"l1y":15},{"data":1000010,"lvl":9,"x":6,"y":11,"l1x":22,"l1y":25},{"data":1000010,"lvl":10,"x":19,"y":17,"l1x":19,"l1y":17},{"data":1000010,"lvl":9,"x":6,"y":9,"l1x":21,"l1y":25},{"data":1000010,"lvl":10,"x":36,"y":34,"l1x":36,"l1y":34},{"data":1000010,"lvl":10,"x":35,"y":34,"l1x":35,"l1y":34},{"data":1000010,"lvl":10,"x":34,"y":34,"l1x":34,"l1y":34},{"data":1000010,"lvl":10,"x":34,"y":35,"l1x":34,"l1y":35},{"data":1000010,"lvl":10,"x":34,"y":36,"l1x":34,"l1y":36},{"data":1000010,"lvl":10,"x":33,"y":36,"l1x":33,"l1y":36},{"data":1000010,"lvl":10,"x":32,"y":36,"l1x":32,"l1y":36},{"data":1000010,"lvl":10,"x":36,"y":33,"l1x":36,"l1y":33},{"data":1000010,"lvl":10,"x":36,"y":32,"l1x":36,"l1y":32},{"data":1000010,"lvl":10,"x":36,"y":31,"l1x":36,"l1y":31},{"data":1000010,"lvl":10,"x":36,"y":30,"l1x":36,"l1y":30},{"data":1000010,"lvl":10,"x":31,"y":36,"l1x":31,"l1y":36},{"data":1000010,"lvl":10,"x":30,"y":36,"l1x":30,"l1y":36},{"data":1000015,"lvl":0,"x":16,"y":14,"l1x":28,"l1y":27},{"data":1000004,"lvl":10,"x":37,"y":22,"res_time":179708,"l1x":37,"l1y":22},{"data":1000002,"lvl":10,"x":11,"y":36,"res_time":179710,"l1x":12,"l1y":37},{"data":1000004,"lvl":10,"x":37,"y":25,"res_time":179707,"l1x":37,"l1y":25},{"data":1000004,"lvl":10,"x":37,"y":28,"res_time":179707,"l1x":37,"l1y":28},{"data":1000002,"lvl":10,"x":23,"y":37,"res_time":179709,"l1x":23,"l1y":37},{"data":1000011,"lvl":7,"x":22,"y":10,"l1x":22,"l1y":10},{"data":1000011,"lvl":7,"x":33,"y":21,"l1x":33,"l1y":21},{"data":1000009,"lvl":12,"x":15,"y":10,"l1x":25,"l1y":26},{"data":1000012,"lvl":7,"x":26,"y":21,"l1x":26,"l1y":21},{"data":1000021,"lvl":3,"x":15,"y":24,"attack_mode":false,"attack_mode_war":false,"attack_mode_draft":false,"attack_mode_draft_war":false,"ammo":1500,"l1x":15,"l1y":26},{"data":1000021,"lvl":3,"x":24,"y":14,"attack_mode":false,"attack_mode_war":false,"attack_mode_draft":false,"attack_mode_draft_war":false,"ammo":1500,"l1x":26,"l1y":14},{"data":1000011,"lvl":7,"x":22,"y":32,"l1x":22,"l1y":32},{"data":1000025,"lvl":0,"x":26,"y":18,"l1x":26,"l1y":18},{"data":1000010,"lvl":10,"x":29,"y":36,"l1x":29,"l1y":36},{"data":1000010,"lvl":10,"x":28,"y":36,"l1x":28,"l1y":36},{"data":1000010,"lvl":10,"x":27,"y":36,"l1x":27,"l1y":36},{"data":1000010,"lvl":10,"x":26,"y":36,"l1x":26,"l1y":36},{"data":1000010,"lvl":10,"x":25,"y":36,"l1x":25,"l1y":36},{"data":1000010,"lvl":10,"x":24,"y":36,"l1x":24,"l1y":36},{"data":1000010,"lvl":10,"x":23,"y":36,"l1x":23,"l1y":36},{"data":1000010,"lvl":10,"x":22,"y":36,"l1x":22,"l1y":36},{"data":1000010,"lvl":10,"x":21,"y":36,"l1x":21,"l1y":36},{"data":1000010,"lvl":10,"x":20,"y":36,"l1x":20,"l1y":36},{"data":1000010,"lvl":10,"x":19,"y":36,"l1x":19,"l1y":36},{"data":1000010,"lvl":10,"x":18,"y":36,"l1x":18,"l1y":36},{"data":1000010,"lvl":10,"x":36,"y":29,"l1x":36,"l1y":29},{"data":1000010,"lvl":10,"x":36,"y":28,"l1x":36,"l1y":28},{"data":1000010,"lvl":10,"x":36,"y":27,"l1x":36,"l1y":27},{"data":1000010,"lvl":10,"x":36,"y":26,"l1x":36,"l1y":26},{"data":1000010,"lvl":10,"x":36,"y":25,"l1x":36,"l1y":25},{"data":1000010,"lvl":10,"x":36,"y":24,"l1x":36,"l1y":24},{"data":1000010,"lvl":10,"x":36,"y":23,"l1x":36,"l1y":23},{"data":1000010,"lvl":10,"x":36,"y":22,"l1x":36,"l1y":22},{"data":1000010,"lvl":10,"x":36,"y":21,"l1x":36,"l1y":21},{"data":1000010,"lvl":10,"x":36,"y":20,"l1x":36,"l1y":20},{"data":1000010,"lvl":10,"x":36,"y":19,"l1x":36,"l1y":19},{"data":1000010,"lvl":10,"x":36,"y":18,"l1x":36,"l1y":18},{"data":1000010,"lvl":10,"x":36,"y":17,"l1x":36,"l1y":17},{"data":1000019,"lvl":7,"x":19,"y":31,"l1x":16,"l1y":23},{"data":1000019,"lvl":7,"x":31,"y":24,"l1x":23,"l1y":15},{"data":1000005,"lvl":10,"x":7,"y":17,"l1x":7,"l1y":17},{"data":1000003,"lvl":10,"x":33,"y":24,"l1x":33,"l1y":24},{"data":1000019,"lvl":7,"x":23,"y":20,"l1x":26,"l1y":24},{"data":1000019,"lvl":7,"x":28,"y":27,"l1x":23,"l1y":20},{"data":1000008,"lvl":11,"x":33,"y":18,"l1x":33,"l1y":18},{"data":1000023,"lvl":5,"x":24,"y":29,"res_time":57574,"l1x":21,"l1y":29},{"data":1000021,"lvl":3,"x":15,"y":16,"attack_mode":false,"attack_mode_war":false,"attack_mode_draft":false,"attack_mode_draft_war":false,"ammo":1500,"l1x":15,"l1y":15},{"data":1000005,"lvl":10,"x":15,"y":33,"l1x":15,"l1y":32},{"data":1000027,"lvl":2,"x":23,"y":18,"attack_mode":false,"attack_mode_war":true,"attack_mode_draft":false,"attack_mode_draft_war":true,"ammo":750,"l1x":20,"l1y":23},{"data":1000009,"lvl":12,"x":31,"y":31,"l1x":31,"l1y":31},{"data":1000027,"lvl":2,"x":20,"y":23,"attack_mode":true,"attack_mode_war":false,"attack_mode_draft":true,"attack_mode_draft_war":false,"ammo":750,"l1x":23,"l1y":18},{"data":1000004,"lvl":10,"x":37,"y":31,"res_time":179706,"l1x":37,"l1y":31},{"data":1000003,"lvl":10,"x":25,"y":33,"l1x":25,"l1y":33},{"data":1000002,"lvl":10,"x":28,"y":37,"res_time":179709,"l1x":27,"l1y":37},{"data":1000006,"lvl":9,"x":7,"y":11,"unit_prod":{"unit_type":0,"t":2576,"slots":[{"id":4000009,"cnt":1}]},"l1x":7,"l1y":11},{"data":1000023,"lvl":5,"x":30,"y":26,"res_time":57574,"l1x":30,"l1y":25},{"data":1000026,"lvl":5,"x":12,"y":6,"unit_prod":{"unit_type":0},"l1x":12,"l1y":6}],"obstacles":[{"data":8000004,"x":0,"y":0,"l1x":-1,"l1y":-1,"loot_multiply_ver":2},{"data":8000006,"x":0,"y":5,"l1x":-1,"l1y":-1,"loot_multiply_ver":2},{"data":8000007,"x":0,"y":14,"l1x":-1,"l1y":-1,"loot_multiply_ver":2},{"data":8000008,"x":0,"y":28,"l1x":-1,"l1y":-1,"loot_multiply_ver":2},{"data":8000008,"x":41,"y":42,"l1x":-1,"l1y":-1,"loot_multiply_ver":2},{"data":8000004,"x":4,"y":42,"l1x":-1,"l1y":-1,"loot_multiply_ver":2},{"data":8000008,"x":0,"y":21,"l1x":-1,"l1y":-1,"loot_multiply_ver":2},{"data":8000000,"x":9,"y":42,"l1x":-1,"l1y":-1,"loot_multiply_ver":2},{"data":8000006,"x":0,"y":17,"l1x":-1,"l1y":-1,"loot_multiply_ver":2},{"data":8000010,"x":26,"y":0,"l1x":-1,"l1y":-1,"loot_multiply_ver":2},{"data":8000000,"x":42,"y":37,"l1x":-1,"l1y":-1,"loot_multiply_ver":2},{"data":8000007,"x":0,"y":36,"l1x":-1,"l1y":-1,"loot_multiply_ver":2},{"data":8000007,"x":13,"y":0,"l1x":-1,"l1y":-1,"loot_multiply_ver":2},{"data":8000010,"x":37,"y":42,"l1x":-1,"l1y":-1,"loot_multiply_ver":2},{"data":8000000,"x":36,"y":0,"l1x":-1,"l1y":-1,"loot_multiply_ver":2},{"data":8000004,"x":0,"y":31,"l1x":-1,"l1y":-1,"loot_multiply_ver":2},{"data":8000008,"x":16,"y":42,"l1x":-1,"l1y":-1,"loot_multiply_ver":2},{"data":8000008,"x":12,"y":42,"l1x":-1,"l1y":-1,"loot_multiply_ver":2},{"data":8000006,"x":20,"y":42,"l1x":-1,"l1y":-1,"loot_multiply_ver":2},{"data":8000007,"x":8,"y":0,"l1x":-1,"l1y":-1,"loot_multiply_ver":2},{"data":8000000,"x":4,"y":1,"l1x":-1,"l1y":-1,"loot_multiply_ver":2},{"data":8000000,"x":40,"y":1,"l1x":-1,"l1y":-1,"loot_multiply_ver":2},{"data":8000000,"x":20,"y":0,"l1x":-1,"l1y":-1,"loot_multiply_ver":2},{"data":8000008,"x":42,"y":7,"l1x":-1,"l1y":-1,"loot_multiply_ver":2},{"data":8000004,"x":42,"y":23,"l1x":-1,"l1y":-1,"loot_multiply_ver":2},{"data":8000000,"x":32,"y":42,"l1x":-1,"l1y":-1,"loot_multiply_ver":2},{"data":8000010,"x":42,"y":4,"l1x":-1,"l1y":-1,"loot_multiply_ver":2},{"data":8000010,"x":23,"y":0,"l1x":-1,"l1y":-1,"loot_multiply_ver":2},{"data":8000004,"x":29,"y":42,"l1x":-1,"l1y":-1,"loot_multiply_ver":2},{"data":8000008,"x":17,"y":0,"l1x":-1,"l1y":-1,"loot_multiply_ver":2},{"data":8000000,"x":23,"y":41,"l1x":-1,"l1y":-1,"loot_multiply_ver":2},{"data":8000004,"x":0,"y":10,"l1x":-1,"l1y":-1,"loot_multiply_ver":2},{"data":8000004,"x":0,"y":25,"l1x":-1,"l1y":-1,"loot_multiply_ver":2},{"data":8000006,"x":42,"y":12,"l1x":-1,"l1y":-1,"loot_multiply_ver":2},{"data":8000007,"x":42,"y":29,"l1x":-1,"l1y":-1,"loot_multiply_ver":2},{"data":8000010,"x":8,"y":37,"l1x":-1,"l1y":-1,"loot_multiply_ver":2},{"data":8000004,"x":39,"y":6,"l1x":-1,"l1y":-1,"loot_multiply_ver":2},{"data":8000008,"x":29,"y":1,"l1x":-1,"l1y":-1,"loot_multiply_ver":2},{"data":8000004,"x":6,"y":34,"l1x":-1,"l1y":-1,"loot_multiply_ver":2},{"data":8000000,"x":3,"y":34,"l1x":-1,"l1y":-1,"loot_multiply_ver":2}],"traps":[{"data":12000006,"lvl":2,"x":19,"y":29,"l1x":15,"l1y":23},{"data":12000005,"lvl":3,"x":23,"y":15,"l1x":24,"l1y":14},{"data":12000005,"lvl":3,"x":17,"y":19,"l1x":17,"l1y":19},{"data":12000006,"lvl":2,"x":23,"y":14,"l1x":23,"l1y":14},{"data":12000006,"lvl":2,"x":16,"y":19,"l1x":17,"l1y":18},{"data":12000006,"lvl":2,"x":27,"y":31,"l1x":19,"l1y":32},{"data":12000006,"lvl":2,"x":32,"y":18,"l1x":18,"l1y":7},{"data":12000002,"lvl":3,"x":18,"y":14,"l1x":15,"l1y":18},{"data":12000002,"lvl":3,"x":12,"y":12,"l1x":28,"l1y":25},{"data":12000001,"lvl":0,"x":5,"y":17,"l1x":5,"l1y":19},{"data":12000001,"lvl":0,"x":18,"y":4,"l1x":18,"l1y":4},{"data":12000005,"lvl":3,"x":20,"y":30,"l1x":15,"l1y":24},{"data":12000005,"lvl":3,"x":29,"y":30,"l1x":20,"l1y":32},{"data":12000005,"lvl":3,"x":32,"y":19,"l1x":18,"l1y":8},{"data":12000000,"lvl":5,"x":31,"y":29,"l1x":31,"l1y":29},{"data":12000000,"lvl":5,"x":29,"y":21,"l1x":29,"l1y":21},{"data":12000000,"lvl":5,"x":30,"y":29,"l1x":30,"l1y":28},{"data":12000002,"lvl":3,"x":27,"y":29,"l1x":27,"l1y":29},{"data":12000002,"lvl":3,"x":29,"y":24,"l1x":19,"l1y":29},{"data":12000002,"lvl":3,"x":26,"y":24,"l1x":18,"l1y":14},{"data":12000001,"lvl":0,"x":5,"y":14,"l1x":28,"l1y":4},{"data":12000001,"lvl":0,"x":5,"y":15,"l1x":5,"l1y":18},{"data":12000001,"lvl":0,"x":17,"y":4,"l1x":37,"l1y":12},{"data":12000001,"lvl":0,"x":20,"y":4,"l1x":20,"l1y":4},{"data":12000000,"lvl":5,"x":29,"y":23,"l1x":29,"l1y":23},{"data":12000000,"lvl":5,"x":32,"y":29,"l1x":29,"l1y":29},{"data":12000000,"lvl":5,"x":29,"y":22,"l1x":30,"l1y":21}],"decos":[{"data":18000001,"x":20,"y":2,"l1x":20,"l1y":2},{"data":18000001,"x":2,"y":22,"l1x":2,"l1y":22},{"data":18000006,"x":10,"y":2,"l1x":10,"l1y":2},{"data":18000006,"x":2,"y":8,"l1x":2,"l1y":8},{"data":18000006,"x":2,"y":6,"l1x":2,"l1y":6},{"data":18000001,"x":2,"y":20,"l1x":2,"l1y":20},{"data":18000001,"x":2,"y":18,"l1x":2,"l1y":18},{"data":18000033,"x":2,"y":2,"l1x":2,"l1y":2},{"data":18000010,"x":2,"y":4,"l1x":2,"l1y":4},{"data":18000005,"x":2,"y":14,"l1x":2,"l1y":14},{"data":18000005,"x":2,"y":12,"l1x":2,"l1y":12},{"data":18000005,"x":2,"y":10,"l1x":2,"l1y":10},{"data":18000005,"x":6,"y":2,"l1x":6,"l1y":2},{"data":18000003,"x":2,"y":16,"l1x":2,"l1y":16},{"data":18000007,"x":12,"y":2,"l1x":12,"l1y":2},{"data":18000008,"x":14,"y":2,"l1x":14,"l1y":2},{"data":18000009,"x":18,"y":2,"l1x":18,"l1y":2},{"data":18000028,"x":16,"y":2,"l1x":16,"l1y":2},{"data":18000006,"x":8,"y":2,"l1x":8,"l1y":2}],"respawnVars":{"secondsFromLastRespawn":25392,"respawnSeed":-1204123358,"obstacleClearCounter":17,"time_to_gembox_drop":136039,"time_in_gembox_period":36000},"cooldowns":[{"cooldown":3866850,"target":20000000},{"cooldown":11683484,"target":20000001}],"newShopBuildings":[4,0,7,4,7,4,4,1,6,7,250,4,4,3,1,5,0,0,0,4,1,3,1,3,1,1,2,2],"newShopTraps":[6,6,5,0,0,5,5,0],"newShopDecos":[1,4,0,1,1,4,4,1,1,1,1,1,1,1,1,1,1,1,1,1,1,1,1,1,1,1,1,1,1,1,1,1,1,1,1,1,1],"last_league_rank":16,"last_league_shuffle":1,"last_news_seen":81,"edit_mode_shown":true,"troop_req_msg":"pekka 2 wiz and 2 bar","war_req_msg":"1witch the rest BARCH","war_tutorials_seen":0,"war_base":true}