{"buildings":[{"data":1000001,"lvl":9,"x":18,"y":18,"l1x":20,"l1y":20},{"data":1000004,"lvl":10,"x":38,"y":32,"res_time":119323,"l1x":34,"l1y":7},{"data":1000000,"lvl":7,"x":10,"y":35,"units":[[4000001,1],[4000005,11]],"storage_type":0,"l1x":36,"l1y":20},{"data":1000015,"lvl":0,"x":10,"y":10,"l1x":30,"l1y":34},{"data":1000014,"lvl":5,"x":22,"y":22,"l1x":26,"l1y":26},{"data":1000008,"lvl":11,"x":29,"y":35,"l1x":11,"l1y":10},{"data":1000015,"lvl":0,"x":24,"y":26,"l1x":8,"l1y":21},{"data":1000002,"lvl":10,"x":32,"y":35,"res_time":167937,"l1x":7,"l1y":11},{"data":1000003,"lvl":10,"x":26,"y":12,"l1x":30,"l1y":11},{"data":1000005,"lvl":10,"x":26,"y":38,"l1x":22,"l1y":14},{"data":1000006,"lvl":9,"x":8,"y":26,"unit_prod":{"unit_type":0},"l1x":15,"l1y":3},{"data":1000009,"lvl":12,"x":26,"y":35,"l1x":33,"l1y":15},{"data":1000002,"lvl":10,"x":23,"y":38,"res_time":167935,"l1x":38,"l1y":16},{"data":1000004,"lvl":10,"x":38,"y":35,"res_time":89572,"l1x":30,"l1y":6},{"data":1000000,"lvl":7,"x":10,"y":30,"units":[[4000010,4],[4000005,11]],"storage_type":0,"l1x":20,"l1y":36},{"data":1000006,"lvl":9,"x":26,"y":8,"unit_prod":{"unit_type":0},"l1x":3,"l1y":15},{"data":1000002,"lvl":10,"x":38,"y":23,"res_time":167935,"l1x":7,"l1y":35},{"data":1000003,"lvl":10,"x":12,"y":26,"l1x":19,"l1y":11},{"data":1000004,"lvl":10,"x":38,"y":29,"res_time":153049,"l1x":34,"l1y":11},{"data":1000005,"lvl":10,"x":23,"y":29,"l1x":11,"l1y":22},{"data":1000015,"lvl":0,"x":27,"y":24,"l1x":21,"l1y":8},{"data":1000007,"lvl":7,"x":36,"y":15,"l1x":10,"l1y":30},{"data":1000008,"lvl":11,"x":35,"y":29,"l1x":37,"l1y":26},{"data":1000002,"lvl":10,"x":10,"y":6,"res_time":173331,"l1x":3,"l1y":26},{"data":1000009,"lvl":12,"x":22,"y":9,"l1x":26,"l1y":8},{"data":1000004,"lvl":10,"x":38,"y":38,"res_time":89570,"l1x":38,"l1y":12},{"data":1000006,"lvl":9,"x":3,"y":22,"unit_prod":{"unit_type":0},"l1x":10,"l1y":4},{"data":1000010,"lvl":10,"x":35,"y":17,"l1x":27,"l1y":36},{"data":1000010,"lvl":10,"x":25,"y":21,"l1x":28,"l1y":36},{"data":1000013,"lvl":7,"x":31,"y":31,"l1x":15,"l1y":15},{"data":1000002,"lvl":10,"x":23,"y":35,"res_time":167935,"l1x":35,"l1y":35},{"data":1000004,"lvl":10,"x":35,"y":38,"res_time":89570,"l1x":16,"l1y":38},{"data":1000000,"lvl":7,"x":35,"y":10,"units":[[4000000,1],[4000010,30]],"storage_type":0,"l1x":3,"l1y":19},{"data":1000008,"lvl":11,"x":29,"y":26,"l1x":26,"l1y":37},{"data":1000009,"lvl":12,"x":16,"y":32,"l1x":15,"l1y":8},{"data":1000020,"lvl":4,"x":16,"y":37,"units":[[26000000,1],[26000002,3],[26000005,1]],"storage_type":1,"unit_prod":{"unit_type":1},"l1x":11,"l1y":7},{"data":1000010,"lvl":10,"x":25,"y":22,"l1x":29,"l1y":36},{"data":1000010,"lvl":10,"x":25,"y":23,"l1x":29,"l1y":35},{"data":1000010,"lvl":10,"x":25,"y":24,"l1x":29,"l1y":34},{"data":1000010,"lvl":10,"x":25,"y":25,"l1x":29,"l1y":33},{"data":1000010,"lvl":10,"x":24,"y":25,"l1x":34,"l1y":25},{"data":1000010,"lvl":10,"x":23,"y":25,"l1x":35,"l1y":25},{"data":1000010,"lvl":10,"x":22,"y":25,"l1x":36,"l1y":25},{"data":1000010,"lvl":10,"x":21,"y":25,"l1x":36,"l1y":26},{"data":1000010,"lvl":10,"x":14,"y":29,"l1x":36,"l1y":27},{"data":1000010,"lvl":10,"x":13,"y":29,"l1x":36,"l1y":28},{"data":1000010,"lvl":10,"x":12,"y":29,"l1x":36,"l1y":29},{"data":1000010,"lvl":10,"x":11,"y":26,"l1x":30,"l1y":30},{"data":1000010,"lvl":10,"x":11,"y":27,"l1x":35,"l1y":29},{"data":1000010,"lvl":10,"x":11,"y":28,"l1x":13,"l1y":13},{"data":1000010,"lvl":10,"x":11,"y":29,"l1x":29,"l1y":10},{"data":1000010,"lvl":10,"x":10,"y":29,"l1x":29,"l1y":9},{"data":1000010,"lvl":10,"x":9,"y":29,"l1x":29,"l1y":8},{"data":1000010,"lvl":10,"x":8,"y":29,"l1x":29,"l1y":7},{"data":1000010,"lvl":10,"x":7,"y":29,"l1x":28,"l1y":7},{"data":1000010,"lvl":10,"x":7,"y":28,"l1x":27,"l1y":7},{"data":1000010,"lvl":10,"x":21,"y":5,"l1x":34,"l1y":29},{"data":1000010,"lvl":10,"x":19,"y":36,"l1x":33,"l1y":29},{"data":1000010,"lvl":10,"x":16,"y":35,"l1x":25,"l1y":10},{"data":1000010,"lvl":10,"x":7,"y":17,"l1x":24,"l1y":10},{"data":1000010,"lvl":10,"x":18,"y":35,"l1x":23,"l1y":10},{"data":1000010,"lvl":10,"x":17,"y":35,"l1x":22,"l1y":10},{"data":1000010,"lvl":10,"x":19,"y":35,"l1x":26,"l1y":7},{"data":1000010,"lvl":10,"x":19,"y":34,"l1x":25,"l1y":7},{"data":1000010,"lvl":10,"x":19,"y":33,"l1x":21,"l1y":10},{"data":1000010,"lvl":10,"x":19,"y":32,"l1x":20,"l1y":10},{"data":1000010,"lvl":10,"x":6,"y":17,"l1x":25,"l1y":8},{"data":1000010,"lvl":10,"x":15,"y":35,"l1x":25,"l1y":9},{"data":1000010,"lvl":10,"x":15,"y":34,"l1x":33,"l1y":14},{"data":1000010,"lvl":10,"x":15,"y":33,"l1x":34,"l1y":14},{"data":1000010,"lvl":10,"x":15,"y":32,"l1x":35,"l1y":14},{"data":1000010,"lvl":10,"x":15,"y":31,"l1x":19,"l1y":10},{"data":1000010,"lvl":10,"x":15,"y":30,"l1x":36,"l1y":14},{"data":1000010,"lvl":10,"x":16,"y":31,"l1x":36,"l1y":15},{"data":1000010,"lvl":10,"x":17,"y":31,"l1x":18,"l1y":10},{"data":1000010,"lvl":10,"x":18,"y":31,"l1x":36,"l1y":16},{"data":1000010,"lvl":10,"x":19,"y":31,"l1x":36,"l1y":17},{"data":1000010,"lvl":10,"x":19,"y":30,"l1x":36,"l1y":18},{"data":1000010,"lvl":10,"x":15,"y":29,"l1x":10,"l1y":25},{"data":1000010,"lvl":10,"x":15,"y":28,"l1x":10,"l1y":24},{"data":1000010,"lvl":10,"x":15,"y":27,"l1x":10,"l1y":23},{"data":1000010,"lvl":10,"x":15,"y":26,"l1x":10,"l1y":22},{"data":1000010,"lvl":10,"x":19,"y":29,"l1x":10,"l1y":21},{"data":1000010,"lvl":10,"x":19,"y":28,"l1x":10,"l1y":20},{"data":1000010,"lvl":10,"x":19,"y":27,"l1x":10,"l1y":19},{"data":1000010,"lvl":10,"x":19,"y":26,"l1x":10,"l1y":18},{"data":1000010,"lvl":10,"x":7,"y":27,"l1x":17,"l1y":32},{"data":1000010,"lvl":10,"x":7,"y":26,"l1x":16,"l1y":32},{"data":1000010,"lvl":10,"x":7,"y":25,"l1x":15,"l1y":32},{"data":1000010,"lvl":10,"x":8,"y":25,"l1x":14,"l1y":32},{"data":1000010,"lvl":10,"x":8,"y":21,"l1x":14,"l1y":31},{"data":1000010,"lvl":10,"x":7,"y":21,"l1x":35,"l1y":18},{"data":1000010,"lvl":10,"x":8,"y":19,"l1x":34,"l1y":18},{"data":1000010,"lvl":10,"x":8,"y":20,"l1x":14,"l1y":30},{"data":1000010,"lvl":10,"x":5,"y":20,"l1x":14,"l1y":29},{"data":1000010,"lvl":10,"x":5,"y":21,"l1x":13,"l1y":29},{"data":1000010,"lvl":10,"x":8,"y":18,"l1x":12,"l1y":29},{"data":1000010,"lvl":10,"x":6,"y":21,"l1x":11,"l1y":29},{"data":1000010,"lvl":10,"x":8,"y":22,"l1x":11,"l1y":28},{"data":1000010,"lvl":10,"x":8,"y":23,"l1x":18,"l1y":9},{"data":1000010,"lvl":10,"x":8,"y":24,"l1x":18,"l1y":8},{"data":1000010,"lvl":10,"x":9,"y":25,"l1x":18,"l1y":7},{"data":1000010,"lvl":10,"x":10,"y":25,"l1x":17,"l1y":7},{"data":1000010,"lvl":10,"x":11,"y":25,"l1x":11,"l1y":27},{"data":1000010,"lvl":10,"x":12,"y":25,"l1x":11,"l1y":26},{"data":1000010,"lvl":10,"x":12,"y":21,"l1x":16,"l1y":7},{"data":1000010,"lvl":10,"x":11,"y":21,"l1x":15,"l1y":7},{"data":1000010,"lvl":10,"x":10,"y":21,"l1x":11,"l1y":25},{"data":1000010,"lvl":10,"x":9,"y":21,"l1x":14,"l1y":7},{"data":1000010,"lvl":10,"x":12,"y":20,"l1x":12,"l1y":25},{"data":1000010,"lvl":10,"x":12,"y":19,"l1x":14,"l1y":8},{"data":1000010,"lvl":10,"x":12,"y":18,"l1x":14,"l1y":9},{"data":1000010,"lvl":10,"x":9,"y":12,"l1x":14,"l1y":10},{"data":1000010,"lvl":10,"x":9,"y":11,"l1x":13,"l1y":25},{"data":1000010,"lvl":10,"x":9,"y":10,"l1x":14,"l1y":25},{"data":1000010,"lvl":10,"x":9,"y":9,"l1x":15,"l1y":25},{"data":1000010,"lvl":10,"x":10,"y":9,"l1x":16,"l1y":25},{"data":1000010,"lvl":10,"x":11,"y":9,"l1x":16,"l1y":18},{"data":1000010,"lvl":10,"x":12,"y":9,"l1x":15,"l1y":18},{"data":1000010,"lvl":10,"x":12,"y":17,"l1x":14,"l1y":18},{"data":1000010,"lvl":10,"x":11,"y":17,"l1x":13,"l1y":18},{"data":1000010,"lvl":10,"x":10,"y":17,"l1x":12,"l1y":18},{"data":1000010,"lvl":10,"x":9,"y":17,"l1x":11,"l1y":18},{"data":1000010,"lvl":10,"x":9,"y":16,"l1x":11,"l1y":17},{"data":1000010,"lvl":10,"x":9,"y":15,"l1x":11,"l1y":16},{"data":1000010,"lvl":10,"x":9,"y":14,"l1x":11,"l1y":15},{"data":1000010,"lvl":10,"x":9,"y":13,"l1x":10,"l1y":14},{"data":1000010,"lvl":10,"x":10,"y":13,"l1x":9,"l1y":14},{"data":1000010,"lvl":10,"x":11,"y":13,"l1x":8,"l1y":14},{"data":1000010,"lvl":10,"x":12,"y":13,"l1x":11,"l1y":14},{"data":1000010,"lvl":10,"x":16,"y":9,"l1x":12,"l1y":14},{"data":1000010,"lvl":10,"x":15,"y":9,"l1x":13,"l1y":14},{"data":1000010,"lvl":10,"x":14,"y":9,"l1x":7,"l1y":14},{"data":1000010,"lvl":10,"x":13,"y":9,"l1x":7,"l1y":15},{"data":1000012,"lvl":7,"x":14,"y":18,"l1x":29,"l1y":26},{"data":1000011,"lvl":7,"x":32,"y":23,"l1x":22,"l1y":11},{"data":1000002,"lvl":10,"x":35,"y":23,"res_time":167935,"l1x":36,"l1y":31},{"data":1000004,"lvl":10,"x":29,"y":38,"res_time":89569,"l1x":12,"l1y":38},{"data":1000013,"lvl":7,"x":20,"y":29,"l1x":15,"l1y":26},{"data":1000011,"lvl":7,"x":23,"y":32,"l1x":11,"l1y":19},{"data":1000010,"lvl":10,"x":13,"y":10,"l1x":14,"l1y":14},{"data":1000010,"lvl":10,"x":13,"y":11,"l1x":7,"l1y":16},{"data":1000010,"lvl":10,"x":16,"y":13,"l1x":7,"l1y":17},{"data":1000010,"lvl":10,"x":15,"y":13,"l1x":7,"l1y":18},{"data":1000024,"lvl":5,"x":26,"y":26,"l1x":27,"l1y":22},{"data":1000022,"lvl":0,"boost_t":2748,"x":20,"y":26,"l1x":12,"l1y":26},{"data":1000000,"lvl":7,"x":30,"y":10,"units":[[4000017,2]],"storage_type":0,"l1x":20,"l1y":3},{"data":1000008,"lvl":11,"x":26,"y":29,"l1x":26,"l1y":29},{"data":1000008,"lvl":11,"x":20,"y":34,"l1x":29,"l1y":15},{"data":1000026,"lvl":5,"x":6,"y":13,"unit_prod":{"unit_type":0},"l1x":11,"l1y":35},{"data":1000009,"lvl":12,"x":35,"y":35,"l1x":8,"l1y":15},{"data":1000013,"lvl":7,"x":29,"y":20,"l1x":26,"l1y":15},{"data":1000015,"lvl":0,"x":39,"y":20,"l1x":21,"l1y":34},{"data":1000010,"lvl":10,"x":14,"y":13,"l1x":8,"l1y":18},{"data":1000010,"lvl":10,"x":13,"y":12,"l1x":14,"l1y":13},{"data":1000010,"lvl":10,"x":13,"y":13,"l1x":9,"l1y":18},{"data":1000010,"lvl":10,"x":13,"y":14,"l1x":14,"l1y":12},{"data":1000010,"lvl":10,"x":13,"y":15,"l1x":9,"l1y":25},{"data":1000010,"lvl":10,"x":13,"y":16,"l1x":8,"l1y":25},{"data":1000010,"lvl":10,"x":16,"y":17,"l1x":7,"l1y":25},{"data":1000010,"lvl":10,"x":15,"y":17,"l1x":14,"l1y":11},{"data":1000010,"lvl":10,"x":14,"y":17,"l1x":7,"l1y":26},{"data":1000010,"lvl":10,"x":13,"y":17,"l1x":7,"l1y":27},{"data":1000010,"lvl":10,"x":5,"y":17,"l1x":7,"l1y":28},{"data":1000010,"lvl":10,"x":5,"y":18,"l1x":7,"l1y":29},{"data":1000010,"lvl":10,"x":5,"y":19,"l1x":8,"l1y":29},{"data":1000010,"lvl":10,"x":16,"y":25,"l1x":15,"l1y":11},{"data":1000010,"lvl":10,"x":15,"y":25,"l1x":9,"l1y":29},{"data":1000010,"lvl":10,"x":14,"y":25,"l1x":10,"l1y":29},{"data":1000010,"lvl":10,"x":13,"y":25,"l1x":14,"l1y":33},{"data":1000010,"lvl":10,"x":12,"y":22,"l1x":16,"l1y":11},{"data":1000010,"lvl":10,"x":12,"y":23,"l1x":17,"l1y":11},{"data":1000010,"lvl":10,"x":12,"y":24,"l1x":18,"l1y":11},{"data":1000010,"lvl":10,"x":13,"y":21,"l1x":18,"l1y":12},{"data":1000010,"lvl":10,"x":14,"y":21,"l1x":18,"l1y":13},{"data":1000010,"lvl":10,"x":15,"y":21,"l1x":18,"l1y":14},{"data":1000010,"lvl":10,"x":16,"y":21,"l1x":18,"l1y":15},{"data":1000010,"lvl":10,"x":19,"y":25,"l1x":18,"l1y":16},{"data":1000010,"lvl":10,"x":18,"y":25,"l1x":32,"l1y":17},{"data":1000010,"lvl":10,"x":17,"y":25,"l1x":14,"l1y":34},{"data":1000010,"lvl":10,"x":21,"y":6,"l1x":14,"l1y":35},{"data":1000010,"lvl":10,"x":36,"y":19,"l1x":14,"l1y":36},{"data":1000010,"lvl":10,"x":35,"y":19,"l1x":32,"l1y":16},{"data":1000010,"lvl":10,"x":34,"y":19,"l1x":32,"l1y":15},{"data":1000010,"lvl":10,"x":33,"y":19,"l1x":32,"l1y":14},{"data":1000010,"lvl":10,"x":29,"y":10,"l1x":31,"l1y":14},{"data":1000010,"lvl":10,"x":29,"y":9,"l1x":15,"l1y":36},{"data":1000010,"lvl":10,"x":29,"y":8,"l1x":30,"l1y":14},{"data":1000010,"lvl":10,"x":29,"y":7,"l1x":29,"l1y":14},{"data":1000010,"lvl":10,"x":28,"y":7,"l1x":29,"l1y":13},{"data":1000010,"lvl":10,"x":27,"y":7,"l1x":29,"l1y":12},{"data":1000010,"lvl":10,"x":26,"y":7,"l1x":29,"l1y":11},{"data":1000010,"lvl":10,"x":25,"y":7,"l1x":28,"l1y":11},{"data":1000010,"lvl":10,"x":25,"y":8,"l1x":16,"l1y":36},{"data":1000010,"lvl":10,"x":29,"y":14,"l1x":27,"l1y":11},{"data":1000010,"lvl":10,"x":29,"y":13,"l1x":17,"l1y":36},{"data":1000010,"lvl":10,"x":29,"y":12,"l1x":18,"l1y":36},{"data":1000010,"lvl":10,"x":29,"y":11,"l1x":18,"l1y":35},{"data":1000010,"lvl":10,"x":28,"y":11,"l1x":26,"l1y":11},{"data":1000010,"lvl":10,"x":27,"y":11,"l1x":18,"l1y":34},{"data":1000010,"lvl":10,"x":26,"y":11,"l1x":25,"l1y":11},{"data":1000010,"lvl":10,"x":17,"y":8,"l1x":25,"l1y":12},{"data":1000010,"lvl":10,"x":35,"y":18,"l1x":25,"l1y":13},{"data":1000010,"lvl":10,"x":35,"y":16,"l1x":25,"l1y":14},{"data":1000010,"lvl":10,"x":8,"y":17,"l1x":25,"l1y":15},{"data":1000010,"lvl":10,"x":35,"y":15,"l1x":25,"l1y":34},{"data":1000010,"lvl":10,"x":34,"y":15,"l1x":25,"l1y":16},{"data":1000010,"lvl":10,"x":33,"y":15,"l1x":25,"l1y":33},{"data":1000010,"lvl":10,"x":32,"y":15,"l1x":24,"l1y":33},{"data":1000010,"lvl":10,"x":31,"y":16,"l1x":25,"l1y":35},{"data":1000010,"lvl":10,"x":31,"y":17,"l1x":23,"l1y":33},{"data":1000010,"lvl":10,"x":31,"y":18,"l1x":25,"l1y":36},{"data":1000010,"lvl":10,"x":32,"y":19,"l1x":22,"l1y":33},{"data":1000010,"lvl":10,"x":19,"y":8,"l1x":26,"l1y":36},{"data":1000010,"lvl":10,"x":17,"y":7,"l1x":21,"l1y":33},{"data":1000010,"lvl":10,"x":17,"y":6,"l1x":20,"l1y":33},{"data":1000010,"lvl":10,"x":17,"y":5,"l1x":19,"l1y":33},{"data":1000010,"lvl":10,"x":20,"y":8,"l1x":18,"l1y":33},{"data":1000010,"lvl":10,"x":18,"y":8,"l1x":18,"l1y":32},{"data":1000010,"lvl":10,"x":21,"y":7,"l1x":18,"l1y":31},{"data":1000010,"lvl":10,"x":21,"y":8,"l1x":18,"l1y":30},{"data":1000010,"lvl":10,"x":17,"y":12,"l1x":18,"l1y":29},{"data":1000010,"lvl":10,"x":17,"y":11,"l1x":18,"l1y":28},{"data":1000010,"lvl":10,"x":17,"y":10,"l1x":18,"l1y":27},{"data":1000012,"lvl":7,"x":14,"y":22,"l1x":26,"l1y":12},{"data":1000019,"lvl":7,"x":6,"y":19,"l1x":18,"l1y":21},{"data":1000019,"lvl":7,"x":19,"y":6,"l1x":21,"l1y":18},{"data":1000006,"lvl":9,"x":22,"y":3,"unit_prod":{"unit_type":0},"l1x":4,"l1y":10},{"data":1000003,"lvl":10,"x":9,"y":18,"l1x":14,"l1y":22},{"data":1000023,"lvl":5,"x":6,"y":10,"res_time":50931,"l1x":5,"l1y":30},{"data":1000009,"lvl":12,"x":9,"y":22,"l1x":8,"l1y":26},{"data":1000011,"lvl":7,"x":28,"y":32,"l1x":19,"l1y":30},{"data":1000012,"lvl":7,"x":18,"y":14,"l1x":12,"l1y":15},{"data":1000005,"lvl":10,"x":29,"y":23,"l1x":22,"l1y":30},{"data":1000019,"lvl":7,"x":16,"y":26,"l1x":24,"l1y":21},{"data":1000010,"lvl":10,"x":17,"y":9,"l1x":33,"l1y":25},{"data":1000010,"lvl":10,"x":18,"y":12,"l1x":33,"l1y":24},{"data":1000010,"lvl":10,"x":19,"y":12,"l1x":33,"l1y":23},{"data":1000010,"lvl":10,"x":20,"y":12,"l1x":33,"l1y":22},{"data":1000010,"lvl":10,"x":17,"y":16,"l1x":33,"l1y":21},{"data":1000010,"lvl":10,"x":17,"y":15,"l1x":33,"l1y":20},{"data":1000010,"lvl":10,"x":17,"y":14,"l1x":33,"l1y":19},{"data":1000010,"lvl":10,"x":17,"y":13,"l1x":33,"l1y":18},{"data":1000010,"lvl":10,"x":18,"y":5,"l1x":32,"l1y":18},{"data":1000010,"lvl":10,"x":20,"y":5,"l1x":31,"l1y":18},{"data":1000010,"lvl":10,"x":19,"y":5,"l1x":30,"l1y":18},{"data":1000010,"lvl":10,"x":25,"y":12,"l1x":29,"l1y":18},{"data":1000010,"lvl":10,"x":25,"y":11,"l1x":28,"l1y":18},{"data":1000010,"lvl":10,"x":25,"y":10,"l1x":27,"l1y":18},{"data":1000010,"lvl":10,"x":25,"y":9,"l1x":25,"l1y":29},{"data":1000010,"lvl":10,"x":22,"y":8,"l1x":25,"l1y":30},{"data":1000010,"lvl":10,"x":23,"y":8,"l1x":25,"l1y":31},{"data":1000010,"lvl":10,"x":24,"y":8,"l1x":25,"l1y":32},{"data":1000010,"lvl":10,"x":21,"y":9,"l1x":26,"l1y":32},{"data":1000010,"lvl":10,"x":21,"y":10,"l1x":27,"l1y":32},{"data":1000010,"lvl":10,"x":21,"y":11,"l1x":28,"l1y":32},{"data":1000010,"lvl":10,"x":21,"y":12,"l1x":29,"l1y":32},{"data":1000010,"lvl":10,"x":31,"y":15,"l1x":29,"l1y":31},{"data":1000010,"lvl":10,"x":30,"y":15,"l1x":29,"l1y":30},{"data":1000010,"lvl":10,"x":29,"y":15,"l1x":29,"l1y":29},{"data":1000010,"lvl":10,"x":28,"y":15,"l1x":30,"l1y":29},{"data":1000010,"lvl":10,"x":27,"y":15,"l1x":31,"l1y":29},{"data":1000010,"lvl":10,"x":26,"y":15,"l1x":32,"l1y":29},{"data":1000010,"lvl":10,"x":31,"y":19,"l1x":32,"l1y":28},{"data":1000010,"lvl":10,"x":30,"y":19,"l1x":32,"l1y":27},{"data":1000010,"lvl":10,"x":29,"y":19,"l1x":32,"l1y":26},{"data":1000010,"lvl":10,"x":28,"y":19,"l1x":32,"l1y":25},{"data":1000010,"lvl":10,"x":27,"y":19,"l1x":31,"l1y":25},{"data":1000010,"lvl":10,"x":26,"y":19,"l1x":30,"l1y":25},{"data":1000010,"lvl":10,"x":25,"y":16,"l1x":29,"l1y":25},{"data":1000010,"lvl":10,"x":25,"y":15,"l1x":28,"l1y":25},{"data":1000010,"lvl":10,"x":25,"y":14,"l1x":27,"l1y":25},{"data":1000010,"lvl":10,"x":25,"y":13,"l1x":25,"l1y":28},{"data":1000010,"lvl":10,"x":23,"y":12,"l1x":25,"l1y":27},{"data":1000010,"lvl":10,"x":24,"y":12,"l1x":18,"l1y":18},{"data":1000010,"lvl":10,"x":22,"y":12,"l1x":17,"l1y":18},{"data":1000010,"lvl":10,"x":21,"y":13,"l1x":18,"l1y":17},{"data":1000010,"lvl":10,"x":21,"y":14,"l1x":19,"l1y":17},{"data":1000010,"lvl":10,"x":21,"y":15,"l1x":20,"l1y":17},{"data":1000010,"lvl":10,"x":21,"y":16,"l1x":21,"l1y":17},{"data":1000010,"lvl":10,"x":25,"y":17,"l1x":22,"l1y":17},{"data":1000010,"lvl":10,"x":25,"y":18,"l1x":23,"l1y":17},{"data":1000010,"lvl":10,"x":25,"y":19,"l1x":24,"l1y":17},{"data":1000010,"lvl":10,"x":25,"y":20,"l1x":25,"l1y":17},{"data":1000010,"lvl":10,"x":20,"y":25,"l1x":25,"l1y":18},{"data":1000009,"lvl":12,"x":32,"y":16,"l1x":15,"l1y":33},{"data":1000012,"lvl":7,"x":22,"y":14,"l1x":15,"l1y":29},{"data":1000011,"lvl":7,"x":32,"y":28,"l1x":30,"l1y":22},{"data":1000021,"lvl":3,"x":16,"y":28,"attack_mode":false,"attack_mode_war":false,"attack_mode_draft":false,"attack_mode_draft_war":false,"ammo":1500,"l1x":14,"l1y":19},{"data":1000021,"lvl":3,"x":14,"y":14,"attack_mode":false,"attack_mode_war":false,"attack_mode_draft":false,"attack_mode_draft_war":false,"ammo":1500,"l1x":19,"l1y":27},{"data":1000025,"lvl":0,"boost_t":2746,"x":26,"y":21,"l1x":19,"l1y":14},{"data":1000023,"lvl":5,"x":10,"y":14,"res_time":50931,"l1x":33,"l1y":26},{"data":1000005,"lvl":10,"x":38,"y":26,"l1x":30,"l1y":19},{"data":1000003,"lvl":10,"x":18,"y":9,"l1x":22,"l1y":27},{"data":1000010,"lvl":10,"x":20,"y":24,"l1x":26,"l1y":18},{"data":1000010,"lvl":10,"x":20,"y":23,"l1x":26,"l1y":19},{"data":1000010,"lvl":10,"x":17,"y":24,"l1x":26,"l1y":20},{"data":1000010,"lvl":10,"x":17,"y":23,"l1x":26,"l1y":21},{"data":1000010,"lvl":10,"x":24,"y":20,"l1x":26,"l1y":22},{"data":1000010,"lvl":10,"x":23,"y":20,"l1x":26,"l1y":23},{"data":1000010,"lvl":10,"x":24,"y":17,"l1x":26,"l1y":24},{"data":1000010,"lvl":10,"x":23,"y":17,"l1x":26,"l1y":25},{"data":1000010,"lvl":10,"x":22,"y":20,"l1x":25,"l1y":25},{"data":1000010,"lvl":10,"x":20,"y":22,"l1x":25,"l1y":26},{"data":1000010,"lvl":10,"x":19,"y":22,"l1x":24,"l1y":26},{"data":1000010,"lvl":10,"x":18,"y":22,"l1x":17,"l1y":19},{"data":1000010,"lvl":10,"x":17,"y":22,"l1x":17,"l1y":20},{"data":1000010,"lvl":10,"x":22,"y":19,"l1x":17,"l1y":21},{"data":1000010,"lvl":10,"x":22,"y":18,"l1x":17,"l1y":22},{"data":1000010,"lvl":10,"x":22,"y":17,"l1x":17,"l1y":23},{"data":1000010,"lvl":10,"x":21,"y":17,"l1x":17,"l1y":24},{"data":1000010,"lvl":10,"x":20,"y":17,"l1x":17,"l1y":25},{"data":1000010,"lvl":10,"x":19,"y":17,"l1x":23,"l1y":26},{"data":1000010,"lvl":10,"x":18,"y":17,"l1x":22,"l1y":26},{"data":1000010,"lvl":10,"x":17,"y":17,"l1x":21,"l1y":26},{"data":1000010,"lvl":10,"x":17,"y":18,"l1x":20,"l1y":26},{"data":1000010,"lvl":10,"x":17,"y":19,"l1x":18,"l1y":25},{"data":1000010,"lvl":10,"x":17,"y":20,"l1x":18,"l1y":26},{"data":1000010,"lvl":10,"x":17,"y":21,"l1x":19,"l1y":26},{"data":1000019,"lvl":7,"x":26,"y":16,"l1x":21,"l1y":24},{"data":1000015,"lvl":0,"x":20,"y":39,"l1x":34,"l1y":21},{"data":1000026,"lvl":5,"x":13,"y":6,"unit_prod":{"unit_type":0},"l1x":7,"l1y":7},{"data":1000008,"lvl":11,"x":34,"y":20,"l1x":15,"l1y":12},{"data":1000009,"lvl":12,"x":35,"y":26,"l1x":31,"l1y":31},{"data":1000021,"lvl":3,"x":28,"y":16,"attack_mode":false,"attack_mode_war":false,"attack_mode_draft":false,"attack_mode_draft_war":false,"ammo":1500,"l1x":27,"l1y":19},{"data":1000027,"lvl":2,"x":18,"y":23,"attack_mode":true,"attack_mode_war":true,"attack_mode_draft":true,"attack_mode_draft_war":true,"ammo":750,"l1x":23,"l1y":18},{"data":1000027,"lvl":2,"x":23,"y":18,"attack_mode":true,"attack_mode_war":true,"attack_mode_draft":true,"attack_mode_draft_war":true,"ammo":750,"l1x":19,"l1y":24},{"data":1000023,"lvl":5,"x":14,"y":10,"res_time":50930,"l1x":26,"l1y":33},{"data":1000002,"lvl":10,"x":35,"y":32,"res_time":167937,"l1x":31,"l1y":36},{"data":1000004,"lvl":10,"x":32,"y":38,"res_time":5086,"l1x":27,"l1y":3}],"obstacles":[{"data":8000000,"x":6,"y":0,"l1x":-1,"l1y":-1,"loot_multiply_ver":2},{"data":8000000,"x":0,"y":31,"l1x":-1,"l1y":-1,"loot_multiply_ver":2},{"data":8000000,"x":10,"y":42,"l1x":-1,"l1y":-1,"loot_multiply_ver":2},{"data":8000000,"x":25,"y":0,"l1x":-1,"l1y":-1,"loot_multiply_ver":2},{"data":8000000,"x":36,"y":0,"l1x":-1,"l1y":-1,"loot_multiply_ver":2},{"data":8000000,"x":0,"y":36,"l1x":-1,"l1y":-1,"loot_multiply_ver":2},{"data":8000008,"x":0,"y":19,"l1x":-1,"l1y":-1,"loot_multiply_ver":2},{"data":8000008,"x":0,"y":8,"l1x":-1,"l1y":-1,"loot_multiply_ver":2},{"data":8000008,"x":16,"y":0,"l1x":-1,"l1y":-1,"loot_multiply_ver":2},{"data":8000000,"x":0,"y":22,"l1x":-1,"l1y":-1,"loot_multiply_ver":2},{"data":8000000,"x":42,"y":13,"l1x":-1,"l1y":-1,"loot_multiply_ver":2},{"data":8000000,"x":0,"y":25,"l1x":-1,"l1y":-1,"loot_multiply_ver":2},{"data":8000000,"x":12,"y":0,"l1x":-1,"l1y":-1,"loot_multiply_ver":2},{"data":8000000,"x":42,"y":26,"l1x":-1,"l1y":-1,"loot_multiply_ver":2},{"data":8000004,"x":7,"y":42,"l1x":-1,"l1y":-1,"loot_multiply_ver":2},{"data":8000004,"x":13,"y":42,"l1x":-1,"l1y":-1,"loot_multiply_ver":2},{"data":8000004,"x":0,"y":12,"l1x":-1,"l1y":-1,"loot_multiply_ver":2},{"data":8000000,"x":9,"y":0,"l1x":-1,"l1y":-1,"loot_multiply_ver":2},{"data":8000004,"x":23,"y":42,"l1x":-1,"l1y":-1,"loot_multiply_ver":2},{"data":8000000,"x":20,"y":42,"l1x":-1,"l1y":-1,"loot_multiply_ver":2},{"data":8000000,"x":0,"y":16,"l1x":-1,"l1y":-1,"loot_multiply_ver":2},{"data":8000008,"x":32,"y":42,"l1x":-1,"l1y":-1,"loot_multiply_ver":2},{"data":8000030,"x":42,"y":40,"l1x":-1,"l1y":-1,"loot_multiply_ver":1},{"data":8000013,"x":30,"y":0,"l1x":-1,"l1y":-1,"loot_multiply_ver":2},{"data":8000004,"x":20,"y":0,"l1x":-1,"l1y":-1,"loot_multiply_ver":2},{"data":8000000,"x":16,"y":42,"l1x":-1,"l1y":-1,"loot_multiply_ver":2},{"data":8000010,"x":42,"y":36,"l1x":-1,"l1y":-1,"loot_multiply_ver":2},{"data":8000007,"x":36,"y":7,"l1x":-1,"l1y":-1,"loot_multiply_ver":2},{"data":8000004,"x":27,"y":42,"l1x":-1,"l1y":-1,"loot_multiply_ver":2},{"data":8000000,"x":42,"y":33,"l1x":-1,"l1y":-1,"loot_multiply_ver":2},{"data":8000004,"x":37,"y":42,"l1x":-1,"l1y":-1,"loot_multiply_ver":2},{"data":8000006,"x":42,"y":19,"l1x":-1,"l1y":-1,"loot_multiply_ver":2}],"traps":[{"data":12000000,"lvl":5,"x":32,"y":21,"l1x":31,"l1y":10},{"data":12000000,"lvl":5,"x":20,"y":32,"l1x":30,"l1y":10},{"data":12000000,"lvl":5,"x":21,"y":32,"l1x":23,"l1y":8},{"data":12000000,"lvl":5,"x":32,"y":20,"l1x":24,"l1y":9},{"data":12000001,"lvl":0,"x":18,"y":7,"l1x":19,"l1y":37},{"data":12000001,"lvl":0,"x":9,"y":8,"l1x":37,"l1y":15},{"data":12000005,"lvl":3,"x":20,"y":13,"l1x":9,"l1y":30},{"data":12000005,"lvl":3,"x":13,"y":20,"l1x":13,"l1y":34},{"data":12000002,"lvl":3,"x":6,"y":23,"l1x":23,"l1y":34},{"data":12000002,"lvl":3,"x":23,"y":6,"l1x":34,"l1y":30},{"data":12000000,"lvl":5,"x":33,"y":20,"l1x":35,"l1y":23},{"data":12000000,"lvl":5,"x":20,"y":33,"l1x":34,"l1y":24},{"data":12000001,"lvl":0,"x":8,"y":9,"l1x":25,"l1y":6},{"data":12000001,"lvl":0,"x":7,"y":18,"l1x":18,"l1y":6},{"data":12000006,"lvl":2,"x":18,"y":13,"l1x":25,"l1y":37},{"data":12000001,"lvl":0,"x":20,"y":4,"l1x":30,"l1y":37},{"data":12000001,"lvl":0,"x":4,"y":20,"l1x":37,"l1y":29},{"data":12000002,"lvl":3,"x":32,"y":26,"l1x":34,"l1y":19},{"data":12000005,"lvl":3,"x":13,"y":24,"l1x":19,"l1y":34},{"data":12000005,"lvl":3,"x":24,"y":13,"l1x":30,"l1y":33},{"data":12000006,"lvl":2,"x":27,"y":18,"l1x":19,"l1y":20},{"data":12000002,"lvl":3,"x":29,"y":29,"l1x":19,"l1y":8},{"data":12000006,"lvl":2,"x":24,"y":21,"l1x":19,"l1y":23},{"data":12000006,"lvl":2,"x":13,"y":18,"l1x":24,"l1y":20},{"data":12000006,"lvl":2,"x":21,"y":24,"l1x":23,"l1y":24},{"data":12000002,"lvl":3,"x":26,"y":32,"l1x":8,"l1y":19},{"data":12000005,"lvl":3,"x":21,"y":22,"l1x":31,"l1y":30}],"decos":[{"data":18000033,"x":40,"y":2,"l1x":40,"l1y":2},{"data":18000000,"x":2,"y":40,"l1x":2,"l1y":40},{"data":18000010,"x":4,"y":4,"l1x":40,"l1y":40},{"data":18000021,"x":2,"y":2,"l1x":38,"l1y":38},{"data":18000001,"x":4,"y":40,"l1x":34,"l1y":40},{"data":18000001,"x":2,"y":38,"l1x":37,"l1y":40},{"data":18000001,"x":40,"y":4,"l1x":40,"l1y":34},{"data":18000005,"x":4,"y":12,"l1x":5,"l1y":40},{"data":18000005,"x":4,"y":10,"l1x":2,"l1y":37},{"data":18000006,"x":10,"y":4,"l1x":8,"l1y":40},{"data":18000006,"x":8,"y":4,"l1x":2,"l1y":34},{"data":18000008,"x":6,"y":8,"l1x":5,"l1y":37},{"data":18000005,"x":4,"y":8,"l1x":37,"l1y":2},{"data":18000001,"x":38,"y":2,"l1x":40,"l1y":37},{"data":18000006,"x":6,"y":4,"l1x":40,"l1y":8},{"data":18000005,"x":4,"y":6,"l1x":40,"l1y":5},{"data":18000006,"x":12,"y":4,"l1x":34,"l1y":2},{"data":18000009,"x":8,"y":6,"l1x":37,"l1y":5},{"data":18000007,"x":6,"y":6,"l1x":2,"l1y":2},{"data":18000012,"x":18,"y":2,"l1x":2,"l1y":5},{"data":18000018,"x":2,"y":16,"l1x":8,"l1y":2},{"data":18000011,"x":2,"y":6,"l1x":5,"l1y":2},{"data":18000025,"x":40,"y":8,"l1x":2,"l1y":8},{"data":18000003,"x":20,"y":2,"l1x":-1,"l1y":-1},{"data":18000022,"x":8,"y":2,"l1x":-1,"l1y":-1},{"data":18000023,"x":6,"y":2,"l1x":-1,"l1y":-1},{"data":18000024,"x":4,"y":2,"l1x":-1,"l1y":-1},{"data":18000026,"x":12,"y":2,"l1x":-1,"l1y":-1},{"data":18000027,"x":2,"y":10,"l1x":-1,"l1y":-1},{"data":18000028,"x":2,"y":8,"l1x":-1,"l1y":-1},{"data":18000029,"x":2,"y":18,"l1x":-1,"l1y":-1},{"data":18000030,"x":2,"y":36,"l1x":-1,"l1y":-1},{"data":18000031,"x":40,"y":6,"l1x":-1,"l1y":-1},{"data":18000032,"x":36,"y":2,"l1x":-1,"l1y":-1},{"data":18000034,"x":2,"y":4,"l1x":-1,"l1y":-1},{"data":18000035,"x":2,"y":12,"l1x":-1,"l1y":-1},{"data":18000036,"x":2,"y":34,"l1x":-1,"l1y":-1},{"data":18000020,"x":14,"y":2,"l1x":-1,"l1y":-1},{"data":18000019,"x":10,"y":2,"l1x":-1,"l1y":-1},{"data":18000017,"x":2,"y":14,"l1x":-1,"l1y":-1},{"data":18000016,"x":34,"y":2,"l1x":-1,"l1y":-1},{"data":18000014,"x":6,"y":40,"l1x":-1,"l1y":-1},{"data":18000015,"x":8,"y":40,"l1x":-1,"l1y":-1},{"data":18000013,"x":16,"y":2,"l1x":-1,"l1y":-1}],"respawnVars":{"secondsFromLastRespawn":28106,"respawnSeed":1449276321,"obstacleClearCounter":9,"time_to_gembox_drop":597473,"time_in_gembox_period":100800},"cooldowns":[{"cooldown":6180281,"target":20000001},{"cooldown":3554023,"target":20000000}],"newShopBuildings":[4,0,7,4,7,4,4,1,6,7,250,4,4,3,1,5,0,0,0,4,1,3,1,3,1,1,2,2],"newShopTraps":[6,6,5,0,0,5,5,0],"newShopDecos":[1,4,0,1,1,4,4,1,1,1,1,1,1,1,1,1,1,1,1,1,1,1,1,1,1,1,1,1,1,1,1,1,1,1,1,1,1],"last_league_rank":16,"last_league_shuffle":1,"last_news_seen":81,"edit_mode_shown":true,"troop_req_msg":".....","war_tutorials_seen":0,"war_base":true}