{"buildings":[{"data":1000001,"lvl":9,"x":16,"y":22,"l1x":20,"l1y":20},{"data":1000004,"lvl":10,"x":21,"y":36,"res_time":178252,"l1x":16,"l1y":3},{"data":1000000,"lvl":7,"x":10,"y":35,"units":[[4000005,11]],"storage_type":0,"l1x":5,"l1y":27},{"data":1000015,"lvl":0,"x":24,"y":25,"l1x":15,"l1y":17},{"data":1000014,"lvl":5,"x":20,"y":19,"share_replay_time":380,"l1x":24,"l1y":22},{"data":1000008,"lvl":11,"x":6,"y":13,"l1x":18,"l1y":33},{"data":1000002,"lvl":10,"boost_t":66198,"x":36,"y":18,"res_time":177163,"l1x":6,"l1y":11},{"data":1000003,"lvl":10,"x":6,"y":16,"l1x":31,"l1y":30},{"data":1000015,"lvl":0,"x":32,"y":18,"l1x":22,"l1y":14},{"data":1000005,"lvl":10,"x":10,"y":14,"l1x":18,"l1y":30},{"data":1000006,"lvl":9,"x":36,"y":25,"unit_prod":{"unit_type":0,"t":0,"slots":[{"id":4000004,"cnt":2},{"id":4000000,"cnt":1},{"id":4000001,"cnt":1},{"id":4000005,"cnt":13}]},"l1x":18,"l1y":37},{"data":1000006,"lvl":9,"boost_t":5395,"x":34,"y":8,"unit_prod":{"unit_type":0,"t":0,"slots":[{"id":4000005,"cnt":15}]},"l1x":23,"l1y":37},{"data":1000009,"lvl":12,"x":17,"y":29,"l1x":24,"l1y":33},{"data":1000010,"lvl":10,"x":15,"y":28,"l1x":27,"l1y":21},{"data":1000010,"lvl":9,"x":20,"y":15,"l1x":17,"l1y":34},{"data":1000010,"lvl":9,"x":19,"y":15,"l1x":17,"l1y":35},{"data":1000010,"lvl":8,"x":31,"y":27,"l1x":17,"l1y":36},{"data":1000010,"lvl":8,"x":31,"y":26,"l1x":18,"l1y":36},{"data":1000008,"lvl":11,"x":29,"y":31,"l1x":34,"l1y":17},{"data":1000002,"lvl":10,"boost_t":66192,"x":21,"y":3,"res_time":177166,"l1x":12,"l1y":5},{"data":1000004,"lvl":10,"x":3,"y":14,"res_time":178214,"l1x":20,"l1y":3},{"data":1000005,"lvl":10,"x":8,"y":24,"l1x":11,"l1y":23},{"data":1000013,"lvl":7,"x":17,"y":16,"l1x":15,"l1y":14},{"data":1000010,"lvl":8,"x":31,"y":25,"l1x":19,"l1y":36},{"data":1000010,"lvl":8,"x":31,"y":24,"l1x":20,"l1y":36},{"data":1000010,"lvl":9,"x":18,"y":15,"l1x":21,"l1y":36},{"data":1000010,"lvl":9,"x":17,"y":15,"l1x":22,"l1y":36},{"data":1000010,"lvl":9,"x":16,"y":15,"l1x":30,"l1y":25},{"data":1000010,"lvl":10,"x":11,"y":27,"l1x":27,"l1y":20},{"data":1000010,"lvl":9,"x":15,"y":15,"l1x":30,"l1y":26},{"data":1000010,"lvl":8,"x":31,"y":23,"l1x":23,"l1y":36},{"data":1000010,"lvl":8,"x":31,"y":22,"l1x":24,"l1y":36},{"data":1000010,"lvl":8,"x":31,"y":21,"l1x":25,"l1y":36},{"data":1000010,"lvl":9,"x":14,"y":15,"l1x":26,"l1y":36},{"data":1000010,"lvl":8,"x":31,"y":20,"l1x":27,"l1y":36},{"data":1000010,"lvl":9,"x":26,"y":16,"l1x":27,"l1y":35},{"data":1000010,"lvl":9,"x":26,"y":17,"l1x":27,"l1y":34},{"data":1000010,"lvl":9,"x":26,"y":18,"l1x":27,"l1y":30},{"data":1000010,"lvl":10,"x":11,"y":29,"l1x":27,"l1y":19},{"data":1000010,"lvl":8,"x":31,"y":19,"l1x":27,"l1y":31},{"data":1000010,"lvl":9,"x":26,"y":19,"l1x":27,"l1y":32},{"data":1000010,"lvl":8,"x":31,"y":18,"l1x":27,"l1y":33},{"data":1000010,"lvl":8,"x":31,"y":17,"l1x":28,"l1y":33},{"data":1000010,"lvl":9,"x":26,"y":20,"l1x":29,"l1y":33},{"data":1000010,"lvl":9,"x":37,"y":5,"l1x":30,"l1y":33},{"data":1000010,"lvl":9,"x":37,"y":6,"l1x":31,"l1y":33},{"data":1000010,"lvl":9,"x":37,"y":7,"l1x":32,"l1y":33},{"data":1000010,"lvl":9,"x":37,"y":8,"l1x":33,"l1y":33},{"data":1000010,"lvl":9,"x":37,"y":9,"l1x":34,"l1y":33},{"data":1000010,"lvl":9,"x":37,"y":10,"l1x":34,"l1y":32},{"data":1000010,"lvl":9,"x":26,"y":21,"l1x":30,"l1y":27},{"data":1000010,"lvl":9,"x":26,"y":12,"l1x":30,"l1y":28},{"data":1000010,"lvl":10,"x":11,"y":30,"l1x":27,"l1y":18},{"data":1000010,"lvl":10,"x":15,"y":26,"l1x":27,"l1y":17},{"data":1000010,"lvl":10,"x":27,"y":28,"l1x":26,"l1y":17},{"data":1000010,"lvl":9,"x":26,"y":13,"l1x":30,"l1y":29},{"data":1000010,"lvl":9,"x":26,"y":14,"l1x":34,"l1y":31},{"data":1000010,"lvl":8,"x":31,"y":16,"l1x":34,"l1y":30},{"data":1000010,"lvl":8,"x":31,"y":15,"l1x":34,"l1y":29},{"data":1000010,"lvl":10,"x":25,"y":28,"l1x":25,"l1y":17},{"data":1000010,"lvl":9,"x":26,"y":15,"l1x":16,"l1y":13},{"data":1000010,"lvl":9,"x":27,"y":15,"l1x":17,"l1y":13},{"data":1000010,"lvl":9,"x":28,"y":15,"l1x":18,"l1y":13},{"data":1000010,"lvl":9,"x":29,"y":15,"l1x":19,"l1y":13},{"data":1000010,"lvl":9,"x":30,"y":2,"l1x":20,"l1y":13},{"data":1000010,"lvl":9,"x":29,"y":2,"l1x":21,"l1y":13},{"data":1000010,"lvl":9,"x":28,"y":2,"l1x":34,"l1y":28},{"data":1000010,"lvl":9,"x":27,"y":2,"l1x":22,"l1y":13},{"data":1000010,"lvl":8,"x":31,"y":14,"l1x":34,"l1y":27},{"data":1000010,"lvl":9,"x":26,"y":2,"l1x":23,"l1y":13},{"data":1000010,"lvl":8,"x":31,"y":12,"l1x":31,"l1y":26},{"data":1000010,"lvl":8,"x":34,"y":11,"l1x":32,"l1y":26},{"data":1000010,"lvl":8,"x":30,"y":8,"l1x":33,"l1y":26},{"data":1000010,"lvl":10,"x":24,"y":28,"l1x":25,"l1y":16},{"data":1000010,"lvl":9,"x":25,"y":2,"l1x":34,"l1y":26},{"data":1000010,"lvl":10,"x":23,"y":28,"l1x":24,"l1y":16},{"data":1000010,"lvl":9,"x":24,"y":2,"l1x":35,"l1y":26},{"data":1000010,"lvl":8,"x":32,"y":11,"l1x":36,"l1y":26},{"data":1000010,"lvl":10,"x":22,"y":28,"l1x":23,"l1y":16},{"data":1000010,"lvl":8,"x":30,"y":7,"l1x":37,"l1y":26},{"data":1000010,"lvl":9,"x":23,"y":2,"l1x":37,"l1y":25},{"data":1000010,"lvl":10,"x":21,"y":28,"l1x":22,"l1y":16},{"data":1000010,"lvl":8,"x":30,"y":9,"l1x":37,"l1y":24},{"data":1000010,"lvl":9,"x":22,"y":2,"l1x":37,"l1y":23},{"data":1000010,"lvl":8,"x":33,"y":11,"l1x":37,"l1y":22},{"data":1000010,"lvl":9,"x":21,"y":2,"l1x":37,"l1y":21},{"data":1000010,"lvl":9,"x":20,"y":2,"l1x":37,"l1y":20},{"data":1000010,"lvl":9,"x":19,"y":2,"l1x":37,"l1y":19},{"data":1000010,"lvl":9,"x":18,"y":2,"l1x":37,"l1y":18},{"data":1000010,"lvl":8,"x":31,"y":13,"l1x":37,"l1y":17},{"data":1000010,"lvl":9,"x":17,"y":2,"l1x":37,"l1y":16},{"data":1000010,"lvl":9,"x":16,"y":2,"l1x":36,"l1y":16},{"data":1000010,"lvl":9,"x":15,"y":2,"l1x":35,"l1y":16},{"data":1000009,"lvl":12,"x":23,"y":19,"l1x":31,"l1y":27},{"data":1000006,"lvl":9,"x":31,"y":5,"unit_prod":{"unit_type":0,"t":0,"slots":[{"id":4000005,"cnt":15}]},"l1x":28,"l1y":37},{"data":1000012,"lvl":7,"x":10,"y":18,"l1x":22,"l1y":30},{"data":1000007,"lvl":7,"x":2,"y":19,"l1x":6,"l1y":5},{"data":1000015,"lvl":0,"x":37,"y":23,"l1x":20,"l1y":18},{"data":1000010,"lvl":9,"x":14,"y":2,"l1x":31,"l1y":16},{"data":1000010,"lvl":9,"x":39,"y":11,"l1x":32,"l1y":16},{"data":1000010,"lvl":9,"x":11,"y":28,"l1x":24,"l1y":13},{"data":1000010,"lvl":9,"x":14,"y":30,"l1x":33,"l1y":16},{"data":1000010,"lvl":9,"x":15,"y":27,"l1x":34,"l1y":16},{"data":1000010,"lvl":8,"x":29,"y":11,"l1x":34,"l1y":15},{"data":1000010,"lvl":8,"x":17,"y":11,"l1x":34,"l1y":14},{"data":1000010,"lvl":9,"x":28,"y":28,"l1x":25,"l1y":13},{"data":1000010,"lvl":9,"x":29,"y":28,"l1x":26,"l1y":13},{"data":1000010,"lvl":9,"x":30,"y":28,"l1x":27,"l1y":13},{"data":1000010,"lvl":9,"x":38,"y":28,"l1x":28,"l1y":13},{"data":1000010,"lvl":9,"x":37,"y":28,"l1x":29,"l1y":13},{"data":1000010,"lvl":8,"x":25,"y":11,"l1x":34,"l1y":13},{"data":1000010,"lvl":8,"x":27,"y":11,"l1x":34,"l1y":12},{"data":1000010,"lvl":8,"x":30,"y":10,"l1x":34,"l1y":11},{"data":1000010,"lvl":9,"x":25,"y":15,"l1x":34,"l1y":10},{"data":1000010,"lvl":9,"x":34,"y":28,"l1x":34,"l1y":9},{"data":1000010,"lvl":8,"x":25,"y":10,"l1x":33,"l1y":9},{"data":1000010,"lvl":9,"x":33,"y":28,"l1x":32,"l1y":9},{"data":1000008,"lvl":11,"x":7,"y":27,"l1x":34,"l1y":23},{"data":1000009,"lvl":11,"x":14,"y":7,"l1x":31,"l1y":17},{"data":1000010,"lvl":9,"x":22,"y":15,"l1x":31,"l1y":9},{"data":1000010,"lvl":9,"x":35,"y":27,"l1x":30,"l1y":13},{"data":1000010,"lvl":9,"x":35,"y":26,"l1x":30,"l1y":9},{"data":1000010,"lvl":9,"x":35,"y":25,"l1x":29,"l1y":9},{"data":1000010,"lvl":8,"x":26,"y":10,"l1x":28,"l1y":9},{"data":1000010,"lvl":8,"x":27,"y":10,"l1x":27,"l1y":12},{"data":1000020,"lvl":4,"x":39,"y":29,"units":[[26000002,3],[26000005,2]],"storage_type":1,"unit_prod":{"unit_type":1},"l1x":35,"l1y":34},{"data":1000000,"lvl":7,"x":32,"y":29,"units":[[4000010,22],[4000004,2],[4000005,2],[4000000,1],[4000001,1]],"storage_type":0,"l1x":28,"l1y":4},{"data":1000013,"lvl":7,"x":23,"y":22,"l1x":22,"l1y":26},{"data":1000004,"lvl":10,"x":36,"y":15,"res_time":178193,"l1x":24,"l1y":3},{"data":1000002,"lvl":10,"boost_t":66195,"x":32,"y":22,"res_time":179973,"l1x":35,"l1y":6},{"data":1000010,"lvl":9,"x":35,"y":24,"l1x":27,"l1y":11},{"data":1000010,"lvl":9,"x":35,"y":23,"l1x":14,"l1y":13},{"data":1000010,"lvl":10,"x":20,"y":28,"l1x":21,"l1y":17},{"data":1000010,"lvl":9,"x":35,"y":22,"l1x":27,"l1y":10},{"data":1000010,"lvl":9,"x":35,"y":21,"l1x":27,"l1y":9},{"data":1000010,"lvl":9,"x":35,"y":20,"l1x":27,"l1y":8},{"data":1000010,"lvl":9,"x":35,"y":19,"l1x":27,"l1y":7},{"data":1000010,"lvl":9,"x":35,"y":18,"l1x":14,"l1y":14},{"data":1000010,"lvl":8,"x":28,"y":10,"l1x":27,"l1y":6},{"data":1000010,"lvl":8,"x":29,"y":10,"l1x":26,"l1y":6},{"data":1000010,"lvl":9,"x":35,"y":17,"l1x":25,"l1y":6},{"data":1000010,"lvl":10,"x":19,"y":28,"l1x":20,"l1y":17},{"data":1000010,"lvl":10,"x":18,"y":28,"l1x":19,"l1y":17},{"data":1000010,"lvl":9,"x":35,"y":16,"l1x":14,"l1y":15},{"data":1000010,"lvl":9,"x":35,"y":15,"l1x":14,"l1y":16},{"data":1000010,"lvl":9,"x":35,"y":14,"l1x":14,"l1y":17},{"data":1000010,"lvl":8,"x":26,"y":11,"l1x":24,"l1y":6},{"data":1000010,"lvl":9,"x":35,"y":13,"l1x":14,"l1y":18},{"data":1000010,"lvl":9,"x":35,"y":12,"l1x":23,"l1y":6},{"data":1000010,"lvl":10,"x":17,"y":28,"l1x":21,"l1y":16},{"data":1000010,"lvl":9,"x":32,"y":28,"l1x":14,"l1y":19},{"data":1000010,"lvl":10,"x":16,"y":28,"l1x":17,"l1y":17},{"data":1000010,"lvl":10,"x":15,"y":30,"l1x":18,"l1y":17},{"data":1000010,"lvl":8,"x":21,"y":15,"l1x":22,"l1y":6},{"data":1000010,"lvl":8,"x":18,"y":10,"l1x":21,"l1y":6},{"data":1000011,"lvl":7,"x":8,"y":31,"l1x":28,"l1y":30},{"data":1000011,"lvl":7,"x":14,"y":12,"l1x":31,"l1y":13},{"data":1000000,"lvl":7,"x":8,"y":8,"units":[[4000010,17],[4000005,6]],"storage_type":0,"l1x":12,"l1y":34},{"data":1000015,"lvl":0,"x":22,"y":7,"l1x":28,"l1y":20},{"data":1000004,"lvl":10,"x":16,"y":36,"res_time":178215,"l1x":4,"l1y":15},{"data":1000003,"lvl":10,"x":6,"y":21,"l1x":31,"l1y":10},{"data":1000004,"lvl":10,"x":4,"y":28,"res_time":178215,"l1x":38,"l1y":20},{"data":1000004,"lvl":10,"x":24,"y":3,"res_time":178212,"l1x":4,"l1y":23},{"data":1000015,"lvl":0,"x":18,"y":3,"l1x":18,"l1y":18},{"data":1000002,"lvl":10,"boost_t":66193,"x":27,"y":7,"res_time":177165,"l1x":7,"l1y":34},{"data":1000002,"lvl":10,"boost_t":63585,"x":18,"y":7,"res_time":177166,"l1x":35,"l1y":29},{"data":1000002,"lvl":10,"boost_t":66188,"x":23,"y":12,"res_time":177165,"l1x":38,"l1y":16},{"data":1000006,"lvl":9,"boost_t":5451,"x":27,"y":3,"unit_prod":{"unit_type":0,"t":0,"slots":[{"id":4000005,"cnt":15}]},"l1x":30,"l1y":34},{"data":1000008,"lvl":11,"x":12,"y":32,"l1x":23,"l1y":10},{"data":1000009,"lvl":12,"x":32,"y":25,"l1x":28,"l1y":10},{"data":1000008,"lvl":11,"x":32,"y":15,"l1x":11,"l1y":13},{"data":1000010,"lvl":9,"x":31,"y":28,"l1x":14,"l1y":20},{"data":1000010,"lvl":9,"x":24,"y":15,"l1x":20,"l1y":6},{"data":1000010,"lvl":9,"x":39,"y":27,"l1x":19,"l1y":6},{"data":1000010,"lvl":9,"x":39,"y":26,"l1x":14,"l1y":21},{"data":1000010,"lvl":10,"x":13,"y":30,"l1x":17,"l1y":18},{"data":1000010,"lvl":9,"x":39,"y":25,"l1x":18,"l1y":6},{"data":1000010,"lvl":9,"x":39,"y":24,"l1x":17,"l1y":6},{"data":1000010,"lvl":10,"x":12,"y":30,"l1x":17,"l1y":19},{"data":1000010,"lvl":10,"x":13,"y":26,"l1x":17,"l1y":20},{"data":1000010,"lvl":9,"x":39,"y":23,"l1x":17,"l1y":7},{"data":1000010,"lvl":8,"x":17,"y":10,"l1x":17,"l1y":8},{"data":1000000,"lvl":7,"x":8,"y":3,"units":[[4000005,11],[4000010,3]],"storage_type":0,"l1x":35,"l1y":11},{"data":1000010,"lvl":9,"x":39,"y":22,"l1x":17,"l1y":12},{"data":1000010,"lvl":9,"x":39,"y":21,"l1x":17,"l1y":11},{"data":1000010,"lvl":9,"x":39,"y":20,"l1x":17,"l1y":10},{"data":1000010,"lvl":9,"x":39,"y":19,"l1x":14,"l1y":22},{"data":1000010,"lvl":9,"x":39,"y":18,"l1x":17,"l1y":9},{"data":1000010,"lvl":10,"x":11,"y":26,"l1x":17,"l1y":21},{"data":1000010,"lvl":9,"x":39,"y":17,"l1x":14,"l1y":24},{"data":1000010,"lvl":8,"x":16,"y":10,"l1x":16,"l1y":9},{"data":1000010,"lvl":8,"x":15,"y":10,"l1x":15,"l1y":9},{"data":1000010,"lvl":8,"x":14,"y":10,"l1x":14,"l1y":9},{"data":1000010,"lvl":8,"x":24,"y":10,"l1x":13,"l1y":9},{"data":1000010,"lvl":9,"x":39,"y":16,"l1x":14,"l1y":25},{"data":1000010,"lvl":9,"x":39,"y":15,"l1x":12,"l1y":9},{"data":1000010,"lvl":9,"x":39,"y":14,"l1x":11,"l1y":9},{"data":1000010,"lvl":8,"x":15,"y":11,"l1x":10,"l1y":9},{"data":1000010,"lvl":9,"x":39,"y":13,"l1x":10,"l1y":10},{"data":1000010,"lvl":9,"x":39,"y":12,"l1x":14,"l1y":26},{"data":1000010,"lvl":9,"x":23,"y":15,"l1x":10,"l1y":11},{"data":1000010,"lvl":8,"x":28,"y":11,"l1x":10,"l1y":12},{"data":1000010,"lvl":9,"x":37,"y":11,"l1x":10,"l1y":13},{"data":1000010,"lvl":8,"x":16,"y":11,"l1x":10,"l1y":14},{"data":1000010,"lvl":9,"x":38,"y":11,"l1x":10,"l1y":15},{"data":1000010,"lvl":9,"x":36,"y":11,"l1x":13,"l1y":16},{"data":1000010,"lvl":9,"x":35,"y":11,"l1x":12,"l1y":16},{"data":1000010,"lvl":10,"x":13,"y":25,"l1x":17,"l1y":22},{"data":1000010,"lvl":9,"x":26,"y":27,"l1x":14,"l1y":27},{"data":1000010,"lvl":9,"x":26,"y":26,"l1x":11,"l1y":16},{"data":1000010,"lvl":10,"x":13,"y":24,"l1x":17,"l1y":23},{"data":1000010,"lvl":10,"x":13,"y":23,"l1x":17,"l1y":24},{"data":1000010,"lvl":9,"x":26,"y":25,"l1x":14,"l1y":28},{"data":1000010,"lvl":8,"x":18,"y":11,"l1x":10,"l1y":16},{"data":1000010,"lvl":9,"x":30,"y":5,"l1x":14,"l1y":29},{"data":1000010,"lvl":8,"x":30,"y":19,"l1x":9,"l1y":16},{"data":1000010,"lvl":9,"x":30,"y":4,"l1x":15,"l1y":13},{"data":1000010,"lvl":9,"x":30,"y":3,"l1x":15,"l1y":29},{"data":1000010,"lvl":8,"x":30,"y":21,"l1x":8,"l1y":16},{"data":1000010,"lvl":9,"x":14,"y":11,"l1x":7,"l1y":16},{"data":1000010,"lvl":9,"x":31,"y":4,"l1x":16,"l1y":29},{"data":1000010,"lvl":8,"x":30,"y":23,"l1x":7,"l1y":17},{"data":1000013,"lvl":7,"x":31,"y":8,"l1x":26,"l1y":14},{"data":1000012,"lvl":7,"x":21,"y":29,"l1x":31,"l1y":20},{"data":1000026,"lvl":5,"boost_t":5459,"x":36,"y":12,"unit_prod":{"unit_type":0,"t":0,"slots":[{"id":4000010,"cnt":42}]},"l1x":38,"l1y":30},{"data":1000024,"lvl":5,"x":25,"y":33,"l1x":31,"l1y":23},{"data":1000022,"lvl":0,"boost_t":2416,"x":17,"y":19,"l1x":18,"l1y":14},{"data":1000019,"lvl":7,"x":7,"y":19,"l1x":25,"l1y":18},{"data":1000019,"lvl":7,"x":24,"y":31,"l1x":15,"l1y":21},{"data":1000005,"lvl":10,"x":26,"y":29,"l1x":24,"l1y":7},{"data":1000003,"lvl":10,"x":20,"y":32,"l1x":11,"l1y":10},{"data":1000009,"lvl":12,"x":9,"y":21,"l1x":21,"l1y":7},{"data":1000012,"lvl":7,"x":17,"y":12,"l1x":20,"l1y":10},{"data":1000011,"lvl":7,"x":27,"y":25,"l1x":14,"l1y":10},{"data":1000010,"lvl":10,"x":13,"y":22,"l1x":17,"l1y":25},{"data":1000010,"lvl":9,"x":19,"y":11,"l1x":17,"l1y":29},{"data":1000010,"lvl":9,"x":20,"y":11,"l1x":18,"l1y":29},{"data":1000010,"lvl":9,"x":21,"y":11,"l1x":19,"l1y":29},{"data":1000010,"lvl":9,"x":22,"y":11,"l1x":20,"l1y":29},{"data":1000010,"lvl":9,"x":23,"y":11,"l1x":21,"l1y":29},{"data":1000010,"lvl":9,"x":24,"y":11,"l1x":7,"l1y":18},{"data":1000010,"lvl":9,"x":35,"y":4,"l1x":22,"l1y":29},{"data":1000010,"lvl":9,"x":34,"y":4,"l1x":23,"l1y":29},{"data":1000010,"lvl":9,"x":32,"y":4,"l1x":24,"l1y":29},{"data":1000010,"lvl":9,"x":33,"y":4,"l1x":7,"l1y":19},{"data":1000010,"lvl":9,"x":36,"y":4,"l1x":25,"l1y":29},{"data":1000010,"lvl":10,"x":13,"y":21,"l1x":18,"l1y":25},{"data":1000010,"lvl":9,"x":30,"y":11,"l1x":7,"l1y":20},{"data":1000010,"lvl":8,"x":30,"y":25,"l1x":7,"l1y":21},{"data":1000010,"lvl":9,"x":13,"y":14,"l1x":7,"l1y":22},{"data":1000010,"lvl":9,"x":26,"y":23,"l1x":26,"l1y":29},{"data":1000010,"lvl":9,"x":26,"y":22,"l1x":27,"l1y":29},{"data":1000010,"lvl":9,"x":26,"y":24,"l1x":28,"l1y":29},{"data":1000010,"lvl":9,"x":14,"y":26,"l1x":7,"l1y":23},{"data":1000010,"lvl":9,"x":15,"y":29,"l1x":7,"l1y":24},{"data":1000010,"lvl":10,"x":13,"y":20,"l1x":19,"l1y":25},{"data":1000010,"lvl":9,"x":12,"y":26,"l1x":10,"l1y":27},{"data":1000010,"lvl":9,"x":13,"y":13,"l1x":10,"l1y":28},{"data":1000010,"lvl":9,"x":13,"y":12,"l1x":10,"l1y":29},{"data":1000010,"lvl":8,"x":30,"y":27,"l1x":10,"l1y":30},{"data":1000010,"lvl":8,"x":30,"y":26,"l1x":10,"l1y":31},{"data":1000010,"lvl":8,"x":30,"y":24,"l1x":10,"l1y":32},{"data":1000010,"lvl":9,"x":13,"y":11,"l1x":29,"l1y":29},{"data":1000010,"lvl":9,"x":13,"y":10,"l1x":30,"l1y":14},{"data":1000010,"lvl":8,"x":30,"y":22,"l1x":10,"l1y":33},{"data":1000010,"lvl":8,"x":30,"y":20,"l1x":11,"l1y":33},{"data":1000010,"lvl":9,"x":13,"y":9,"l1x":30,"l1y":15},{"data":1000010,"lvl":10,"x":13,"y":19,"l1x":20,"l1y":25},{"data":1000010,"lvl":8,"x":30,"y":18,"l1x":12,"l1y":33},{"data":1000010,"lvl":8,"x":30,"y":17,"l1x":13,"l1y":33},{"data":1000010,"lvl":8,"x":30,"y":16,"l1x":14,"l1y":33},{"data":1000010,"lvl":10,"x":13,"y":18,"l1x":21,"l1y":25},{"data":1000010,"lvl":10,"x":13,"y":17,"l1x":22,"l1y":25},{"data":1000010,"lvl":9,"x":13,"y":8,"l1x":30,"l1y":16},{"data":1000010,"lvl":8,"x":30,"y":15,"l1x":15,"l1y":33},{"data":1000010,"lvl":9,"x":13,"y":7,"l1x":30,"l1y":17},{"data":1000010,"lvl":9,"x":31,"y":11,"l1x":30,"l1y":18},{"data":1000010,"lvl":9,"x":13,"y":3,"l1x":30,"l1y":19},{"data":1000010,"lvl":9,"x":13,"y":4,"l1x":30,"l1y":20},{"data":1000010,"lvl":9,"x":13,"y":5,"l1x":30,"l1y":21},{"data":1000010,"lvl":9,"x":30,"y":6,"l1x":16,"l1y":33},{"data":1000010,"lvl":8,"x":30,"y":14,"l1x":17,"l1y":33},{"data":1000010,"lvl":9,"x":14,"y":6,"l1x":17,"l1y":32},{"data":1000010,"lvl":9,"x":15,"y":6,"l1x":30,"l1y":22},{"data":1000019,"lvl":7,"x":14,"y":24,"l1x":28,"l1y":27},{"data":1000023,"lvl":5,"x":20,"y":12,"res_time":56250,"l1x":21,"l1y":33},{"data":1000026,"lvl":4,"const_t":391431,"x":14,"y":3,"unit_prod":{"unit_type":0},"l1x":38,"l1y":25},{"data":1000009,"lvl":12,"x":34,"y":5,"l1x":11,"l1y":17},{"data":1000003,"lvl":10,"x":23,"y":16,"l1x":11,"l1y":30},{"data":1000005,"lvl":10,"x":17,"y":32,"l1x":8,"l1y":17},{"data":1000012,"lvl":7,"x":27,"y":22,"l1x":11,"l1y":20},{"data":1000011,"lvl":7,"x":27,"y":12,"l1x":11,"l1y":27},{"data":1000021,"lvl":3,"x":14,"y":18,"attack_mode":false,"attack_mode_war":true,"attack_mode_draft":false,"attack_mode_draft_war":true,"ammo":1198,"l1x":25,"l1y":26},{"data":1000019,"lvl":7,"x":16,"y":26,"l1x":24,"l1y":14},{"data":1000010,"lvl":9,"x":16,"y":6,"l1x":17,"l1y":31},{"data":1000010,"lvl":9,"x":17,"y":6,"l1x":30,"l1y":23},{"data":1000010,"lvl":9,"x":18,"y":6,"l1x":15,"l1y":23},{"data":1000010,"lvl":9,"x":19,"y":6,"l1x":16,"l1y":23},{"data":1000010,"lvl":9,"x":20,"y":6,"l1x":14,"l1y":23},{"data":1000010,"lvl":9,"x":21,"y":6,"l1x":17,"l1y":30},{"data":1000010,"lvl":9,"x":22,"y":6,"l1x":7,"l1y":25},{"data":1000010,"lvl":9,"x":23,"y":6,"l1x":29,"l1y":19},{"data":1000010,"lvl":10,"x":13,"y":16,"l1x":28,"l1y":19},{"data":1000010,"lvl":8,"x":30,"y":13,"l1x":7,"l1y":26},{"data":1000010,"lvl":10,"x":13,"y":15,"l1x":23,"l1y":25},{"data":1000010,"lvl":10,"x":26,"y":28,"l1x":27,"l1y":25},{"data":1000010,"lvl":10,"x":36,"y":28,"l1x":27,"l1y":24},{"data":1000010,"lvl":10,"x":35,"y":28,"l1x":24,"l1y":25},{"data":1000010,"lvl":8,"x":30,"y":12,"l1x":8,"l1y":26},{"data":1000010,"lvl":9,"x":24,"y":6,"l1x":9,"l1y":26},{"data":1000010,"lvl":9,"x":25,"y":6,"l1x":10,"l1y":26},{"data":1000010,"lvl":9,"x":26,"y":6,"l1x":11,"l1y":26},{"data":1000010,"lvl":9,"x":27,"y":6,"l1x":12,"l1y":26},{"data":1000010,"lvl":10,"x":39,"y":28,"l1x":25,"l1y":25},{"data":1000010,"lvl":10,"x":37,"y":4,"l1x":27,"l1y":23},{"data":1000010,"lvl":9,"x":28,"y":6,"l1x":13,"l1y":26},{"data":1000010,"lvl":9,"x":29,"y":6,"l1x":30,"l1y":24},{"data":1000010,"lvl":10,"x":13,"y":6,"l1x":27,"l1y":22},{"data":1000010,"lvl":10,"x":13,"y":2,"l1x":26,"l1y":25},{"data":1000021,"lvl":3,"x":21,"y":25,"attack_mode":false,"attack_mode_war":true,"attack_mode_draft":false,"attack_mode_draft_war":true,"ammo":1166,"l1x":15,"l1y":26},{"data":1000025,"lvl":0,"boost_t":5392,"x":20,"y":22,"l1x":19,"l1y":26},{"data":1000023,"lvl":5,"x":27,"y":19,"res_time":57587,"l1x":8,"l1y":20},{"data":1000008,"lvl":11,"x":24,"y":7,"l1x":8,"l1y":23},{"data":1000009,"lvl":12,"x":20,"y":16,"l1x":14,"l1y":30},{"data":1000004,"lvl":10,"x":4,"y":24,"res_time":178215,"l1x":4,"l1y":19},{"data":1000002,"lvl":10,"boost_t":66190,"x":27,"y":16,"res_time":179975,"l1x":34,"l1y":20},{"data":1000023,"lvl":5,"x":32,"y":12,"res_time":56250,"l1x":18,"l1y":7},{"data":1000027,"lvl":2,"x":14,"y":21,"attack_mode":true,"attack_mode_war":false,"attack_mode_draft":true,"attack_mode_draft_war":false,"ammo":685,"l1x":24,"l1y":20},{"data":1000021,"lvl":3,"x":12,"y":27,"attack_mode":false,"attack_mode_war":true,"attack_mode_draft":false,"attack_mode_draft_war":true,"ammo":1316,"l1x":22,"l1y":17},{"data":1000027,"lvl":2,"x":19,"y":26,"attack_mode":true,"attack_mode_war":false,"attack_mode_draft":true,"attack_mode_draft_war":false,"ammo":481,"l1x":18,"l1y":20}],"obstacles":[{"data":8000000,"x":1,"y":0,"l1x":-1,"l1y":-1,"loot_multiply_ver":1},{"data":8000000,"x":32,"y":0,"l1x":-1,"l1y":-1,"loot_multiply_ver":1},{"data":8000000,"x":11,"y":0,"l1x":-1,"l1y":-1,"loot_multiply_ver":1},{"data":8000000,"x":0,"y":34,"l1x":-1,"l1y":-1,"loot_multiply_ver":1},{"data":8000000,"x":0,"y":25,"l1x":-1,"l1y":-1,"loot_multiply_ver":1},{"data":8000000,"x":25,"y":0,"l1x":-1,"l1y":-1,"loot_multiply_ver":1},{"data":8000000,"x":29,"y":0,"l1x":-1,"l1y":-1,"loot_multiply_ver":1},{"data":8000000,"x":0,"y":17,"l1x":-1,"l1y":-1,"loot_multiply_ver":1},{"data":8000000,"x":0,"y":28,"l1x":-1,"l1y":-1,"loot_multiply_ver":2},{"data":8000000,"x":22,"y":0,"l1x":-1,"l1y":-1,"loot_multiply_ver":2},{"data":8000000,"x":36,"y":0,"l1x":-1,"l1y":-1,"loot_multiply_ver":2},{"data":8000000,"x":42,"y":19,"l1x":-1,"l1y":-1,"loot_multiply_ver":2},{"data":8000000,"x":13,"y":42,"l1x":-1,"l1y":-1,"loot_multiply_ver":2},{"data":8000000,"x":33,"y":42,"l1x":-1,"l1y":-1,"loot_multiply_ver":2},{"data":8000000,"x":30,"y":42,"l1x":-1,"l1y":-1,"loot_multiply_ver":2},{"data":8000000,"x":0,"y":31,"l1x":-1,"l1y":-1,"loot_multiply_ver":2},{"data":8000000,"x":8,"y":41,"l1x":-1,"l1y":-1,"loot_multiply_ver":2},{"data":8000000,"x":42,"y":27,"l1x":-1,"l1y":-1,"loot_multiply_ver":2},{"data":8000000,"x":0,"y":12,"l1x":-1,"l1y":-1,"loot_multiply_ver":2},{"data":8000000,"x":0,"y":9,"l1x":-1,"l1y":-1,"loot_multiply_ver":2},{"data":8000000,"x":1,"y":39,"l1x":-1,"l1y":-1,"loot_multiply_ver":2},{"data":8000000,"x":42,"y":37,"l1x":-1,"l1y":-1,"loot_multiply_ver":2},{"data":8000000,"x":39,"y":42,"l1x":-1,"l1y":-1,"loot_multiply_ver":2},{"data":8000000,"x":1,"y":42,"l1x":-1,"l1y":-1,"loot_multiply_ver":2},{"data":8000000,"x":4,"y":41,"l1x":-1,"l1y":-1,"loot_multiply_ver":2},{"data":8000000,"x":0,"y":22,"l1x":-1,"l1y":-1,"loot_multiply_ver":2},{"data":8000000,"x":22,"y":42,"l1x":-1,"l1y":-1,"loot_multiply_ver":2},{"data":8000000,"x":8,"y":1,"l1x":-1,"l1y":-1,"loot_multiply_ver":2},{"data":8000000,"x":14,"y":0,"l1x":-1,"l1y":-1,"loot_multiply_ver":2},{"data":8000000,"x":42,"y":15,"l1x":-1,"l1y":-1,"loot_multiply_ver":2},{"data":8000000,"x":41,"y":9,"l1x":-1,"l1y":-1,"loot_multiply_ver":2},{"data":8000000,"x":42,"y":4,"l1x":-1,"l1y":-1,"loot_multiply_ver":2},{"data":8000000,"x":3,"y":32,"l1x":-1,"l1y":-1,"loot_multiply_ver":2},{"data":8000000,"x":3,"y":36,"l1x":-1,"l1y":-1,"loot_multiply_ver":2},{"data":8000000,"x":39,"y":35,"l1x":-1,"l1y":-1,"loot_multiply_ver":2},{"data":8000000,"x":26,"y":41,"l1x":-1,"l1y":-1,"loot_multiply_ver":2},{"data":8000000,"x":40,"y":0,"l1x":-1,"l1y":-1,"loot_multiply_ver":2},{"data":8000000,"x":4,"y":1,"l1x":-1,"l1y":-1,"loot_multiply_ver":2},{"data":8000030,"x":2,"y":17,"l1x":-1,"l1y":-1,"loot_multiply_ver":1},{"data":8000005,"x":4,"y":9,"l1x":-1,"l1y":-1,"loot_multiply_ver":2}],"traps":[{"data":12000001,"lvl":0,"x":20,"y":38,"l1x":18,"l1y":26},{"data":12000001,"lvl":0,"x":40,"y":22,"l1x":21,"l1y":32},{"data":12000001,"lvl":0,"x":11,"y":31,"l1x":21,"l1y":31},{"data":12000001,"lvl":0,"x":16,"y":30,"l1x":21,"l1y":14},{"data":12000001,"lvl":0,"x":40,"y":27,"l1x":29,"l1y":24},{"data":12000001,"lvl":0,"x":40,"y":28,"l1x":28,"l1y":24},{"data":12000005,"lvl":3,"x":26,"y":32,"l1x":29,"l1y":16},{"data":12000005,"lvl":3,"x":12,"y":24,"l1x":21,"l1y":15},{"data":12000005,"lvl":3,"x":9,"y":17,"l1x":21,"l1y":24},{"data":12000005,"lvl":3,"x":16,"y":29,"l1x":20,"l1y":24},{"data":12000006,"lvl":2,"x":11,"y":25,"l1x":18,"l1y":10},{"data":12000006,"lvl":2,"x":9,"y":19,"l1x":25,"l1y":32},{"data":12000002,"lvl":3,"x":37,"y":29,"l1x":28,"l1y":17},{"data":12000002,"lvl":3,"x":29,"y":29,"l1x":25,"l1y":30},{"data":12000002,"lvl":3,"x":19,"y":36,"l1x":15,"l1y":19},{"data":12000000,"lvl":5,"x":23,"y":35,"l1x":29,"l1y":22},{"data":12000000,"lvl":5,"x":23,"y":34,"l1x":29,"l1y":25},{"data":12000000,"lvl":5,"x":24,"y":34,"l1x":18,"l1y":28},{"data":12000000,"lvl":5,"x":23,"y":33,"l1x":28,"l1y":25},{"data":12000000,"lvl":5,"x":24,"y":33,"l1x":18,"l1y":27},{"data":12000000,"lvl":5,"x":24,"y":35,"l1x":28,"l1y":22},{"data":12000006,"lvl":2,"x":10,"y":30,"l1x":26,"l1y":20},{"data":12000006,"lvl":2,"x":31,"y":29,"l1x":6,"l1y":26},{"data":12000002,"lvl":3,"x":32,"y":20,"l1x":15,"l1y":24},{"data":12000005,"lvl":3,"x":27,"y":32,"l1x":29,"l1y":15},{"data":12000006,"lvl":2,"x":12,"y":31,"l1x":18,"l1y":22},{"data":12000002,"lvl":3,"x":36,"y":21,"l1x":18,"l1y":11}],"decos":[{"data":18000009,"x":38,"y":2,"l1x":-1,"l1y":-1}],"respawnVars":{"secondsFromLastRespawn":21486,"respawnSeed":834998901,"obstacleClearCounter":16,"time_to_gembox_drop":343372,"time_in_gembox_period":194400},"cooldowns":[{"cooldown":81716,"target":20000001}],"newShopBuildings":[4,0,7,4,7,4,4,1,6,7,250,4,4,3,1,5,0,0,0,4,1,3,1,3,1,1,2,2],"newShopTraps":[6,6,5,0,0,5,5,0],"newShopDecos":[1,4,0,1,1,4,4,1,1,1,1,1,1,1,1,1,1,1,1,1,1,1,1,1,1,1,1,1,1,1,1,1,1,1,1,1,1],"last_league_rank":16,"last_league_shuffle":1,"last_news_seen":81,"edit_mode_shown":true,"troop_req_msg":"Full. balloon.    tks all ..","war_req_msg":"2 witch - 2 wiza - 3 baba","war_tutorials_seen":0,"war_base":true}