{"buildings":[{"data":1000001,"lvl":9,"x":20,"y":20,"l1x":20,"l1y":20},{"data":1000004,"lvl":10,"x":29,"y":38,"res_time":0,"l1x":31,"l1y":38},{"data":1000000,"lvl":7,"x":5,"y":28,"units":[[4000006,8],[4000004,14]],"storage_type":0,"l1x":5,"l1y":28},{"data":1000015,"lvl":0,"x":25,"y":33,"l1x":25,"l1y":33},{"data":1000014,"lvl":5,"x":23,"y":24,"unit_req_time":771,"l1x":23,"l1y":24},{"data":1000008,"lvl":11,"x":27,"y":34,"l1x":27,"l1y":34},{"data":1000015,"lvl":0,"x":33,"y":24,"l1x":33,"l1y":24},{"data":1000002,"lvl":10,"boost_t":37744,"x":20,"y":38,"res_time":179150,"l1x":21,"l1y":38},{"data":1000003,"lvl":10,"x":7,"y":18,"l1x":7,"l1y":18},{"data":1000008,"lvl":11,"x":34,"y":27,"l1x":34,"l1y":27},{"data":1000010,"lvl":10,"x":36,"y":37,"l1x":36,"l1y":37},{"data":1000010,"lvl":10,"x":37,"y":37,"l1x":37,"l1y":37},{"data":1000010,"lvl":10,"x":37,"y":36,"l1x":37,"l1y":36},{"data":1000010,"lvl":10,"x":37,"y":35,"l1x":37,"l1y":35},{"data":1000010,"lvl":10,"x":37,"y":34,"l1x":37,"l1y":34},{"data":1000010,"lvl":10,"x":37,"y":33,"l1x":37,"l1y":33},{"data":1000010,"lvl":10,"x":37,"y":32,"l1x":37,"l1y":32},{"data":1000010,"lvl":10,"x":37,"y":31,"l1x":37,"l1y":31},{"data":1000010,"lvl":10,"x":37,"y":30,"l1x":37,"l1y":30},{"data":1000010,"lvl":10,"x":37,"y":29,"l1x":37,"l1y":29},{"data":1000010,"lvl":10,"x":35,"y":37,"l1x":35,"l1y":37},{"data":1000010,"lvl":10,"x":34,"y":37,"l1x":34,"l1y":37},{"data":1000010,"lvl":10,"x":33,"y":37,"l1x":33,"l1y":37},{"data":1000010,"lvl":10,"x":32,"y":37,"l1x":32,"l1y":37},{"data":1000010,"lvl":10,"x":31,"y":37,"l1x":31,"l1y":37},{"data":1000010,"lvl":10,"x":30,"y":37,"l1x":30,"l1y":37},{"data":1000006,"lvl":9,"x":3,"y":24,"unit_prod":{"unit_type":0},"l1x":3,"l1y":24},{"data":1000010,"lvl":10,"x":29,"y":37,"l1x":29,"l1y":37},{"data":1000009,"lvl":12,"x":31,"y":13,"l1x":31,"l1y":13},{"data":1000010,"lvl":10,"x":28,"y":37,"l1x":28,"l1y":37},{"data":1000010,"lvl":10,"x":27,"y":37,"l1x":27,"l1y":37},{"data":1000010,"lvl":10,"x":26,"y":37,"l1x":26,"l1y":37},{"data":1000002,"lvl":10,"boost_t":37749,"x":15,"y":38,"res_time":179150,"l1x":16,"l1y":38},{"data":1000004,"lvl":10,"x":24,"y":38,"res_time":13522,"l1x":26,"l1y":38},{"data":1000010,"lvl":10,"x":25,"y":37,"l1x":25,"l1y":37},{"data":1000010,"lvl":10,"x":24,"y":37,"l1x":24,"l1y":37},{"data":1000005,"lvl":10,"x":28,"y":31,"l1x":28,"l1y":31},{"data":1000006,"lvl":9,"x":24,"y":3,"unit_prod":{"unit_type":0},"l1x":24,"l1y":3},{"data":1000010,"lvl":10,"x":37,"y":28,"l1x":37,"l1y":28},{"data":1000010,"lvl":10,"x":37,"y":27,"l1x":37,"l1y":27},{"data":1000010,"lvl":10,"x":37,"y":26,"l1x":37,"l1y":26},{"data":1000005,"lvl":10,"x":31,"y":28,"l1x":31,"l1y":28},{"data":1000003,"lvl":10,"x":18,"y":7,"l1x":18,"l1y":7},{"data":1000010,"lvl":10,"x":37,"y":25,"l1x":37,"l1y":25},{"data":1000010,"lvl":10,"x":37,"y":24,"l1x":37,"l1y":24},{"data":1000010,"lvl":10,"x":37,"y":23,"l1x":37,"l1y":23},{"data":1000010,"lvl":10,"x":37,"y":22,"l1x":37,"l1y":22},{"data":1000010,"lvl":10,"x":37,"y":21,"l1x":37,"l1y":21},{"data":1000010,"lvl":10,"x":37,"y":20,"l1x":37,"l1y":20},{"data":1000010,"lvl":10,"x":37,"y":19,"l1x":37,"l1y":19},{"data":1000010,"lvl":10,"x":37,"y":18,"l1x":37,"l1y":18},{"data":1000010,"lvl":10,"x":37,"y":17,"l1x":37,"l1y":17},{"data":1000010,"lvl":10,"x":37,"y":16,"l1x":37,"l1y":16},{"data":1000010,"lvl":10,"x":37,"y":15,"l1x":37,"l1y":15},{"data":1000010,"lvl":10,"x":37,"y":14,"l1x":37,"l1y":14},{"data":1000010,"lvl":10,"x":37,"y":13,"l1x":37,"l1y":13},{"data":1000010,"lvl":10,"x":37,"y":12,"l1x":37,"l1y":12},{"data":1000010,"lvl":10,"x":36,"y":12,"l1x":36,"l1y":12},{"data":1000010,"lvl":10,"x":35,"y":12,"l1x":35,"l1y":12},{"data":1000010,"lvl":10,"x":34,"y":12,"l1x":34,"l1y":12},{"data":1000010,"lvl":10,"x":33,"y":12,"l1x":33,"l1y":12},{"data":1000010,"lvl":10,"x":32,"y":12,"l1x":32,"l1y":12},{"data":1000010,"lvl":10,"x":31,"y":12,"l1x":31,"l1y":12},{"data":1000010,"lvl":10,"x":28,"y":22,"l1x":28,"l1y":22},{"data":1000010,"lvl":10,"x":29,"y":22,"l1x":29,"l1y":22},{"data":1000010,"lvl":10,"x":30,"y":22,"l1x":30,"l1y":22},{"data":1000010,"lvl":10,"x":30,"y":21,"l1x":30,"l1y":21},{"data":1000010,"lvl":10,"x":22,"y":28,"l1x":22,"l1y":28},{"data":1000012,"lvl":7,"x":31,"y":21,"l1x":31,"l1y":21},{"data":1000015,"lvl":0,"x":24,"y":15,"l1x":24,"l1y":15},{"data":1000000,"lvl":7,"x":8,"y":33,"units":[[4000009,1],[4000006,9]],"storage_type":0,"l1x":8,"l1y":33},{"data":1000006,"lvl":9,"x":34,"y":14,"unit_prod":{"unit_type":0},"l1x":34,"l1y":14},{"data":1000010,"lvl":10,"x":22,"y":29,"l1x":22,"l1y":29},{"data":1000010,"lvl":10,"x":22,"y":30,"l1x":22,"l1y":30},{"data":1000010,"lvl":10,"x":21,"y":30,"l1x":21,"l1y":30},{"data":1000010,"lvl":10,"x":23,"y":37,"l1x":23,"l1y":37},{"data":1000010,"lvl":10,"x":22,"y":37,"l1x":22,"l1y":37},{"data":1000010,"lvl":10,"x":21,"y":37,"l1x":21,"l1y":37},{"data":1000010,"lvl":10,"x":20,"y":37,"l1x":20,"l1y":37},{"data":1000010,"lvl":10,"x":19,"y":37,"l1x":19,"l1y":37},{"data":1000010,"lvl":10,"x":18,"y":37,"l1x":18,"l1y":37},{"data":1000010,"lvl":10,"x":17,"y":37,"l1x":17,"l1y":37},{"data":1000010,"lvl":10,"x":16,"y":37,"l1x":16,"l1y":37},{"data":1000010,"lvl":10,"x":15,"y":37,"l1x":15,"l1y":37},{"data":1000010,"lvl":10,"x":14,"y":37,"l1x":14,"l1y":37},{"data":1000010,"lvl":10,"x":13,"y":37,"l1x":13,"l1y":37},{"data":1000010,"lvl":10,"x":13,"y":36,"l1x":13,"l1y":36},{"data":1000010,"lvl":10,"x":13,"y":35,"l1x":13,"l1y":35},{"data":1000010,"lvl":10,"x":13,"y":34,"l1x":13,"l1y":34},{"data":1000010,"lvl":10,"x":13,"y":33,"l1x":13,"l1y":33},{"data":1000010,"lvl":10,"x":13,"y":32,"l1x":13,"l1y":32},{"data":1000010,"lvl":10,"x":13,"y":31,"l1x":13,"l1y":31},{"data":1000010,"lvl":10,"x":10,"y":28,"l1x":10,"l1y":28},{"data":1000010,"lvl":10,"x":10,"y":29,"l1x":10,"l1y":29},{"data":1000010,"lvl":10,"x":10,"y":30,"l1x":10,"l1y":30},{"data":1000010,"lvl":10,"x":11,"y":30,"l1x":11,"l1y":30},{"data":1000010,"lvl":10,"x":12,"y":30,"l1x":12,"l1y":30},{"data":1000007,"lvl":7,"x":3,"y":3,"l1x":3,"l1y":3},{"data":1000004,"lvl":10,"x":38,"y":29,"res_time":0,"l1x":38,"l1y":29},{"data":1000002,"lvl":10,"boost_t":37757,"x":3,"y":14,"res_time":179152,"l1x":3,"l1y":14},{"data":1000004,"lvl":10,"x":38,"y":24,"res_time":0,"l1x":38,"l1y":24},{"data":1000002,"lvl":10,"boost_t":37759,"x":9,"y":3,"res_time":179154,"l1x":9,"l1y":3},{"data":1000009,"lvl":12,"x":30,"y":25,"l1x":30,"l1y":25},{"data":1000013,"lvl":7,"x":11,"y":27,"l1x":11,"l1y":27},{"data":1000008,"lvl":11,"x":31,"y":17,"l1x":31,"l1y":17},{"data":1000009,"lvl":12,"x":25,"y":30,"l1x":25,"l1y":30},{"data":1000000,"lvl":7,"x":34,"y":7,"units":[[4000013,1],[4000011,2],[4000010,2],[4000004,1],[4000001,4],[4000000,9]],"storage_type":0,"l1x":34,"l1y":7},{"data":1000010,"lvl":10,"x":13,"y":30,"l1x":13,"l1y":30},{"data":1000010,"lvl":10,"x":10,"y":24,"l1x":10,"l1y":24},{"data":1000010,"lvl":10,"x":10,"y":25,"l1x":10,"l1y":25},{"data":1000010,"lvl":10,"x":10,"y":26,"l1x":10,"l1y":26},{"data":1000010,"lvl":10,"x":10,"y":27,"l1x":10,"l1y":27},{"data":1000010,"lvl":10,"x":9,"y":27,"l1x":9,"l1y":27},{"data":1000010,"lvl":10,"x":8,"y":27,"l1x":8,"l1y":27},{"data":1000010,"lvl":10,"x":7,"y":27,"l1x":7,"l1y":27},{"data":1000010,"lvl":10,"x":6,"y":27,"l1x":6,"l1y":27},{"data":1000010,"lvl":10,"x":6,"y":26,"l1x":6,"l1y":26},{"data":1000010,"lvl":10,"x":6,"y":25,"l1x":6,"l1y":25},{"data":1000010,"lvl":10,"x":6,"y":24,"l1x":6,"l1y":24},{"data":1000010,"lvl":10,"x":6,"y":23,"l1x":6,"l1y":23},{"data":1000010,"lvl":10,"x":6,"y":22,"l1x":6,"l1y":22},{"data":1000010,"lvl":10,"x":6,"y":21,"l1x":6,"l1y":21},{"data":1000010,"lvl":10,"x":6,"y":20,"l1x":6,"l1y":20},{"data":1000010,"lvl":10,"x":6,"y":19,"l1x":6,"l1y":19},{"data":1000010,"lvl":10,"x":6,"y":18,"l1x":6,"l1y":18},{"data":1000010,"lvl":10,"x":6,"y":17,"l1x":6,"l1y":17},{"data":1000010,"lvl":10,"x":27,"y":9,"l1x":27,"l1y":9},{"data":1000010,"lvl":10,"x":27,"y":8,"l1x":27,"l1y":8},{"data":1000010,"lvl":10,"x":27,"y":7,"l1x":27,"l1y":7},{"data":1000010,"lvl":10,"x":27,"y":6,"l1x":27,"l1y":6},{"data":1000010,"lvl":10,"x":26,"y":6,"l1x":26,"l1y":6},{"data":1000010,"lvl":10,"x":25,"y":6,"l1x":25,"l1y":6},{"data":1000002,"lvl":10,"boost_t":37755,"x":3,"y":9,"res_time":179152,"l1x":3,"l1y":9},{"data":1000004,"lvl":10,"x":38,"y":19,"res_time":0,"l1x":38,"l1y":19},{"data":1000015,"lvl":0,"x":21,"y":11,"l1x":21,"l1y":11},{"data":1000010,"lvl":10,"x":24,"y":6,"l1x":24,"l1y":6},{"data":1000010,"lvl":10,"x":23,"y":6,"l1x":23,"l1y":6},{"data":1000010,"lvl":10,"x":30,"y":13,"l1x":30,"l1y":13},{"data":1000010,"lvl":10,"x":30,"y":12,"l1x":30,"l1y":12},{"data":1000010,"lvl":10,"x":30,"y":11,"l1x":30,"l1y":11},{"data":1000010,"lvl":10,"x":30,"y":10,"l1x":30,"l1y":10},{"data":1000010,"lvl":10,"x":29,"y":10,"l1x":29,"l1y":10},{"data":1000010,"lvl":10,"x":28,"y":10,"l1x":28,"l1y":10},{"data":1000010,"lvl":10,"x":27,"y":10,"l1x":27,"l1y":10},{"data":1000010,"lvl":10,"x":26,"y":10,"l1x":26,"l1y":10},{"data":1000010,"lvl":10,"x":25,"y":10,"l1x":25,"l1y":10},{"data":1000010,"lvl":10,"x":24,"y":10,"l1x":24,"l1y":10},{"data":1000010,"lvl":10,"x":22,"y":6,"l1x":22,"l1y":6},{"data":1000010,"lvl":10,"x":21,"y":6,"l1x":21,"l1y":6},{"data":1000010,"lvl":10,"x":20,"y":6,"l1x":20,"l1y":6},{"data":1000010,"lvl":10,"x":19,"y":6,"l1x":19,"l1y":6},{"data":1000010,"lvl":10,"x":18,"y":6,"l1x":18,"l1y":6},{"data":1000010,"lvl":10,"x":17,"y":6,"l1x":17,"l1y":6},{"data":1000010,"lvl":10,"x":9,"y":17,"l1x":9,"l1y":17},{"data":1000010,"lvl":10,"x":8,"y":17,"l1x":8,"l1y":17},{"data":1000010,"lvl":10,"x":7,"y":17,"l1x":7,"l1y":17},{"data":1000010,"lvl":10,"x":7,"y":16,"l1x":7,"l1y":16},{"data":1000010,"lvl":10,"x":7,"y":15,"l1x":7,"l1y":15},{"data":1000002,"lvl":10,"boost_t":37753,"x":7,"y":24,"res_time":179151,"l1x":7,"l1y":24},{"data":1000004,"lvl":10,"x":38,"y":14,"res_time":0,"l1x":38,"l1y":14},{"data":1000010,"lvl":10,"x":7,"y":14,"l1x":7,"l1y":14},{"data":1000020,"lvl":4,"x":31,"y":9,"units":[[26000005,2],[26000003,1],[26000002,1],[26000000,1]],"storage_type":1,"unit_prod":{"unit_type":1},"l1x":31,"l1y":9},{"data":1000010,"lvl":10,"x":7,"y":13,"l1x":7,"l1y":13},{"data":1000013,"lvl":7,"x":27,"y":11,"l1x":27,"l1y":11},{"data":1000011,"lvl":7,"x":11,"y":24,"l1x":11,"l1y":24},{"data":1000013,"lvl":7,"x":27,"y":27,"l1x":27,"l1y":27},{"data":1000006,"lvl":9,"x":15,"y":34,"unit_prod":{"unit_type":0},"l1x":15,"l1y":34},{"data":1000000,"lvl":7,"x":28,"y":4,"units":[[4000013,2]],"storage_type":0,"l1x":28,"l1y":4},{"data":1000003,"lvl":10,"x":8,"y":11,"l1x":8,"l1y":11},{"data":1000015,"lvl":0,"x":11,"y":21,"l1x":11,"l1y":21},{"data":1000009,"lvl":12,"x":14,"y":31,"l1x":14,"l1y":31},{"data":1000010,"lvl":10,"x":7,"y":12,"l1x":7,"l1y":12},{"data":1000010,"lvl":10,"x":7,"y":11,"l1x":7,"l1y":11},{"data":1000010,"lvl":10,"x":7,"y":10,"l1x":7,"l1y":10},{"data":1000010,"lvl":10,"x":7,"y":9,"l1x":7,"l1y":9},{"data":1000010,"lvl":10,"x":7,"y":8,"l1x":7,"l1y":8},{"data":1000010,"lvl":10,"x":7,"y":7,"l1x":7,"l1y":7},{"data":1000010,"lvl":10,"x":8,"y":7,"l1x":8,"l1y":7},{"data":1000010,"lvl":10,"x":9,"y":7,"l1x":9,"l1y":7},{"data":1000010,"lvl":10,"x":10,"y":7,"l1x":10,"l1y":7},{"data":1000010,"lvl":10,"x":11,"y":7,"l1x":11,"l1y":7},{"data":1000010,"lvl":10,"x":12,"y":7,"l1x":12,"l1y":7},{"data":1000010,"lvl":10,"x":13,"y":7,"l1x":13,"l1y":7},{"data":1000010,"lvl":10,"x":14,"y":7,"l1x":14,"l1y":7},{"data":1000010,"lvl":10,"x":15,"y":7,"l1x":15,"l1y":7},{"data":1000010,"lvl":10,"x":16,"y":7,"l1x":16,"l1y":7},{"data":1000010,"lvl":10,"x":17,"y":7,"l1x":17,"l1y":7},{"data":1000010,"lvl":10,"x":17,"y":8,"l1x":17,"l1y":8},{"data":1000010,"lvl":10,"x":17,"y":9,"l1x":17,"l1y":9},{"data":1000010,"lvl":10,"x":11,"y":17,"l1x":11,"l1y":17},{"data":1000010,"lvl":10,"x":20,"y":30,"l1x":20,"l1y":30},{"data":1000010,"lvl":10,"x":19,"y":30,"l1x":19,"l1y":30},{"data":1000010,"lvl":10,"x":18,"y":30,"l1x":18,"l1y":30},{"data":1000010,"lvl":10,"x":17,"y":30,"l1x":17,"l1y":30},{"data":1000010,"lvl":10,"x":16,"y":30,"l1x":16,"l1y":30},{"data":1000010,"lvl":10,"x":15,"y":30,"l1x":15,"l1y":30},{"data":1000010,"lvl":10,"x":14,"y":30,"l1x":14,"l1y":30},{"data":1000010,"lvl":10,"x":14,"y":29,"l1x":14,"l1y":29},{"data":1000010,"lvl":10,"x":14,"y":28,"l1x":14,"l1y":28},{"data":1000010,"lvl":10,"x":14,"y":27,"l1x":14,"l1y":27},{"data":1000010,"lvl":10,"x":14,"y":26,"l1x":14,"l1y":26},{"data":1000010,"lvl":10,"x":14,"y":25,"l1x":14,"l1y":25},{"data":1000010,"lvl":10,"x":14,"y":24,"l1x":14,"l1y":24},{"data":1000010,"lvl":10,"x":30,"y":20,"l1x":30,"l1y":20},{"data":1000010,"lvl":10,"x":30,"y":19,"l1x":30,"l1y":19},{"data":1000010,"lvl":10,"x":30,"y":18,"l1x":30,"l1y":18},{"data":1000010,"lvl":10,"x":30,"y":17,"l1x":30,"l1y":17},{"data":1000010,"lvl":10,"x":30,"y":16,"l1x":30,"l1y":16},{"data":1000010,"lvl":10,"x":30,"y":15,"l1x":30,"l1y":15},{"data":1000010,"lvl":10,"x":30,"y":14,"l1x":30,"l1y":14},{"data":1000010,"lvl":10,"x":29,"y":14,"l1x":29,"l1y":14},{"data":1000010,"lvl":10,"x":28,"y":14,"l1x":28,"l1y":14},{"data":1000010,"lvl":10,"x":27,"y":14,"l1x":27,"l1y":14},{"data":1000010,"lvl":10,"x":26,"y":14,"l1x":26,"l1y":14},{"data":1000010,"lvl":10,"x":25,"y":14,"l1x":25,"l1y":14},{"data":1000010,"lvl":10,"x":24,"y":14,"l1x":24,"l1y":14},{"data":1000010,"lvl":10,"x":10,"y":17,"l1x":10,"l1y":17},{"data":1000010,"lvl":10,"x":10,"y":18,"l1x":10,"l1y":18},{"data":1000010,"lvl":10,"x":17,"y":11,"l1x":17,"l1y":11},{"data":1000010,"lvl":10,"x":16,"y":11,"l1x":16,"l1y":11},{"data":1000010,"lvl":10,"x":15,"y":11,"l1x":15,"l1y":11},{"data":1000010,"lvl":10,"x":14,"y":11,"l1x":14,"l1y":11},{"data":1000010,"lvl":10,"x":11,"y":16,"l1x":11,"l1y":16},{"data":1000010,"lvl":10,"x":13,"y":11,"l1x":13,"l1y":11},{"data":1000010,"lvl":10,"x":12,"y":11,"l1x":12,"l1y":11},{"data":1000010,"lvl":10,"x":11,"y":15,"l1x":11,"l1y":15},{"data":1000010,"lvl":10,"x":11,"y":14,"l1x":11,"l1y":14},{"data":1000010,"lvl":10,"x":11,"y":13,"l1x":11,"l1y":13},{"data":1000010,"lvl":10,"x":11,"y":11,"l1x":11,"l1y":11},{"data":1000010,"lvl":10,"x":11,"y":12,"l1x":11,"l1y":12},{"data":1000010,"lvl":10,"x":10,"y":19,"l1x":10,"l1y":19},{"data":1000010,"lvl":10,"x":10,"y":20,"l1x":10,"l1y":20},{"data":1000010,"lvl":10,"x":10,"y":21,"l1x":10,"l1y":21},{"data":1000010,"lvl":10,"x":10,"y":22,"l1x":10,"l1y":22},{"data":1000010,"lvl":10,"x":17,"y":10,"l1x":17,"l1y":10},{"data":1000010,"lvl":10,"x":18,"y":10,"l1x":18,"l1y":10},{"data":1000010,"lvl":10,"x":19,"y":10,"l1x":19,"l1y":10},{"data":1000009,"lvl":12,"x":21,"y":7,"l1x":21,"l1y":7},{"data":1000008,"lvl":11,"x":18,"y":31,"l1x":18,"l1y":31},{"data":1000008,"lvl":11,"x":14,"y":8,"l1x":14,"l1y":8},{"data":1000010,"lvl":10,"x":20,"y":10,"l1x":20,"l1y":10},{"data":1000010,"lvl":10,"x":21,"y":10,"l1x":21,"l1y":10},{"data":1000010,"lvl":10,"x":22,"y":10,"l1x":22,"l1y":10},{"data":1000010,"lvl":10,"x":23,"y":10,"l1x":23,"l1y":10},{"data":1000010,"lvl":10,"x":23,"y":11,"l1x":23,"l1y":11},{"data":1000010,"lvl":10,"x":23,"y":12,"l1x":23,"l1y":12},{"data":1000010,"lvl":10,"x":23,"y":13,"l1x":23,"l1y":13},{"data":1000010,"lvl":10,"x":10,"y":23,"l1x":10,"l1y":23},{"data":1000010,"lvl":10,"x":11,"y":23,"l1x":11,"l1y":23},{"data":1000021,"lvl":3,"x":16,"y":27,"attack_mode":false,"attack_mode_war":true,"attack_mode_draft":false,"attack_mode_draft_war":true,"ammo":1500,"l1x":16,"l1y":27},{"data":1000012,"lvl":7,"x":22,"y":31,"l1x":22,"l1y":31},{"data":1000012,"lvl":7,"x":20,"y":13,"l1x":20,"l1y":13},{"data":1000019,"lvl":7,"x":25,"y":28,"l1x":25,"l1y":28},{"data":1000011,"lvl":7,"x":24,"y":11,"l1x":24,"l1y":11},{"data":1000011,"lvl":7,"x":12,"y":16,"l1x":12,"l1y":16},{"data":1000019,"lvl":7,"x":27,"y":38,"l1x":28,"l1y":25},{"data":1000019,"lvl":7,"x":28,"y":20,"l1x":28,"l1y":20},{"data":1000019,"lvl":7,"x":20,"y":28,"l1x":20,"l1y":28},{"data":1000005,"lvl":10,"x":17,"y":20,"l1x":17,"l1y":20},{"data":1000010,"lvl":10,"x":12,"y":23,"l1x":12,"l1y":23},{"data":1000010,"lvl":10,"x":13,"y":23,"l1x":13,"l1y":23},{"data":1000010,"lvl":10,"x":23,"y":14,"l1x":23,"l1y":14},{"data":1000010,"lvl":10,"x":23,"y":15,"l1x":23,"l1y":15},{"data":1000010,"lvl":10,"x":14,"y":23,"l1x":14,"l1y":23},{"data":1000010,"lvl":10,"x":15,"y":23,"l1x":15,"l1y":23},{"data":1000010,"lvl":10,"x":27,"y":25,"l1x":27,"l1y":25},{"data":1000010,"lvl":10,"x":27,"y":26,"l1x":27,"l1y":26},{"data":1000010,"lvl":10,"x":26,"y":26,"l1x":26,"l1y":26},{"data":1000010,"lvl":10,"x":26,"y":27,"l1x":26,"l1y":27},{"data":1000010,"lvl":10,"x":25,"y":27,"l1x":25,"l1y":27},{"data":1000010,"lvl":10,"x":24,"y":27,"l1x":24,"l1y":27},{"data":1000010,"lvl":10,"x":23,"y":27,"l1x":23,"l1y":27},{"data":1000010,"lvl":10,"x":22,"y":27,"l1x":22,"l1y":27},{"data":1000010,"lvl":10,"x":21,"y":27,"l1x":21,"l1y":27},{"data":1000010,"lvl":10,"x":20,"y":27,"l1x":20,"l1y":27},{"data":1000010,"lvl":10,"x":19,"y":27,"l1x":19,"l1y":27},{"data":1000010,"lvl":10,"x":19,"y":26,"l1x":19,"l1y":26},{"data":1000010,"lvl":10,"x":18,"y":26,"l1x":18,"l1y":26},{"data":1000010,"lvl":10,"x":18,"y":25,"l1x":18,"l1y":25},{"data":1000010,"lvl":10,"x":18,"y":24,"l1x":18,"l1y":24},{"data":1000010,"lvl":10,"x":18,"y":23,"l1x":18,"l1y":23},{"data":1000010,"lvl":10,"x":17,"y":23,"l1x":17,"l1y":23},{"data":1000010,"lvl":10,"x":16,"y":23,"l1x":16,"l1y":23},{"data":1000010,"lvl":10,"x":16,"y":22,"l1x":16,"l1y":22},{"data":1000009,"lvl":12,"x":7,"y":21,"l1x":7,"l1y":21},{"data":1000003,"lvl":10,"x":11,"y":8,"l1x":11,"l1y":8},{"data":1000021,"lvl":3,"x":27,"y":16,"attack_mode":false,"attack_mode_war":true,"attack_mode_draft":false,"attack_mode_draft_war":true,"ammo":1500,"l1x":27,"l1y":16},{"data":1000005,"lvl":10,"x":20,"y":17,"l1x":20,"l1y":17},{"data":1000024,"lvl":5,"x":12,"y":12,"l1x":12,"l1y":12},{"data":1000023,"lvl":5,"boost_t":37740,"x":32,"y":32,"res_time":56749,"l1x":32,"l1y":32},{"data":1000025,"lvl":0,"x":15,"y":24,"l1x":15,"l1y":24},{"data":1000022,"lvl":0,"x":24,"y":20,"l1x":24,"l1y":20},{"data":1000023,"lvl":5,"boost_t":37738,"x":34,"y":19,"res_time":56748,"l1x":34,"l1y":19},{"data":1000026,"lvl":5,"x":3,"y":19,"unit_prod":{"unit_type":0},"l1x":3,"l1y":19},{"data":1000010,"lvl":10,"x":27,"y":24,"l1x":27,"l1y":24},{"data":1000010,"lvl":10,"x":27,"y":23,"l1x":27,"l1y":23},{"data":1000010,"lvl":10,"x":27,"y":22,"l1x":27,"l1y":22},{"data":1000010,"lvl":10,"x":27,"y":21,"l1x":27,"l1y":21},{"data":1000010,"lvl":10,"x":27,"y":20,"l1x":27,"l1y":20},{"data":1000010,"lvl":10,"x":27,"y":19,"l1x":27,"l1y":19},{"data":1000010,"lvl":10,"x":26,"y":19,"l1x":26,"l1y":19},{"data":1000010,"lvl":10,"x":26,"y":18,"l1x":26,"l1y":18},{"data":1000010,"lvl":10,"x":26,"y":17,"l1x":26,"l1y":17},{"data":1000010,"lvl":10,"x":25,"y":17,"l1x":25,"l1y":17},{"data":1000010,"lvl":10,"x":24,"y":17,"l1x":24,"l1y":17},{"data":1000010,"lvl":10,"x":23,"y":17,"l1x":23,"l1y":17},{"data":1000010,"lvl":10,"x":23,"y":16,"l1x":23,"l1y":16},{"data":1000010,"lvl":10,"x":22,"y":16,"l1x":22,"l1y":16},{"data":1000010,"lvl":10,"x":21,"y":16,"l1x":21,"l1y":16},{"data":1000010,"lvl":10,"x":20,"y":16,"l1x":20,"l1y":16},{"data":1000010,"lvl":10,"x":19,"y":16,"l1x":19,"l1y":16},{"data":1000010,"lvl":10,"x":18,"y":16,"l1x":18,"l1y":16},{"data":1000010,"lvl":10,"x":17,"y":16,"l1x":17,"l1y":16},{"data":1000010,"lvl":10,"x":16,"y":16,"l1x":16,"l1y":16},{"data":1000010,"lvl":10,"x":16,"y":21,"l1x":16,"l1y":21},{"data":1000010,"lvl":10,"x":16,"y":20,"l1x":16,"l1y":20},{"data":1000010,"lvl":10,"x":16,"y":19,"l1x":16,"l1y":19},{"data":1000010,"lvl":10,"x":16,"y":18,"l1x":16,"l1y":18},{"data":1000010,"lvl":10,"x":16,"y":17,"l1x":16,"l1y":17},{"data":1000026,"lvl":5,"x":19,"y":3,"unit_prod":{"unit_type":0},"l1x":19,"l1y":3},{"data":1000011,"lvl":7,"x":16,"y":12,"l1x":16,"l1y":12},{"data":1000012,"lvl":7,"x":13,"y":19,"l1x":13,"l1y":19},{"data":1000027,"lvl":2,"x":24,"y":18,"attack_mode":true,"attack_mode_war":true,"attack_mode_draft":true,"attack_mode_draft_war":true,"ammo":750,"l1x":24,"l1y":18},{"data":1000009,"lvl":12,"x":8,"y":8,"l1x":8,"l1y":8},{"data":1000008,"lvl":11,"x":8,"y":14,"l1x":8,"l1y":14},{"data":1000023,"lvl":5,"boost_t":37746,"x":20,"y":34,"res_time":56749,"l1x":20,"l1y":34},{"data":1000021,"lvl":3,"x":17,"y":17,"attack_mode":false,"attack_mode_war":false,"attack_mode_draft":false,"attack_mode_draft_war":false,"ammo":1500,"l1x":17,"l1y":17},{"data":1000027,"lvl":2,"x":19,"y":24,"attack_mode":true,"attack_mode_war":true,"attack_mode_draft":true,"attack_mode_draft_war":true,"ammo":750,"l1x":19,"l1y":24},{"data":1000002,"lvl":10,"boost_t":37762,"x":24,"y":7,"res_time":179155,"l1x":24,"l1y":7},{"data":1000004,"lvl":10,"x":14,"y":3,"res_time":0,"l1x":14,"l1y":3}],"obstacles":[{"data":8000008,"x":0,"y":34,"l1x":-1,"l1y":-1,"loot_multiply_ver":2},{"data":8000007,"x":24,"y":0,"l1x":-1,"l1y":-1,"loot_multiply_ver":2},{"data":8000007,"x":4,"y":42,"l1x":-1,"l1y":-1,"loot_multiply_ver":2},{"data":8000013,"x":0,"y":41,"l1x":-1,"l1y":-1,"loot_multiply_ver":2},{"data":8000008,"x":5,"y":0,"l1x":-1,"l1y":-1,"loot_multiply_ver":2},{"data":8000008,"x":35,"y":42,"l1x":-1,"l1y":-1,"loot_multiply_ver":2},{"data":8000000,"x":39,"y":40,"l1x":-1,"l1y":-1,"loot_multiply_ver":2},{"data":8000010,"x":42,"y":22,"l1x":-1,"l1y":-1,"loot_multiply_ver":2},{"data":8000010,"x":42,"y":15,"l1x":-1,"l1y":-1,"loot_multiply_ver":2},{"data":8000010,"x":17,"y":42,"l1x":-1,"l1y":-1,"loot_multiply_ver":2},{"data":8000010,"x":42,"y":28,"l1x":-1,"l1y":-1,"loot_multiply_ver":2},{"data":8000004,"x":42,"y":25,"l1x":-1,"l1y":-1,"loot_multiply_ver":2},{"data":8000010,"x":14,"y":42,"l1x":-1,"l1y":-1,"loot_multiply_ver":2},{"data":8000007,"x":28,"y":42,"l1x":-1,"l1y":-1,"loot_multiply_ver":2},{"data":8000010,"x":20,"y":42,"l1x":-1,"l1y":-1,"loot_multiply_ver":2},{"data":8000010,"x":18,"y":0,"l1x":-1,"l1y":-1,"loot_multiply_ver":2},{"data":8000004,"x":41,"y":37,"l1x":-1,"l1y":-1,"loot_multiply_ver":2},{"data":8000006,"x":42,"y":42,"l1x":-1,"l1y":-1,"loot_multiply_ver":2},{"data":8000010,"x":10,"y":0,"l1x":-1,"l1y":-1,"loot_multiply_ver":2},{"data":8000010,"x":0,"y":2,"l1x":-1,"l1y":-1,"loot_multiply_ver":2},{"data":8000010,"x":0,"y":18,"l1x":-1,"l1y":-1,"loot_multiply_ver":2},{"data":8000010,"x":34,"y":1,"l1x":-1,"l1y":-1,"loot_multiply_ver":2},{"data":8000008,"x":42,"y":3,"l1x":-1,"l1y":-1,"loot_multiply_ver":2},{"data":8000004,"x":41,"y":33,"l1x":-1,"l1y":-1,"loot_multiply_ver":2},{"data":8000007,"x":14,"y":0,"l1x":-1,"l1y":-1,"loot_multiply_ver":2},{"data":8000000,"x":0,"y":24,"l1x":-1,"l1y":-1,"loot_multiply_ver":2},{"data":8000000,"x":1,"y":11,"l1x":-1,"l1y":-1,"loot_multiply_ver":2},{"data":8000000,"x":42,"y":7,"l1x":-1,"l1y":-1,"loot_multiply_ver":2},{"data":8000004,"x":7,"y":42,"l1x":-1,"l1y":-1,"loot_multiply_ver":2},{"data":8000010,"x":25,"y":42,"l1x":-1,"l1y":-1,"loot_multiply_ver":2},{"data":8000010,"x":38,"y":0,"l1x":-1,"l1y":-1,"loot_multiply_ver":2},{"data":8000000,"x":10,"y":42,"l1x":-1,"l1y":-1,"loot_multiply_ver":2},{"data":8000008,"x":21,"y":0,"l1x":-1,"l1y":-1,"loot_multiply_ver":2}],"traps":[{"data":12000001,"lvl":0,"x":27,"y":5,"l1x":27,"l1y":5},{"data":12000001,"lvl":0,"x":17,"y":5,"l1x":17,"l1y":5},{"data":12000000,"lvl":5,"x":15,"y":15,"l1x":23,"l1y":30},{"data":12000000,"lvl":5,"x":4,"y":27,"l1x":30,"l1y":30},{"data":12000001,"lvl":0,"x":15,"y":16,"l1x":5,"l1y":17},{"data":12000006,"lvl":2,"x":26,"y":36,"l1x":14,"l1y":22},{"data":12000000,"lvl":5,"x":18,"y":15,"l1x":14,"l1y":15},{"data":12000000,"lvl":5,"x":17,"y":15,"l1x":15,"l1y":14},{"data":12000000,"lvl":5,"x":5,"y":27,"l1x":29,"l1y":19},{"data":12000001,"lvl":0,"x":16,"y":15,"l1x":5,"l1y":27},{"data":12000002,"lvl":3,"x":28,"y":23,"l1x":23,"l1y":28},{"data":12000002,"lvl":3,"x":23,"y":28,"l1x":28,"l1y":23},{"data":12000005,"lvl":3,"x":23,"y":36,"l1x":13,"l1y":22},{"data":12000005,"lvl":3,"x":30,"y":36,"l1x":13,"l1y":15},{"data":12000005,"lvl":3,"x":33,"y":31,"l1x":15,"l1y":12},{"data":12000005,"lvl":3,"x":36,"y":18,"l1x":19,"l1y":23},{"data":12000005,"lvl":3,"x":36,"y":26,"l1x":30,"l1y":23},{"data":12000002,"lvl":3,"x":19,"y":11,"l1x":11,"l1y":19},{"data":12000001,"lvl":0,"x":38,"y":12,"l1x":38,"l1y":12},{"data":12000001,"lvl":0,"x":13,"y":38,"l1x":19,"l1y":15},{"data":12000006,"lvl":2,"x":36,"y":22,"l1x":26,"l1y":15},{"data":12000006,"lvl":2,"x":19,"y":36,"l1x":11,"l1y":18},{"data":12000002,"lvl":3,"x":21,"y":24,"l1x":19,"l1y":11},{"data":12000002,"lvl":3,"x":11,"y":19,"l1x":21,"l1y":25},{"data":12000000,"lvl":5,"x":15,"y":17,"l1x":19,"l1y":29},{"data":12000006,"lvl":2,"x":36,"y":30,"l1x":18,"l1y":11},{"data":12000006,"lvl":2,"x":31,"y":33,"l1x":15,"l1y":15}],"decos":[{"data":18000001,"x":40,"y":12,"l1x":40,"l1y":12},{"data":18000001,"x":34,"y":40,"l1x":34,"l1y":40},{"data":18000001,"x":38,"y":38,"l1x":38,"l1y":38},{"data":18000001,"x":38,"y":34,"l1x":38,"l1y":34},{"data":18000003,"x":38,"y":36,"l1x":38,"l1y":36},{"data":18000007,"x":33,"y":5,"l1x":33,"l1y":5},{"data":18000009,"x":27,"y":2,"l1x":27,"l1y":2},{"data":18000024,"x":2,"y":28,"l1x":2,"l1y":28},{"data":18000032,"x":12,"y":2,"l1x":12,"l1y":2},{"data":18000022,"x":6,"y":35,"l1x":6,"l1y":35},{"data":18000015,"x":4,"y":38,"l1x":4,"l1y":38},{"data":18000027,"x":2,"y":34,"l1x":2,"l1y":34},{"data":18000028,"x":4,"y":36,"l1x":4,"l1y":36},{"data":18000020,"x":6,"y":37,"l1x":6,"l1y":37},{"data":18000025,"x":2,"y":30,"l1x":2,"l1y":30},{"data":18000021,"x":6,"y":39,"l1x":6,"l1y":39},{"data":18000023,"x":2,"y":36,"l1x":2,"l1y":36},{"data":18000029,"x":2,"y":38,"l1x":2,"l1y":38},{"data":18000030,"x":2,"y":7,"l1x":2,"l1y":7},{"data":18000031,"x":7,"y":2,"l1x":7,"l1y":2},{"data":18000018,"x":8,"y":39,"l1x":8,"l1y":39},{"data":18000017,"x":10,"y":39,"l1x":10,"l1y":39},{"data":18000014,"x":13,"y":39,"l1x":14,"l1y":39},{"data":18000016,"x":4,"y":40,"l1x":12,"l1y":39},{"data":18000005,"x":39,"y":8,"l1x":39,"l1y":8},{"data":18000008,"x":33,"y":3,"l1x":33,"l1y":3},{"data":18000005,"x":39,"y":10,"l1x":39,"l1y":10},{"data":18000005,"x":34,"y":38,"l1x":34,"l1y":38},{"data":18000006,"x":35,"y":5,"l1x":35,"l1y":5},{"data":18000006,"x":39,"y":4,"l1x":39,"l1y":4},{"data":18000006,"x":37,"y":5,"l1x":37,"l1y":5},{"data":18000006,"x":39,"y":6,"l1x":39,"l1y":6},{"data":18000033,"x":35,"y":3,"l1x":35,"l1y":3},{"data":18000000,"x":38,"y":32,"l1x":38,"l1y":32},{"data":18000004,"x":36,"y":38,"l1x":36,"l1y":38},{"data":18000010,"x":29,"y":2,"l1x":29,"l1y":2},{"data":18000034,"x":31,"y":2,"l1x":31,"l1y":2},{"data":18000005,"x":40,"y":17,"l1x":40,"l1y":17},{"data":18000026,"x":2,"y":32,"l1x":2,"l1y":32},{"data":18000019,"x":4,"y":34,"l1x":4,"l1y":34}],"respawnVars":{"secondsFromLastRespawn":2323,"respawnSeed":-2118258767,"obstacleClearCounter":10,"time_to_gembox_drop":574757,"time_in_gembox_period":273600},"cooldowns":[{"cooldown":5634339,"target":20000001},{"cooldown":4904384,"target":20000000}],"newShopBuildings":[4,0,7,4,7,4,4,1,6,7,250,4,4,3,1,5,0,0,0,4,1,3,1,3,1,1,2,2],"newShopTraps":[6,6,5,0,0,5,5,0],"newShopDecos":[1,4,0,1,1,4,4,1,1,1,1,1,1,1,1,1,1,1,1,1,1,1,1,1,1,1,1,1,1,1,1,1,1,1,1,1,1],"last_league_rank":16,"last_league_shuffle":1,"last_news_seen":81,"edit_mode_shown":true,"troop_req_msg":"2-2-3","war_req_msg":"1 witch and the rest archers","war_tutorials_seen":0,"war_base":true}