{"buildings":[{"data":1000001,"lvl":9,"x":20,"y":20,"l1x":20,"l1y":20},{"data":1000004,"lvl":10,"x":37,"y":13,"res_time":179570,"l1x":37,"l1y":13},{"data":1000000,"lvl":7,"x":8,"y":31,"units":[[4000004,6],[4000006,3]],"storage_type":0,"l1x":8,"l1y":31},{"data":1000015,"lvl":0,"x":16,"y":8,"l1x":16,"l1y":8},{"data":1000014,"lvl":5,"x":24,"y":24,"l1x":24,"l1y":24},{"data":1000008,"lvl":11,"x":13,"y":8,"l1x":13,"l1y":8},{"data":1000015,"lvl":0,"x":28,"y":32,"l1x":28,"l1y":32},{"data":1000002,"lvl":10,"boost_t":65123,"x":4,"y":28,"res_time":179150,"l1x":4,"l1y":28},{"data":1000003,"lvl":10,"x":25,"y":13,"l1x":25,"l1y":13},{"data":1000005,"lvl":10,"x":28,"y":16,"l1x":28,"l1y":16},{"data":1000006,"lvl":9,"x":16,"y":38,"unit_prod":{"unit_type":0,"t":262,"slots":[{"id":4000006,"cnt":3},{"id":4000001,"cnt":2}]},"l1x":16,"l1y":38},{"data":1000004,"lvl":10,"x":35,"y":17,"res_time":179570,"l1x":35,"l1y":17},{"data":1000002,"lvl":10,"boost_t":65129,"x":6,"y":12,"res_time":179152,"l1x":6,"l1y":12},{"data":1000008,"lvl":11,"x":24,"y":9,"l1x":24,"l1y":9},{"data":1000009,"lvl":12,"x":7,"y":21,"l1x":7,"l1y":21},{"data":1000006,"lvl":9,"x":21,"y":38,"unit_prod":{"unit_type":0,"t":80,"slots":[{"id":4000009,"cnt":1},{"id":4000006,"cnt":2}]},"l1x":21,"l1y":38},{"data":1000004,"lvl":10,"x":35,"y":24,"res_time":179569,"l1x":35,"l1y":24},{"data":1000005,"lvl":10,"x":25,"y":28,"l1x":25,"l1y":28},{"data":1000002,"lvl":10,"boost_t":65127,"x":6,"y":18,"res_time":179152,"l1x":6,"l1y":18},{"data":1000000,"lvl":7,"x":6,"y":7,"units":[[4000004,1],[4000010,4],[4000013,1]],"storage_type":0,"l1x":6,"l1y":7},{"data":1000003,"lvl":10,"x":28,"y":25,"l1x":28,"l1y":25},{"data":1000010,"lvl":9,"x":36,"y":16,"l1x":10,"l1y":27},{"data":1000010,"lvl":8,"x":5,"y":21,"l1x":5,"l1y":21},{"data":1000010,"lvl":8,"x":5,"y":19,"l1x":5,"l1y":19},{"data":1000010,"lvl":8,"x":37,"y":37,"l1x":37,"l1y":37},{"data":1000010,"lvl":8,"x":38,"y":37,"l1x":38,"l1y":37},{"data":1000010,"lvl":8,"x":28,"y":7,"l1x":28,"l1y":7},{"data":1000010,"lvl":8,"x":29,"y":7,"l1x":29,"l1y":7},{"data":1000010,"lvl":8,"x":30,"y":7,"l1x":30,"l1y":7},{"data":1000010,"lvl":8,"x":31,"y":7,"l1x":31,"l1y":7},{"data":1000010,"lvl":8,"x":32,"y":7,"l1x":32,"l1y":7},{"data":1000010,"lvl":8,"x":33,"y":7,"l1x":33,"l1y":7},{"data":1000010,"lvl":8,"x":34,"y":7,"l1x":34,"l1y":7},{"data":1000010,"lvl":8,"x":35,"y":7,"l1x":35,"l1y":7},{"data":1000010,"lvl":8,"x":16,"y":12,"l1x":16,"l1y":12},{"data":1000010,"lvl":8,"x":17,"y":12,"l1x":17,"l1y":12},{"data":1000010,"lvl":8,"x":18,"y":12,"l1x":18,"l1y":12},{"data":1000010,"lvl":8,"x":19,"y":12,"l1x":19,"l1y":12},{"data":1000010,"lvl":9,"x":33,"y":16,"l1x":33,"l1y":16},{"data":1000010,"lvl":8,"x":20,"y":12,"l1x":20,"l1y":12},{"data":1000010,"lvl":8,"x":21,"y":12,"l1x":21,"l1y":12},{"data":1000010,"lvl":8,"x":22,"y":12,"l1x":22,"l1y":12},{"data":1000010,"lvl":8,"x":23,"y":12,"l1x":23,"l1y":12},{"data":1000010,"lvl":8,"x":24,"y":12,"l1x":24,"l1y":12},{"data":1000010,"lvl":8,"x":25,"y":12,"l1x":25,"l1y":12},{"data":1000010,"lvl":8,"x":26,"y":12,"l1x":26,"l1y":12},{"data":1000010,"lvl":8,"x":27,"y":12,"l1x":27,"l1y":12},{"data":1000010,"lvl":8,"x":27,"y":11,"l1x":27,"l1y":11},{"data":1000010,"lvl":8,"x":27,"y":10,"l1x":27,"l1y":10},{"data":1000010,"lvl":8,"x":27,"y":9,"l1x":27,"l1y":9},{"data":1000010,"lvl":8,"x":27,"y":8,"l1x":27,"l1y":8},{"data":1000010,"lvl":8,"x":27,"y":7,"l1x":27,"l1y":7},{"data":1000010,"lvl":8,"x":22,"y":6,"l1x":22,"l1y":6},{"data":1000010,"lvl":8,"x":26,"y":6,"l1x":26,"l1y":6},{"data":1000010,"lvl":8,"x":5,"y":6,"l1x":5,"l1y":6},{"data":1000010,"lvl":8,"x":23,"y":6,"l1x":23,"l1y":6},{"data":1000010,"lvl":8,"x":19,"y":6,"l1x":19,"l1y":6},{"data":1000010,"lvl":8,"x":15,"y":6,"l1x":15,"l1y":6},{"data":1000010,"lvl":8,"x":13,"y":6,"l1x":13,"l1y":6},{"data":1000010,"lvl":8,"x":11,"y":6,"l1x":11,"l1y":6},{"data":1000010,"lvl":8,"x":9,"y":6,"l1x":9,"l1y":6},{"data":1000010,"lvl":8,"x":10,"y":6,"l1x":10,"l1y":6},{"data":1000013,"lvl":7,"x":30,"y":32,"l1x":30,"l1y":32},{"data":1000007,"lvl":7,"x":19,"y":2,"unit_upg":{"unit_type":0,"t":419208,"id":4000017},"l1x":19,"l1y":2},{"data":1000002,"lvl":10,"boost_t":65125,"x":6,"y":24,"res_time":179149,"l1x":6,"l1y":24},{"data":1000004,"lvl":10,"x":35,"y":29,"res_time":179569,"l1x":35,"l1y":29},{"data":1000009,"lvl":12,"x":10,"y":28,"l1x":10,"l1y":28},{"data":1000006,"lvl":9,"x":26,"y":38,"unit_prod":{"unit_type":0,"t":79,"slots":[{"id":4000006,"cnt":4}]},"l1x":26,"l1y":38},{"data":1000012,"lvl":7,"x":32,"y":17,"l1x":32,"l1y":17},{"data":1000015,"lvl":0,"x":11,"y":8,"l1x":11,"l1y":8},{"data":1000015,"lvl":0,"x":28,"y":8,"l1x":28,"l1y":8},{"data":1000010,"lvl":8,"x":12,"y":6,"l1x":12,"l1y":6},{"data":1000010,"lvl":8,"x":14,"y":6,"l1x":14,"l1y":6},{"data":1000010,"lvl":8,"x":17,"y":6,"l1x":17,"l1y":6},{"data":1000010,"lvl":8,"x":21,"y":6,"l1x":21,"l1y":6},{"data":1000010,"lvl":9,"x":32,"y":16,"l1x":32,"l1y":16},{"data":1000010,"lvl":8,"x":25,"y":6,"l1x":25,"l1y":6},{"data":1000010,"lvl":8,"x":6,"y":6,"l1x":6,"l1y":6},{"data":1000010,"lvl":8,"x":24,"y":6,"l1x":24,"l1y":6},{"data":1000010,"lvl":8,"x":20,"y":6,"l1x":20,"l1y":6},{"data":1000010,"lvl":8,"x":18,"y":6,"l1x":18,"l1y":6},{"data":1000010,"lvl":8,"x":16,"y":6,"l1x":16,"l1y":6},{"data":1000010,"lvl":8,"x":27,"y":6,"l1x":27,"l1y":6},{"data":1000010,"lvl":8,"x":15,"y":36,"l1x":15,"l1y":36},{"data":1000010,"lvl":8,"x":14,"y":36,"l1x":14,"l1y":36},{"data":1000010,"lvl":8,"x":13,"y":36,"l1x":13,"l1y":36},{"data":1000010,"lvl":8,"x":12,"y":36,"l1x":12,"l1y":36},{"data":1000010,"lvl":8,"x":11,"y":36,"l1x":11,"l1y":36},{"data":1000010,"lvl":8,"x":10,"y":36,"l1x":10,"l1y":36},{"data":1000010,"lvl":8,"x":9,"y":36,"l1x":9,"l1y":36},{"data":1000010,"lvl":8,"x":8,"y":36,"l1x":8,"l1y":36},{"data":1000010,"lvl":8,"x":7,"y":36,"l1x":7,"l1y":36},{"data":1000010,"lvl":8,"x":7,"y":35,"l1x":7,"l1y":35},{"data":1000010,"lvl":8,"x":7,"y":34,"l1x":7,"l1y":34},{"data":1000010,"lvl":8,"x":7,"y":33,"l1x":7,"l1y":33},{"data":1000010,"lvl":8,"x":7,"y":32,"l1x":7,"l1y":32},{"data":1000010,"lvl":8,"x":7,"y":31,"l1x":7,"l1y":31},{"data":1000010,"lvl":8,"x":7,"y":30,"l1x":7,"l1y":30},{"data":1000010,"lvl":8,"x":7,"y":29,"l1x":7,"l1y":29},{"data":1000010,"lvl":8,"x":7,"y":28,"l1x":7,"l1y":28},{"data":1000010,"lvl":8,"x":36,"y":7,"l1x":36,"l1y":7},{"data":1000010,"lvl":8,"x":36,"y":8,"l1x":36,"l1y":8},{"data":1000010,"lvl":8,"x":36,"y":9,"l1x":36,"l1y":9},{"data":1000010,"lvl":8,"x":36,"y":10,"l1x":36,"l1y":10},{"data":1000010,"lvl":8,"x":36,"y":11,"l1x":36,"l1y":11},{"data":1000002,"lvl":10,"boost_t":65138,"x":22,"y":28,"res_time":179143,"l1x":22,"l1y":28},{"data":1000004,"lvl":10,"x":19,"y":13,"res_time":179573,"l1x":19,"l1y":13},{"data":1000000,"lvl":7,"x":31,"y":8,"units":[[4000013,1],[4000004,9]],"storage_type":0,"l1x":31,"l1y":8},{"data":1000008,"lvl":11,"x":32,"y":28,"l1x":32,"l1y":28},{"data":1000009,"lvl":12,"x":9,"y":12,"l1x":9,"l1y":12},{"data":1000011,"lvl":7,"x":13,"y":31,"l1x":13,"l1y":31},{"data":1000020,"lvl":4,"x":9,"y":3,"units":[[26000000,1],[26000005,2],[26000002,2]],"storage_type":1,"unit_prod":{"unit_type":1},"l1x":9,"l1y":3},{"data":1000010,"lvl":8,"x":36,"y":12,"l1x":36,"l1y":12},{"data":1000010,"lvl":8,"x":36,"y":13,"l1x":36,"l1y":13},{"data":1000010,"lvl":9,"x":27,"y":31,"l1x":27,"l1y":31},{"data":1000010,"lvl":8,"x":36,"y":14,"l1x":36,"l1y":14},{"data":1000010,"lvl":8,"x":36,"y":15,"l1x":36,"l1y":15},{"data":1000010,"lvl":8,"x":38,"y":16,"l1x":38,"l1y":16},{"data":1000010,"lvl":8,"x":37,"y":16,"l1x":37,"l1y":16},{"data":1000010,"lvl":8,"x":36,"y":37,"l1x":36,"l1y":37},{"data":1000010,"lvl":8,"x":35,"y":37,"l1x":35,"l1y":37},{"data":1000010,"lvl":8,"x":34,"y":37,"l1x":34,"l1y":37},{"data":1000010,"lvl":8,"x":33,"y":37,"l1x":33,"l1y":37},{"data":1000010,"lvl":8,"x":32,"y":37,"l1x":32,"l1y":37},{"data":1000010,"lvl":8,"x":31,"y":37,"l1x":31,"l1y":37},{"data":1000010,"lvl":8,"x":30,"y":37,"l1x":30,"l1y":37},{"data":1000010,"lvl":8,"x":29,"y":37,"l1x":29,"l1y":37},{"data":1000010,"lvl":8,"x":28,"y":37,"l1x":28,"l1y":37},{"data":1000010,"lvl":8,"x":27,"y":37,"l1x":27,"l1y":37},{"data":1000010,"lvl":8,"x":26,"y":37,"l1x":26,"l1y":37},{"data":1000010,"lvl":9,"x":28,"y":31,"l1x":28,"l1y":31},{"data":1000010,"lvl":8,"x":25,"y":37,"l1x":25,"l1y":37},{"data":1000010,"lvl":8,"x":24,"y":37,"l1x":24,"l1y":37},{"data":1000010,"lvl":8,"x":23,"y":37,"l1x":23,"l1y":37},{"data":1000010,"lvl":8,"x":22,"y":37,"l1x":22,"l1y":37},{"data":1000010,"lvl":8,"x":21,"y":37,"l1x":21,"l1y":37},{"data":1000010,"lvl":8,"x":20,"y":37,"l1x":20,"l1y":37},{"data":1000002,"lvl":10,"boost_t":65121,"x":13,"y":22,"res_time":179146,"l1x":13,"l1y":22},{"data":1000004,"lvl":10,"x":28,"y":22,"res_time":179572,"l1x":28,"l1y":22},{"data":1000013,"lvl":7,"x":17,"y":22,"l1x":17,"l1y":22},{"data":1000010,"lvl":8,"x":19,"y":37,"l1x":19,"l1y":37},{"data":1000010,"lvl":8,"x":18,"y":37,"l1x":18,"l1y":37},{"data":1000010,"lvl":9,"x":11,"y":27,"l1x":11,"l1y":27},{"data":1000010,"lvl":9,"x":15,"y":12,"l1x":15,"l1y":12},{"data":1000010,"lvl":8,"x":17,"y":37,"l1x":17,"l1y":37},{"data":1000010,"lvl":8,"x":16,"y":37,"l1x":16,"l1y":37},{"data":1000010,"lvl":8,"x":16,"y":36,"l1x":16,"l1y":36},{"data":1000010,"lvl":8,"x":16,"y":35,"l1x":16,"l1y":35},{"data":1000010,"lvl":8,"x":16,"y":34,"l1x":16,"l1y":34},{"data":1000010,"lvl":8,"x":16,"y":33,"l1x":16,"l1y":33},{"data":1000010,"lvl":8,"x":16,"y":32,"l1x":16,"l1y":32},{"data":1000010,"lvl":8,"x":16,"y":31,"l1x":16,"l1y":31},{"data":1000010,"lvl":8,"x":17,"y":31,"l1x":17,"l1y":31},{"data":1000010,"lvl":8,"x":24,"y":31,"l1x":24,"l1y":31},{"data":1000010,"lvl":8,"x":19,"y":31,"l1x":19,"l1y":31},{"data":1000010,"lvl":9,"x":12,"y":27,"l1x":12,"l1y":27},{"data":1000010,"lvl":8,"x":20,"y":31,"l1x":20,"l1y":31},{"data":1000010,"lvl":8,"x":21,"y":31,"l1x":21,"l1y":31},{"data":1000010,"lvl":8,"x":22,"y":31,"l1x":22,"l1y":31},{"data":1000010,"lvl":8,"x":23,"y":31,"l1x":23,"l1y":31},{"data":1000010,"lvl":9,"x":12,"y":26,"l1x":12,"l1y":26},{"data":1000010,"lvl":8,"x":18,"y":31,"l1x":18,"l1y":31},{"data":1000010,"lvl":8,"x":25,"y":31,"l1x":25,"l1y":31},{"data":1000010,"lvl":8,"x":26,"y":31,"l1x":26,"l1y":31},{"data":1000010,"lvl":8,"x":8,"y":6,"l1x":8,"l1y":6},{"data":1000011,"lvl":7,"x":28,"y":10,"l1x":28,"l1y":10},{"data":1000006,"lvl":9,"x":31,"y":38,"unit_prod":{"unit_type":0,"t":695,"slots":[{"id":4000009,"cnt":1},{"id":4000006,"cnt":2}]},"l1x":31,"l1y":38},{"data":1000000,"lvl":7,"x":33,"y":32,"units":[[4000004,2],[4000001,3],[4000009,1]],"storage_type":0,"l1x":33,"l1y":32},{"data":1000008,"lvl":11,"x":7,"y":15,"l1x":7,"l1y":15},{"data":1000008,"lvl":11,"x":17,"y":32,"l1x":17,"l1y":32},{"data":1000009,"lvl":12,"x":34,"y":20,"l1x":34,"l1y":20},{"data":1000010,"lvl":8,"x":7,"y":6,"l1x":7,"l1y":6},{"data":1000010,"lvl":8,"x":6,"y":27,"l1x":6,"l1y":27},{"data":1000010,"lvl":8,"x":5,"y":27,"l1x":5,"l1y":27},{"data":1000010,"lvl":9,"x":12,"y":25,"l1x":12,"l1y":25},{"data":1000010,"lvl":9,"x":12,"y":24,"l1x":12,"l1y":24},{"data":1000010,"lvl":9,"x":12,"y":23,"l1x":12,"l1y":23},{"data":1000010,"lvl":9,"x":12,"y":22,"l1x":12,"l1y":22},{"data":1000010,"lvl":9,"x":12,"y":21,"l1x":12,"l1y":21},{"data":1000010,"lvl":9,"x":12,"y":20,"l1x":12,"l1y":20},{"data":1000010,"lvl":8,"x":5,"y":26,"l1x":5,"l1y":26},{"data":1000010,"lvl":8,"x":5,"y":25,"l1x":5,"l1y":25},{"data":1000010,"lvl":8,"x":5,"y":24,"l1x":5,"l1y":24},{"data":1000010,"lvl":8,"x":5,"y":23,"l1x":5,"l1y":23},{"data":1000010,"lvl":8,"x":5,"y":22,"l1x":5,"l1y":22},{"data":1000010,"lvl":8,"x":5,"y":18,"l1x":5,"l1y":18},{"data":1000010,"lvl":8,"x":5,"y":14,"l1x":5,"l1y":14},{"data":1000010,"lvl":9,"x":12,"y":19,"l1x":12,"l1y":19},{"data":1000010,"lvl":8,"x":5,"y":10,"l1x":5,"l1y":10},{"data":1000010,"lvl":8,"x":5,"y":7,"l1x":5,"l1y":7},{"data":1000010,"lvl":8,"x":5,"y":11,"l1x":5,"l1y":11},{"data":1000010,"lvl":8,"x":5,"y":15,"l1x":5,"l1y":15},{"data":1000010,"lvl":9,"x":12,"y":18,"l1x":12,"l1y":18},{"data":1000010,"lvl":8,"x":5,"y":17,"l1x":5,"l1y":17},{"data":1000010,"lvl":9,"x":12,"y":17,"l1x":12,"l1y":17},{"data":1000010,"lvl":8,"x":5,"y":13,"l1x":5,"l1y":13},{"data":1000010,"lvl":8,"x":5,"y":9,"l1x":5,"l1y":9},{"data":1000010,"lvl":8,"x":5,"y":8,"l1x":5,"l1y":8},{"data":1000010,"lvl":8,"x":5,"y":12,"l1x":5,"l1y":12},{"data":1000010,"lvl":8,"x":5,"y":16,"l1x":5,"l1y":16},{"data":1000010,"lvl":9,"x":12,"y":16,"l1x":12,"l1y":16},{"data":1000010,"lvl":8,"x":5,"y":20,"l1x":5,"l1y":20},{"data":1000010,"lvl":8,"x":7,"y":27,"l1x":7,"l1y":27},{"data":1000010,"lvl":9,"x":12,"y":15,"l1x":12,"l1y":15},{"data":1000010,"lvl":8,"x":8,"y":27,"l1x":8,"l1y":27},{"data":1000010,"lvl":8,"x":9,"y":27,"l1x":9,"l1y":27},{"data":1000010,"lvl":8,"x":38,"y":17,"l1x":38,"l1y":17},{"data":1000010,"lvl":8,"x":38,"y":18,"l1x":38,"l1y":18},{"data":1000010,"lvl":8,"x":38,"y":19,"l1x":38,"l1y":19},{"data":1000010,"lvl":9,"x":12,"y":14,"l1x":12,"l1y":14},{"data":1000010,"lvl":8,"x":38,"y":20,"l1x":38,"l1y":20},{"data":1000010,"lvl":9,"x":12,"y":13,"l1x":12,"l1y":13},{"data":1000010,"lvl":9,"x":14,"y":12,"l1x":14,"l1y":12},{"data":1000010,"lvl":9,"x":12,"y":12,"l1x":12,"l1y":12},{"data":1000010,"lvl":8,"x":38,"y":21,"l1x":38,"l1y":21},{"data":1000010,"lvl":9,"x":13,"y":12,"l1x":13,"l1y":12},{"data":1000010,"lvl":8,"x":38,"y":22,"l1x":38,"l1y":22},{"data":1000010,"lvl":8,"x":38,"y":23,"l1x":38,"l1y":23},{"data":1000010,"lvl":8,"x":38,"y":24,"l1x":38,"l1y":24},{"data":1000010,"lvl":8,"x":38,"y":25,"l1x":38,"l1y":25},{"data":1000010,"lvl":8,"x":38,"y":26,"l1x":38,"l1y":26},{"data":1000013,"lvl":7,"x":20,"y":17,"l1x":20,"l1y":17},{"data":1000012,"lvl":7,"x":9,"y":24,"l1x":9,"l1y":24},{"data":1000024,"lvl":5,"x":13,"y":28,"l1x":13,"l1y":28},{"data":1000022,"lvl":0,"x":22,"y":13,"l1x":22,"l1y":13},{"data":1000019,"lvl":7,"x":23,"y":17,"l1x":23,"l1y":17},{"data":1000019,"lvl":7,"x":25,"y":17,"l1x":25,"l1y":17},{"data":1000003,"lvl":10,"x":13,"y":16,"l1x":13,"l1y":16},{"data":1000005,"lvl":10,"x":16,"y":13,"l1x":16,"l1y":13},{"data":1000009,"lvl":12,"x":31,"y":13,"l1x":31,"l1y":13},{"data":1000010,"lvl":9,"x":31,"y":16,"l1x":31,"l1y":16},{"data":1000010,"lvl":8,"x":38,"y":27,"l1x":38,"l1y":27},{"data":1000010,"lvl":8,"x":38,"y":28,"l1x":38,"l1y":28},{"data":1000010,"lvl":8,"x":38,"y":29,"l1x":38,"l1y":29},{"data":1000010,"lvl":8,"x":38,"y":30,"l1x":38,"l1y":30},{"data":1000010,"lvl":8,"x":38,"y":36,"l1x":38,"l1y":36},{"data":1000010,"lvl":8,"x":38,"y":32,"l1x":38,"l1y":32},{"data":1000010,"lvl":8,"x":38,"y":34,"l1x":38,"l1y":34},{"data":1000010,"lvl":8,"x":38,"y":35,"l1x":38,"l1y":35},{"data":1000010,"lvl":9,"x":31,"y":17,"l1x":31,"l1y":17},{"data":1000010,"lvl":9,"x":31,"y":18,"l1x":31,"l1y":18},{"data":1000010,"lvl":8,"x":38,"y":33,"l1x":38,"l1y":33},{"data":1000010,"lvl":8,"x":38,"y":31,"l1x":38,"l1y":31},{"data":1000010,"lvl":9,"x":10,"y":27,"l1x":36,"l1y":16},{"data":1000010,"lvl":9,"x":35,"y":16,"l1x":35,"l1y":16},{"data":1000010,"lvl":9,"x":31,"y":19,"l1x":31,"l1y":19},{"data":1000010,"lvl":9,"x":34,"y":16,"l1x":34,"l1y":16},{"data":1000010,"lvl":9,"x":31,"y":20,"l1x":31,"l1y":20},{"data":1000010,"lvl":9,"x":31,"y":21,"l1x":31,"l1y":21},{"data":1000010,"lvl":9,"x":31,"y":22,"l1x":31,"l1y":22},{"data":1000010,"lvl":9,"x":31,"y":23,"l1x":31,"l1y":23},{"data":1000010,"lvl":9,"x":31,"y":24,"l1x":31,"l1y":24},{"data":1000010,"lvl":9,"x":31,"y":25,"l1x":31,"l1y":25},{"data":1000010,"lvl":9,"x":31,"y":26,"l1x":31,"l1y":26},{"data":1000010,"lvl":9,"x":31,"y":27,"l1x":31,"l1y":27},{"data":1000010,"lvl":9,"x":31,"y":28,"l1x":31,"l1y":28},{"data":1000010,"lvl":9,"x":31,"y":29,"l1x":31,"l1y":29},{"data":1000010,"lvl":9,"x":31,"y":30,"l1x":31,"l1y":30},{"data":1000010,"lvl":9,"x":29,"y":31,"l1x":29,"l1y":31},{"data":1000010,"lvl":9,"x":30,"y":31,"l1x":30,"l1y":31},{"data":1000010,"lvl":9,"x":31,"y":31,"l1x":31,"l1y":31},{"data":1000010,"lvl":9,"x":16,"y":26,"l1x":16,"l1y":26},{"data":1000010,"lvl":9,"x":16,"y":27,"l1x":16,"l1y":27},{"data":1000010,"lvl":9,"x":17,"y":27,"l1x":17,"l1y":27},{"data":1000010,"lvl":9,"x":16,"y":25,"l1x":16,"l1y":25},{"data":1000010,"lvl":9,"x":16,"y":24,"l1x":16,"l1y":24},{"data":1000010,"lvl":9,"x":16,"y":23,"l1x":16,"l1y":23},{"data":1000010,"lvl":9,"x":16,"y":22,"l1x":16,"l1y":22},{"data":1000010,"lvl":9,"x":16,"y":21,"l1x":16,"l1y":21},{"data":1000010,"lvl":9,"x":16,"y":20,"l1x":16,"l1y":20},{"data":1000010,"lvl":9,"x":16,"y":19,"l1x":16,"l1y":19},{"data":1000010,"lvl":9,"x":16,"y":18,"l1x":16,"l1y":18},{"data":1000010,"lvl":9,"x":16,"y":17,"l1x":16,"l1y":17},{"data":1000010,"lvl":9,"x":16,"y":16,"l1x":16,"l1y":16},{"data":1000010,"lvl":9,"x":17,"y":16,"l1x":17,"l1y":16},{"data":1000010,"lvl":9,"x":18,"y":16,"l1x":18,"l1y":16},{"data":1000010,"lvl":9,"x":19,"y":16,"l1x":19,"l1y":16},{"data":1000010,"lvl":9,"x":20,"y":16,"l1x":20,"l1y":16},{"data":1000010,"lvl":9,"x":21,"y":16,"l1x":21,"l1y":16},{"data":1000010,"lvl":9,"x":22,"y":16,"l1x":22,"l1y":16},{"data":1000012,"lvl":7,"x":18,"y":9,"l1x":18,"l1y":9},{"data":1000011,"lvl":7,"x":9,"y":18,"l1x":9,"l1y":18},{"data":1000019,"lvl":7,"x":17,"y":25,"l1x":17,"l1y":25},{"data":1000015,"lvl":0,"x":14,"y":34,"l1x":14,"l1y":34},{"data":1000023,"lvl":5,"x":28,"y":13,"res_time":57171,"l1x":28,"l1y":13},{"data":1000026,"lvl":5,"x":14,"y":3,"unit_prod":{"unit_type":0},"l1x":14,"l1y":3},{"data":1000026,"lvl":5,"x":25,"y":3,"unit_prod":{"unit_type":0},"l1x":25,"l1y":3},{"data":1000010,"lvl":9,"x":23,"y":16,"l1x":23,"l1y":16},{"data":1000010,"lvl":9,"x":24,"y":16,"l1x":24,"l1y":16},{"data":1000010,"lvl":9,"x":25,"y":16,"l1x":25,"l1y":16},{"data":1000010,"lvl":9,"x":26,"y":16,"l1x":26,"l1y":16},{"data":1000010,"lvl":9,"x":27,"y":16,"l1x":27,"l1y":16},{"data":1000010,"lvl":9,"x":27,"y":17,"l1x":27,"l1y":17},{"data":1000010,"lvl":9,"x":27,"y":18,"l1x":27,"l1y":18},{"data":1000010,"lvl":9,"x":27,"y":19,"l1x":27,"l1y":19},{"data":1000010,"lvl":9,"x":27,"y":20,"l1x":27,"l1y":20},{"data":1000010,"lvl":9,"x":27,"y":21,"l1x":27,"l1y":21},{"data":1000010,"lvl":9,"x":27,"y":22,"l1x":27,"l1y":22},{"data":1000010,"lvl":9,"x":27,"y":23,"l1x":27,"l1y":23},{"data":1000010,"lvl":9,"x":27,"y":24,"l1x":27,"l1y":24},{"data":1000010,"lvl":9,"x":27,"y":25,"l1x":27,"l1y":25},{"data":1000010,"lvl":9,"x":27,"y":26,"l1x":27,"l1y":26},{"data":1000010,"lvl":9,"x":27,"y":27,"l1x":27,"l1y":27},{"data":1000010,"lvl":9,"x":26,"y":27,"l1x":26,"l1y":27},{"data":1000010,"lvl":9,"x":25,"y":27,"l1x":25,"l1y":27},{"data":1000010,"lvl":9,"x":24,"y":27,"l1x":24,"l1y":27},{"data":1000010,"lvl":9,"x":23,"y":27,"l1x":23,"l1y":27},{"data":1000010,"lvl":9,"x":22,"y":27,"l1x":22,"l1y":27},{"data":1000010,"lvl":9,"x":21,"y":27,"l1x":21,"l1y":27},{"data":1000010,"lvl":9,"x":20,"y":27,"l1x":20,"l1y":27},{"data":1000010,"lvl":9,"x":19,"y":27,"l1x":19,"l1y":27},{"data":1000010,"lvl":9,"x":18,"y":27,"l1x":18,"l1y":27},{"data":1000009,"lvl":12,"x":21,"y":7,"l1x":21,"l1y":7},{"data":1000003,"lvl":10,"x":16,"y":28,"l1x":16,"l1y":28},{"data":1000025,"lvl":0,"x":19,"y":28,"l1x":19,"l1y":28},{"data":1000005,"lvl":10,"x":13,"y":25,"l1x":13,"l1y":25},{"data":1000023,"lvl":5,"x":28,"y":28,"res_time":57172,"l1x":28,"l1y":28},{"data":1000011,"lvl":7,"x":32,"y":23,"l1x":32,"l1y":23},{"data":1000012,"lvl":7,"x":23,"y":32,"l1x":23,"l1y":32},{"data":1000019,"lvl":7,"x":19,"y":25,"l1x":19,"l1y":25},{"data":1000021,"lvl":3,"x":17,"y":17,"attack_mode":false,"attack_mode_war":false,"attack_mode_draft":false,"attack_mode_draft_war":false,"ammo":1500,"l1x":17,"l1y":17},{"data":1000021,"lvl":3,"x":21,"y":24,"attack_mode":false,"attack_mode_war":false,"attack_mode_draft":false,"attack_mode_draft_war":false,"ammo":1500,"l1x":21,"l1y":24},{"data":1000002,"lvl":10,"boost_t":65119,"x":13,"y":19,"res_time":179146,"l1x":13,"l1y":19},{"data":1000008,"lvl":11,"x":26,"y":34,"l1x":26,"l1y":34},{"data":1000004,"lvl":10,"x":28,"y":19,"res_time":179571,"l1x":28,"l1y":19},{"data":1000009,"lvl":12,"x":20,"y":34,"l1x":20,"l1y":34},{"data":1000023,"lvl":5,"x":13,"y":13,"res_time":57175,"l1x":13,"l1y":13},{"data":1000021,"lvl":3,"x":24,"y":19,"attack_mode":false,"attack_mode_war":false,"attack_mode_draft":false,"attack_mode_draft_war":false,"ammo":1500,"l1x":24,"l1y":19},{"data":1000027,"lvl":2,"x":18,"y":20,"attack_mode":false,"attack_mode_war":false,"attack_mode_draft":false,"attack_mode_draft_war":false,"ammo":750,"l1x":18,"l1y":20},{"data":1000027,"lvl":2,"x":24,"y":22,"attack_mode":true,"attack_mode_war":true,"attack_mode_draft":true,"attack_mode_draft_war":true,"ammo":750,"l1x":24,"l1y":22}],"obstacles":[{"data":8000028,"x":0,"y":41,"l1x":-1,"l1y":-1,"loot_multiply_ver":1},{"data":8000028,"x":41,"y":41,"l1x":-1,"l1y":-1,"loot_multiply_ver":1},{"data":8000000,"x":9,"y":42,"l1x":-1,"l1y":-1,"loot_multiply_ver":2},{"data":8000000,"x":0,"y":26,"l1x":-1,"l1y":-1,"loot_multiply_ver":2},{"data":8000000,"x":6,"y":0,"l1x":-1,"l1y":-1,"loot_multiply_ver":2},{"data":8000000,"x":10,"y":0,"l1x":-1,"l1y":-1,"loot_multiply_ver":2},{"data":8000000,"x":0,"y":15,"l1x":-1,"l1y":-1,"loot_multiply_ver":2},{"data":8000000,"x":17,"y":42,"l1x":-1,"l1y":-1,"loot_multiply_ver":2},{"data":8000000,"x":0,"y":7,"l1x":-1,"l1y":-1,"loot_multiply_ver":2},{"data":8000000,"x":24,"y":42,"l1x":-1,"l1y":-1,"loot_multiply_ver":2},{"data":8000000,"x":29,"y":0,"l1x":-1,"l1y":-1,"loot_multiply_ver":2},{"data":8000000,"x":13,"y":0,"l1x":-1,"l1y":-1,"loot_multiply_ver":2},{"data":8000000,"x":0,"y":29,"l1x":-1,"l1y":-1,"loot_multiply_ver":2},{"data":8000000,"x":0,"y":22,"l1x":-1,"l1y":-1,"loot_multiply_ver":2},{"data":8000000,"x":42,"y":23,"l1x":-1,"l1y":-1,"loot_multiply_ver":2},{"data":8000000,"x":2,"y":0,"l1x":-1,"l1y":-1,"loot_multiply_ver":2},{"data":8000000,"x":36,"y":42,"l1x":-1,"l1y":-1,"loot_multiply_ver":2},{"data":8000000,"x":26,"y":0,"l1x":-1,"l1y":-1,"loot_multiply_ver":2},{"data":8000000,"x":42,"y":34,"l1x":-1,"l1y":-1,"loot_multiply_ver":2},{"data":8000000,"x":33,"y":42,"l1x":-1,"l1y":-1,"loot_multiply_ver":2},{"data":8000000,"x":30,"y":42,"l1x":-1,"l1y":-1,"loot_multiply_ver":2},{"data":8000000,"x":42,"y":37,"l1x":-1,"l1y":-1,"loot_multiply_ver":2},{"data":8000000,"x":13,"y":42,"l1x":-1,"l1y":-1,"loot_multiply_ver":2},{"data":8000000,"x":21,"y":42,"l1x":-1,"l1y":-1,"loot_multiply_ver":2}],"traps":[{"data":12000001,"lvl":0,"x":6,"y":17,"l1x":6,"l1y":17},{"data":12000001,"lvl":0,"x":36,"y":23,"l1x":36,"l1y":23},{"data":12000001,"lvl":0,"x":10,"y":21,"l1x":10,"l1y":21},{"data":12000000,"lvl":5,"x":32,"y":21,"l1x":32,"l1y":21},{"data":12000001,"lvl":0,"x":33,"y":22,"l1x":33,"l1y":22},{"data":12000006,"lvl":2,"x":34,"y":31,"l1x":34,"l1y":31},{"data":12000000,"lvl":5,"x":32,"y":22,"l1x":32,"l1y":22},{"data":12000002,"lvl":3,"x":35,"y":27,"l1x":35,"l1y":27},{"data":12000000,"lvl":5,"x":32,"y":20,"l1x":32,"l1y":20},{"data":12000000,"lvl":5,"x":11,"y":21,"l1x":11,"l1y":21},{"data":12000001,"lvl":0,"x":12,"y":11,"l1x":12,"l1y":11},{"data":12000002,"lvl":3,"x":16,"y":10,"l1x":16,"l1y":10},{"data":12000001,"lvl":0,"x":32,"y":31,"l1x":32,"l1y":31},{"data":12000002,"lvl":3,"x":26,"y":32,"l1x":26,"l1y":32},{"data":12000005,"lvl":3,"x":35,"y":14,"l1x":35,"l1y":14},{"data":12000005,"lvl":3,"x":20,"y":32,"l1x":20,"l1y":32},{"data":12000005,"lvl":3,"x":23,"y":11,"l1x":23,"l1y":11},{"data":12000006,"lvl":2,"x":17,"y":20,"l1x":17,"l1y":20},{"data":12000006,"lvl":2,"x":26,"y":23,"l1x":26,"l1y":23},{"data":12000002,"lvl":3,"x":10,"y":16,"l1x":10,"l1y":16},{"data":12000000,"lvl":5,"x":11,"y":22,"l1x":11,"l1y":22},{"data":12000000,"lvl":5,"x":11,"y":23,"l1x":11,"l1y":23},{"data":12000005,"lvl":3,"x":36,"y":38,"l1x":36,"l1y":38},{"data":12000006,"lvl":2,"x":20,"y":24,"l1x":20,"l1y":24},{"data":12000005,"lvl":3,"x":7,"y":5,"l1x":7,"l1y":5},{"data":12000002,"lvl":3,"x":32,"y":26,"l1x":32,"l1y":26},{"data":12000006,"lvl":2,"x":23,"y":19,"l1x":23,"l1y":19}],"decos":[{"data":18000028,"x":2,"y":2,"l1x":2,"l1y":2},{"data":18000001,"x":37,"y":5,"l1x":37,"l1y":5},{"data":18000001,"x":5,"y":37,"l1x":5,"l1y":37},{"data":18000001,"x":4,"y":2,"l1x":4,"l1y":2},{"data":18000001,"x":2,"y":4,"l1x":2,"l1y":4},{"data":18000003,"x":2,"y":22,"l1x":2,"l1y":22},{"data":18000007,"x":39,"y":39,"l1x":39,"l1y":39},{"data":18000008,"x":6,"y":2,"l1x":6,"l1y":2},{"data":18000009,"x":2,"y":6,"l1x":2,"l1y":6},{"data":18000010,"x":40,"y":37,"l1x":40,"l1y":37},{"data":18000033,"x":37,"y":40,"l1x":37,"l1y":40},{"data":18000005,"x":28,"y":2,"l1x":28,"l1y":2},{"data":18000005,"x":23,"y":2,"l1x":23,"l1y":2},{"data":18000005,"x":17,"y":2,"l1x":17,"l1y":2},{"data":18000005,"x":12,"y":2,"l1x":12,"l1y":2},{"data":18000006,"x":19,"y":40,"l1x":19,"l1y":40},{"data":18000006,"x":24,"y":40,"l1x":24,"l1y":40},{"data":18000006,"x":29,"y":40,"l1x":29,"l1y":40},{"data":18000006,"x":34,"y":40,"l1x":34,"l1y":40},{"data":18000022,"x":36,"y":2,"l1x":36,"l1y":2},{"data":18000023,"x":2,"y":14,"l1x":2,"l1y":14},{"data":18000024,"x":2,"y":18,"l1x":2,"l1y":18},{"data":18000025,"x":2,"y":10,"l1x":2,"l1y":10},{"data":18000026,"x":40,"y":10,"l1x":40,"l1y":10},{"data":18000027,"x":40,"y":14,"l1x":40,"l1y":14},{"data":18000029,"x":40,"y":18,"l1x":40,"l1y":18},{"data":18000030,"x":40,"y":2,"l1x":40,"l1y":2},{"data":18000031,"x":40,"y":6,"l1x":40,"l1y":6},{"data":18000032,"x":40,"y":22,"l1x":40,"l1y":22},{"data":18000034,"x":40,"y":34,"l1x":40,"l1y":34},{"data":18000035,"x":40,"y":30,"l1x":40,"l1y":30},{"data":18000036,"x":40,"y":26,"l1x":40,"l1y":26},{"data":18000021,"x":2,"y":30,"l1x":2,"l1y":30},{"data":18000020,"x":2,"y":26,"l1x":2,"l1y":26},{"data":18000019,"x":32,"y":2,"l1x":32,"l1y":2},{"data":18000018,"x":12,"y":37,"l1x":12,"l1y":37},{"data":18000017,"x":30,"y":5,"l1x":30,"l1y":5},{"data":18000016,"x":2,"y":40,"l1x":2,"l1y":40},{"data":18000015,"x":2,"y":33,"l1x":2,"l1y":33},{"data":18000014,"x":14,"y":40,"l1x":14,"l1y":40},{"data":18000013,"x":2,"y":36,"l1x":2,"l1y":36},{"data":18000012,"x":10,"y":40,"l1x":10,"l1y":40},{"data":18000011,"x":6,"y":40,"l1x":6,"l1y":40}],"respawnVars":{"secondsFromLastRespawn":26621,"respawnSeed":-653325813,"obstacleClearCounter":14,"time_to_gembox_drop":236230,"time_in_gembox_period":90000},"cooldowns":[{"cooldown":1509504,"target":20000001},{"cooldown":314131,"target":20000000}],"newShopBuildings":[4,0,7,4,7,4,4,1,6,7,250,4,4,3,1,5,0,0,0,4,1,3,1,3,1,1,2,2],"newShopTraps":[6,6,5,0,0,5,5,0],"newShopDecos":[1,4,0,1,1,4,4,1,1,1,1,1,1,1,1,1,1,1,1,1,1,1,1,1,1,1,1,1,1,1,1,1,1,1,1,1,1],"last_league_rank":16,"last_league_shuffle":1,"last_news_seen":81,"edit_mode_shown":true,"troop_req_msg":"1GOLEM 1B.Y.C. L.TFEN TE.EKK.RLER","war_tutorials_seen":0,"war_base":true}