{"buildings":[{"data":1000001,"lvl":9,"x":19,"y":20,"l1x":18,"l1y":20},{"data":1000004,"lvl":10,"x":36,"y":27,"res_time":169506,"l1x":13,"l1y":36},{"data":1000000,"lvl":7,"x":19,"y":35,"units":[[4000005,12]],"storage_type":0,"l1x":18,"l1y":35},{"data":1000015,"lvl":0,"x":10,"y":36,"l1x":9,"l1y":36},{"data":1000014,"lvl":5,"x":24,"y":23,"unit_req_time":545,"share_replay_time":1718,"l1x":23,"l1y":23},{"data":1000008,"lvl":11,"x":21,"y":24,"l1x":20,"l1y":17},{"data":1000003,"lvl":10,"x":22,"y":32,"l1x":21,"l1y":32},{"data":1000015,"lvl":0,"x":6,"y":31,"l1x":5,"l1y":31},{"data":1000002,"lvl":10,"boost_t":52495,"x":5,"y":26,"res_time":175491,"l1x":4,"l1y":26},{"data":1000005,"lvl":10,"x":19,"y":32,"l1x":18,"l1y":32},{"data":1000006,"lvl":9,"boost_t":1018,"x":31,"y":36,"unit_prod":{"unit_type":0},"l1x":30,"l1y":36},{"data":1000008,"lvl":11,"x":21,"y":17,"l1x":20,"l1y":24},{"data":1000009,"lvl":12,"x":9,"y":29,"l1x":8,"l1y":29},{"data":1000006,"lvl":9,"boost_t":1013,"x":26,"y":36,"unit_prod":{"unit_type":0},"l1x":25,"l1y":36},{"data":1000004,"lvl":10,"x":36,"y":32,"res_time":169503,"l1x":14,"l1y":5},{"data":1000004,"lvl":10,"x":14,"y":36,"res_time":160044,"l1x":35,"l1y":27},{"data":1000002,"lvl":10,"boost_t":52501,"x":10,"y":5,"res_time":178705,"l1x":9,"l1y":5},{"data":1000002,"lvl":10,"boost_t":52493,"x":36,"y":10,"res_time":177442,"l1x":35,"l1y":10},{"data":1000010,"lvl":10,"x":16,"y":18,"l1x":25,"l1y":27},{"data":1000010,"lvl":10,"x":16,"y":19,"l1x":19,"l1y":27},{"data":1000010,"lvl":10,"x":16,"y":20,"l1x":20,"l1y":27},{"data":1000010,"lvl":10,"x":16,"y":21,"l1x":22,"l1y":27},{"data":1000010,"lvl":10,"x":16,"y":22,"l1x":26,"l1y":20},{"data":1000010,"lvl":10,"x":16,"y":23,"l1x":26,"l1y":19},{"data":1000010,"lvl":10,"x":16,"y":24,"l1x":26,"l1y":23},{"data":1000010,"lvl":10,"x":16,"y":25,"l1x":21,"l1y":27},{"data":1000010,"lvl":10,"x":17,"y":26,"l1x":15,"l1y":27},{"data":1000010,"lvl":10,"x":16,"y":26,"l1x":16,"l1y":27},{"data":1000010,"lvl":10,"x":25,"y":27,"l1x":16,"l1y":26},{"data":1000010,"lvl":10,"x":24,"y":27,"l1x":15,"l1y":26},{"data":1000010,"lvl":10,"x":23,"y":27,"l1x":15,"l1y":25},{"data":1000010,"lvl":10,"x":22,"y":27,"l1x":15,"l1y":24},{"data":1000010,"lvl":10,"x":21,"y":27,"l1x":15,"l1y":23},{"data":1000010,"lvl":10,"x":20,"y":27,"l1x":15,"l1y":22},{"data":1000010,"lvl":10,"x":19,"y":27,"l1x":15,"l1y":21},{"data":1000010,"lvl":10,"x":18,"y":27,"l1x":15,"l1y":20},{"data":1000010,"lvl":10,"x":17,"y":27,"l1x":15,"l1y":19},{"data":1000010,"lvl":10,"x":16,"y":27,"l1x":15,"l1y":18},{"data":1000010,"lvl":10,"x":17,"y":17,"l1x":15,"l1y":17},{"data":1000010,"lvl":10,"x":16,"y":17,"l1x":16,"l1y":17},{"data":1000010,"lvl":10,"x":16,"y":16,"l1x":15,"l1y":16},{"data":1000010,"lvl":10,"x":17,"y":16,"l1x":16,"l1y":16},{"data":1000010,"lvl":10,"x":18,"y":16,"l1x":17,"l1y":16},{"data":1000010,"lvl":10,"x":19,"y":16,"l1x":18,"l1y":16},{"data":1000010,"lvl":10,"x":20,"y":16,"l1x":19,"l1y":16},{"data":1000010,"lvl":10,"x":21,"y":16,"l1x":20,"l1y":16},{"data":1000010,"lvl":10,"x":22,"y":16,"l1x":21,"l1y":16},{"data":1000010,"lvl":10,"x":23,"y":16,"l1x":22,"l1y":16},{"data":1000010,"lvl":10,"x":24,"y":16,"l1x":23,"l1y":16},{"data":1000010,"lvl":10,"x":25,"y":16,"l1x":24,"l1y":16},{"data":1000010,"lvl":10,"x":26,"y":16,"l1x":25,"l1y":16},{"data":1000010,"lvl":10,"x":26,"y":17,"l1x":25,"l1y":17},{"data":1000010,"lvl":10,"x":27,"y":17,"l1x":26,"l1y":17},{"data":1000010,"lvl":10,"x":27,"y":18,"l1x":26,"l1y":22},{"data":1000010,"lvl":10,"x":27,"y":19,"l1x":26,"l1y":21},{"data":1000010,"lvl":10,"x":27,"y":20,"l1x":26,"l1y":18},{"data":1000010,"lvl":10,"x":27,"y":21,"l1x":26,"l1y":25},{"data":1000010,"lvl":10,"x":27,"y":22,"l1x":24,"l1y":27},{"data":1000010,"lvl":10,"x":27,"y":23,"l1x":26,"l1y":24},{"data":1000010,"lvl":10,"x":27,"y":24,"l1x":18,"l1y":27},{"data":1000010,"lvl":10,"x":27,"y":25,"l1x":23,"l1y":27},{"data":1000010,"lvl":10,"x":27,"y":26,"l1x":26,"l1y":26},{"data":1000010,"lvl":10,"x":26,"y":26,"l1x":25,"l1y":28},{"data":1000010,"lvl":10,"x":26,"y":27,"l1x":25,"l1y":26},{"data":1000010,"lvl":10,"x":24,"y":28,"l1x":14,"l1y":27},{"data":1000010,"lvl":10,"x":23,"y":28,"l1x":14,"l1y":26},{"data":1000010,"lvl":10,"x":22,"y":28,"l1x":16,"l1y":15},{"data":1000010,"lvl":10,"x":21,"y":28,"l1x":15,"l1y":15},{"data":1000007,"lvl":7,"x":4,"y":8,"l1x":3,"l1y":8},{"data":1000009,"lvl":12,"x":9,"y":15,"l1x":8,"l1y":15},{"data":1000002,"lvl":10,"boost_t":52497,"x":9,"y":32,"res_time":175420,"l1x":8,"l1y":32},{"data":1000013,"lvl":7,"x":19,"y":29,"l1x":18,"l1y":29},{"data":1000003,"lvl":10,"x":9,"y":19,"l1x":8,"l1y":19},{"data":1000012,"lvl":7,"x":22,"y":29,"l1x":21,"l1y":29},{"data":1000006,"lvl":9,"boost_t":1026,"x":31,"y":5,"unit_prod":{"unit_type":0},"l1x":30,"l1y":5},{"data":1000010,"lvl":10,"x":20,"y":28,"l1x":27,"l1y":24},{"data":1000010,"lvl":10,"x":19,"y":28,"l1x":27,"l1y":23},{"data":1000010,"lvl":10,"x":15,"y":27,"l1x":27,"l1y":22},{"data":1000010,"lvl":10,"x":15,"y":26,"l1x":27,"l1y":21},{"data":1000010,"lvl":10,"x":12,"y":26,"l1x":27,"l1y":20},{"data":1000010,"lvl":10,"x":12,"y":27,"l1x":27,"l1y":19},{"data":1000010,"lvl":10,"x":12,"y":28,"l1x":24,"l1y":30},{"data":1000010,"lvl":10,"x":13,"y":28,"l1x":24,"l1y":29},{"data":1000010,"lvl":10,"x":14,"y":28,"l1x":26,"l1y":28},{"data":1000010,"lvl":10,"x":15,"y":28,"l1x":17,"l1y":27},{"data":1000010,"lvl":10,"x":16,"y":28,"l1x":24,"l1y":28},{"data":1000010,"lvl":10,"x":17,"y":28,"l1x":23,"l1y":28},{"data":1000010,"lvl":10,"x":18,"y":28,"l1x":22,"l1y":28},{"data":1000010,"lvl":10,"x":18,"y":29,"l1x":21,"l1y":28},{"data":1000010,"lvl":10,"x":18,"y":30,"l1x":20,"l1y":28},{"data":1000010,"lvl":10,"x":18,"y":31,"l1x":19,"l1y":28},{"data":1000010,"lvl":10,"x":18,"y":32,"l1x":18,"l1y":28},{"data":1000010,"lvl":10,"x":18,"y":33,"l1x":11,"l1y":26},{"data":1000010,"lvl":10,"x":18,"y":34,"l1x":11,"l1y":27},{"data":1000010,"lvl":10,"x":18,"y":35,"l1x":11,"l1y":28},{"data":1000010,"lvl":10,"x":17,"y":35,"l1x":12,"l1y":28},{"data":1000010,"lvl":10,"x":16,"y":35,"l1x":13,"l1y":28},{"data":1000010,"lvl":10,"x":15,"y":35,"l1x":14,"l1y":28},{"data":1000010,"lvl":10,"x":14,"y":35,"l1x":15,"l1y":28},{"data":1000010,"lvl":10,"x":13,"y":35,"l1x":16,"l1y":28},{"data":1000000,"lvl":7,"x":4,"y":19,"units":[[4000010,14],[4000004,1]],"storage_type":0,"l1x":3,"l1y":19},{"data":1000004,"lvl":10,"x":15,"y":5,"res_time":159658,"l1x":35,"l1y":32},{"data":1000008,"lvl":11,"x":15,"y":32,"l1x":14,"l1y":32},{"data":1000000,"lvl":7,"x":20,"y":4,"units":[[4000005,2],[4000017,1],[4000010,10]],"storage_type":0,"l1x":19,"l1y":4},{"data":1000002,"lvl":10,"boost_t":52500,"x":15,"y":9,"res_time":178704,"l1x":14,"l1y":9},{"data":1000010,"lvl":10,"x":12,"y":35,"l1x":17,"l1y":28},{"data":1000010,"lvl":10,"x":11,"y":35,"l1x":17,"l1y":29},{"data":1000010,"lvl":10,"x":10,"y":35,"l1x":17,"l1y":30},{"data":1000010,"lvl":10,"x":9,"y":35,"l1x":17,"l1y":31},{"data":1000010,"lvl":10,"x":8,"y":35,"l1x":17,"l1y":32},{"data":1000010,"lvl":10,"x":8,"y":34,"l1x":17,"l1y":33},{"data":1000010,"lvl":10,"x":8,"y":33,"l1x":17,"l1y":34},{"data":1000010,"lvl":10,"x":8,"y":32,"l1x":17,"l1y":35},{"data":1000010,"lvl":10,"x":8,"y":31,"l1x":16,"l1y":35},{"data":1000010,"lvl":10,"x":8,"y":30,"l1x":15,"l1y":35},{"data":1000010,"lvl":10,"x":8,"y":29,"l1x":14,"l1y":35},{"data":1000010,"lvl":10,"x":8,"y":28,"l1x":13,"l1y":35},{"data":1000010,"lvl":10,"x":8,"y":27,"l1x":12,"l1y":35},{"data":1000010,"lvl":10,"x":8,"y":26,"l1x":11,"l1y":35},{"data":1000010,"lvl":10,"x":8,"y":25,"l1x":10,"l1y":35},{"data":1000010,"lvl":10,"x":9,"y":25,"l1x":9,"l1y":35},{"data":1000010,"lvl":10,"x":10,"y":25,"l1x":8,"l1y":35},{"data":1000009,"lvl":12,"x":12,"y":9,"l1x":11,"l1y":9},{"data":1000011,"lvl":7,"x":12,"y":29,"l1x":11,"l1y":29},{"data":1000005,"lvl":10,"x":9,"y":22,"l1x":8,"l1y":22},{"data":1000015,"lvl":0,"x":6,"y":6,"l1x":5,"l1y":6},{"data":1000020,"lvl":4,"x":29,"y":9,"units":[[26000002,3],[26000000,2]],"storage_type":1,"unit_prod":{"unit_type":1},"l1x":28,"l1y":9},{"data":1000013,"lvl":7,"x":12,"y":19,"l1x":11,"l1y":19},{"data":1000011,"lvl":7,"x":12,"y":12,"l1x":11,"l1y":12},{"data":1000015,"lvl":0,"x":36,"y":6,"l1x":35,"l1y":6},{"data":1000015,"lvl":0,"x":17,"y":22,"l1x":16,"l1y":22},{"data":1000004,"lvl":10,"x":9,"y":9,"res_time":159315,"l1x":8,"l1y":9},{"data":1000013,"lvl":7,"x":29,"y":19,"l1x":28,"l1y":19},{"data":1000009,"lvl":12,"x":26,"y":9,"l1x":25,"l1y":9},{"data":1000026,"lvl":5,"boost_t":1030,"x":5,"y":14,"unit_prod":{"unit_type":0},"l1x":4,"l1y":14},{"data":1000024,"lvl":5,"x":32,"y":19,"l1x":31,"l1y":19},{"data":1000022,"lvl":0,"boost_t":1010,"x":15,"y":29,"l1x":14,"l1y":29},{"data":1000000,"lvl":7,"x":35,"y":20,"units":[[4000005,10],[4000010,3],[4000004,2]],"storage_type":0,"l1x":34,"l1y":20},{"data":1000009,"lvl":12,"x":32,"y":12,"l1x":31,"l1y":12},{"data":1000011,"lvl":7,"x":29,"y":12,"l1x":28,"l1y":12},{"data":1000023,"lvl":5,"x":12,"y":32,"res_time":55312,"l1x":11,"l1y":32},{"data":1000009,"lvl":12,"x":26,"y":32,"l1x":25,"l1y":32},{"data":1000011,"lvl":7,"x":29,"y":29,"l1x":28,"l1y":29},{"data":1000003,"lvl":10,"x":19,"y":9,"l1x":18,"l1y":9},{"data":1000008,"lvl":11,"x":12,"y":15,"l1x":11,"l1y":15},{"data":1000021,"lvl":3,"x":18,"y":24,"attack_mode":false,"attack_mode_war":false,"attack_mode_draft":false,"attack_mode_draft_war":false,"ammo":1043,"l1x":17,"l1y":17},{"data":1000025,"lvl":0,"boost_t":1032,"x":22,"y":12,"l1x":21,"l1y":12},{"data":1000012,"lvl":7,"x":12,"y":22,"l1x":11,"l1y":22},{"data":1000012,"lvl":7,"x":19,"y":12,"l1x":18,"l1y":12},{"data":1000009,"lvl":12,"x":32,"y":26,"l1x":31,"l1y":26},{"data":1000005,"lvl":10,"x":22,"y":9,"l1x":21,"l1y":9},{"data":1000012,"lvl":7,"x":29,"y":22,"l1x":28,"l1y":22},{"data":1000004,"lvl":10,"x":32,"y":9,"res_time":169521,"l1x":31,"l1y":9},{"data":1000008,"lvl":11,"x":26,"y":12,"l1x":25,"l1y":12},{"data":1000008,"lvl":11,"x":29,"y":26,"l1x":28,"l1y":26},{"data":1000005,"lvl":10,"x":32,"y":22,"l1x":31,"l1y":22},{"data":1000002,"lvl":10,"boost_t":52491,"x":32,"y":15,"res_time":177443,"l1x":31,"l1y":15},{"data":1000003,"lvl":10,"x":32,"y":32,"l1x":31,"l1y":32},{"data":1000021,"lvl":3,"x":18,"y":17,"attack_mode":false,"attack_mode_war":false,"attack_mode_draft":false,"attack_mode_draft_war":false,"ammo":1129,"l1x":17,"l1y":24},{"data":1000021,"lvl":3,"x":24,"y":18,"attack_mode":false,"attack_mode_war":false,"attack_mode_draft":false,"attack_mode_draft_war":false,"ammo":1253,"l1x":23,"l1y":18},{"data":1000027,"lvl":2,"x":17,"y":20,"attack_mode":true,"attack_mode_war":true,"attack_mode_draft":true,"attack_mode_draft_war":true,"ammo":481,"l1x":16,"l1y":20},{"data":1000027,"lvl":2,"x":24,"y":21,"attack_mode":false,"attack_mode_war":false,"attack_mode_draft":false,"attack_mode_draft_war":false,"ammo":570,"l1x":23,"l1y":21},{"data":1000010,"lvl":10,"x":11,"y":25,"l1x":7,"l1y":35},{"data":1000010,"lvl":10,"x":12,"y":25,"l1x":7,"l1y":34},{"data":1000010,"lvl":10,"x":13,"y":25,"l1x":7,"l1y":33},{"data":1000010,"lvl":10,"x":14,"y":25,"l1x":7,"l1y":32},{"data":1000010,"lvl":10,"x":15,"y":25,"l1x":7,"l1y":31},{"data":1000010,"lvl":10,"x":15,"y":24,"l1x":7,"l1y":30},{"data":1000010,"lvl":10,"x":15,"y":23,"l1x":7,"l1y":29},{"data":1000010,"lvl":10,"x":15,"y":22,"l1x":7,"l1y":28},{"data":1000010,"lvl":10,"x":15,"y":21,"l1x":7,"l1y":27},{"data":1000010,"lvl":10,"x":15,"y":20,"l1x":7,"l1y":26},{"data":1000010,"lvl":10,"x":15,"y":19,"l1x":7,"l1y":25},{"data":1000010,"lvl":10,"x":24,"y":15,"l1x":8,"l1y":25},{"data":1000010,"lvl":10,"x":23,"y":15,"l1x":9,"l1y":25},{"data":1000010,"lvl":10,"x":22,"y":15,"l1x":10,"l1y":25},{"data":1000010,"lvl":10,"x":21,"y":15,"l1x":11,"l1y":25},{"data":1000010,"lvl":10,"x":20,"y":15,"l1x":12,"l1y":25},{"data":1000010,"lvl":10,"x":19,"y":15,"l1x":13,"l1y":25},{"data":1000010,"lvl":10,"x":17,"y":15,"l1x":14,"l1y":25},{"data":1000010,"lvl":10,"x":16,"y":15,"l1x":14,"l1y":24},{"data":1000010,"lvl":10,"x":17,"y":12,"l1x":14,"l1y":23},{"data":1000010,"lvl":10,"x":16,"y":12,"l1x":14,"l1y":22},{"data":1000010,"lvl":10,"x":15,"y":12,"l1x":14,"l1y":21},{"data":1000010,"lvl":10,"x":15,"y":13,"l1x":14,"l1y":20},{"data":1000010,"lvl":10,"x":15,"y":14,"l1x":14,"l1y":19},{"data":1000010,"lvl":10,"x":15,"y":15,"l1x":16,"l1y":12},{"data":1000010,"lvl":10,"x":15,"y":16,"l1x":15,"l1y":12},{"data":1000010,"lvl":10,"x":15,"y":17,"l1x":14,"l1y":12},{"data":1000010,"lvl":10,"x":15,"y":18,"l1x":14,"l1y":13},{"data":1000010,"lvl":10,"x":14,"y":18,"l1x":14,"l1y":14},{"data":1000010,"lvl":10,"x":13,"y":18,"l1x":14,"l1y":15},{"data":1000010,"lvl":10,"x":12,"y":18,"l1x":14,"l1y":16},{"data":1000010,"lvl":10,"x":11,"y":18,"l1x":14,"l1y":17},{"data":1000010,"lvl":10,"x":10,"y":18,"l1x":14,"l1y":18},{"data":1000010,"lvl":10,"x":9,"y":18,"l1x":13,"l1y":18},{"data":1000010,"lvl":10,"x":8,"y":18,"l1x":12,"l1y":18},{"data":1000010,"lvl":10,"x":8,"y":17,"l1x":11,"l1y":18},{"data":1000010,"lvl":10,"x":8,"y":16,"l1x":10,"l1y":18},{"data":1000010,"lvl":10,"x":8,"y":15,"l1x":9,"l1y":18},{"data":1000010,"lvl":10,"x":8,"y":14,"l1x":8,"l1y":18},{"data":1000010,"lvl":10,"x":8,"y":13,"l1x":7,"l1y":18},{"data":1000010,"lvl":10,"x":8,"y":12,"l1x":7,"l1y":17},{"data":1000010,"lvl":10,"x":8,"y":11,"l1x":7,"l1y":16},{"data":1000010,"lvl":10,"x":8,"y":10,"l1x":7,"l1y":15},{"data":1000010,"lvl":10,"x":8,"y":9,"l1x":7,"l1y":14},{"data":1000010,"lvl":10,"x":8,"y":8,"l1x":7,"l1y":13},{"data":1000010,"lvl":10,"x":9,"y":8,"l1x":7,"l1y":12},{"data":1000010,"lvl":10,"x":10,"y":8,"l1x":7,"l1y":11},{"data":1000010,"lvl":10,"x":11,"y":8,"l1x":7,"l1y":10},{"data":1000010,"lvl":10,"x":12,"y":8,"l1x":7,"l1y":9},{"data":1000010,"lvl":10,"x":13,"y":8,"l1x":7,"l1y":8},{"data":1000010,"lvl":10,"x":14,"y":8,"l1x":8,"l1y":8},{"data":1000010,"lvl":10,"x":15,"y":8,"l1x":9,"l1y":8},{"data":1000010,"lvl":10,"x":16,"y":8,"l1x":10,"l1y":8},{"data":1000010,"lvl":10,"x":17,"y":8,"l1x":11,"l1y":8},{"data":1000010,"lvl":10,"x":18,"y":8,"l1x":12,"l1y":8},{"data":1000010,"lvl":10,"x":18,"y":9,"l1x":13,"l1y":8},{"data":1000010,"lvl":10,"x":18,"y":10,"l1x":14,"l1y":8},{"data":1000010,"lvl":10,"x":18,"y":11,"l1x":15,"l1y":8},{"data":1000010,"lvl":10,"x":18,"y":12,"l1x":16,"l1y":8},{"data":1000010,"lvl":10,"x":18,"y":13,"l1x":17,"l1y":8},{"data":1000010,"lvl":10,"x":18,"y":14,"l1x":17,"l1y":9},{"data":1000010,"lvl":10,"x":18,"y":15,"l1x":17,"l1y":10},{"data":1000010,"lvl":10,"x":28,"y":19,"l1x":17,"l1y":11},{"data":1000010,"lvl":10,"x":28,"y":20,"l1x":17,"l1y":12},{"data":1000010,"lvl":10,"x":28,"y":21,"l1x":17,"l1y":13},{"data":1000010,"lvl":10,"x":28,"y":22,"l1x":17,"l1y":14},{"data":1000010,"lvl":10,"x":28,"y":23,"l1x":17,"l1y":15},{"data":1000010,"lvl":10,"x":28,"y":24,"l1x":18,"l1y":15},{"data":1000010,"lvl":10,"x":30,"y":18,"l1x":19,"l1y":15},{"data":1000010,"lvl":10,"x":29,"y":18,"l1x":20,"l1y":15},{"data":1000010,"lvl":10,"x":28,"y":18,"l1x":21,"l1y":15},{"data":1000010,"lvl":10,"x":28,"y":17,"l1x":22,"l1y":15},{"data":1000010,"lvl":10,"x":28,"y":16,"l1x":23,"l1y":15},{"data":1000010,"lvl":10,"x":33,"y":18,"l1x":27,"l1y":16},{"data":1000010,"lvl":10,"x":32,"y":18,"l1x":27,"l1y":17},{"data":1000010,"lvl":10,"x":31,"y":18,"l1x":25,"l1y":15},{"data":1000010,"lvl":10,"x":31,"y":17,"l1x":24,"l1y":15},{"data":1000010,"lvl":10,"x":31,"y":16,"l1x":24,"l1y":14},{"data":1000010,"lvl":10,"x":31,"y":15,"l1x":24,"l1y":13},{"data":1000010,"lvl":10,"x":30,"y":15,"l1x":24,"l1y":12},{"data":1000010,"lvl":10,"x":29,"y":15,"l1x":24,"l1y":11},{"data":1000010,"lvl":10,"x":28,"y":15,"l1x":24,"l1y":10},{"data":1000010,"lvl":10,"x":27,"y":15,"l1x":24,"l1y":9},{"data":1000010,"lvl":10,"x":26,"y":15,"l1x":24,"l1y":8},{"data":1000010,"lvl":10,"x":25,"y":15,"l1x":25,"l1y":8},{"data":1000010,"lvl":10,"x":25,"y":14,"l1x":26,"l1y":8},{"data":1000010,"lvl":10,"x":25,"y":13,"l1x":27,"l1y":8},{"data":1000010,"lvl":10,"x":25,"y":12,"l1x":28,"l1y":8},{"data":1000010,"lvl":10,"x":25,"y":11,"l1x":29,"l1y":8},{"data":1000010,"lvl":10,"x":25,"y":10,"l1x":30,"l1y":8},{"data":1000010,"lvl":10,"x":25,"y":9,"l1x":31,"l1y":8},{"data":1000010,"lvl":10,"x":25,"y":8,"l1x":32,"l1y":8},{"data":1000010,"lvl":10,"x":26,"y":8,"l1x":33,"l1y":8},{"data":1000010,"lvl":10,"x":27,"y":8,"l1x":34,"l1y":8},{"data":1000010,"lvl":10,"x":28,"y":8,"l1x":34,"l1y":9},{"data":1000010,"lvl":10,"x":29,"y":8,"l1x":26,"l1y":15},{"data":1000010,"lvl":10,"x":30,"y":8,"l1x":27,"l1y":15},{"data":1000010,"lvl":10,"x":31,"y":8,"l1x":28,"l1y":15},{"data":1000010,"lvl":10,"x":32,"y":8,"l1x":29,"l1y":15},{"data":1000010,"lvl":10,"x":33,"y":8,"l1x":30,"l1y":15},{"data":1000010,"lvl":10,"x":34,"y":8,"l1x":30,"l1y":16},{"data":1000010,"lvl":10,"x":35,"y":8,"l1x":30,"l1y":17},{"data":1000010,"lvl":10,"x":35,"y":9,"l1x":34,"l1y":10},{"data":1000010,"lvl":10,"x":35,"y":10,"l1x":34,"l1y":11},{"data":1000010,"lvl":10,"x":35,"y":11,"l1x":34,"l1y":12},{"data":1000010,"lvl":10,"x":35,"y":12,"l1x":34,"l1y":13},{"data":1000010,"lvl":10,"x":35,"y":13,"l1x":34,"l1y":14},{"data":1000010,"lvl":10,"x":35,"y":14,"l1x":34,"l1y":15},{"data":1000010,"lvl":10,"x":35,"y":15,"l1x":34,"l1y":16},{"data":1000010,"lvl":10,"x":35,"y":16,"l1x":34,"l1y":17},{"data":1000010,"lvl":10,"x":35,"y":17,"l1x":27,"l1y":18},{"data":1000010,"lvl":10,"x":35,"y":18,"l1x":34,"l1y":18},{"data":1000010,"lvl":10,"x":34,"y":18,"l1x":33,"l1y":18},{"data":1000010,"lvl":10,"x":27,"y":28,"l1x":32,"l1y":18},{"data":1000010,"lvl":10,"x":26,"y":28,"l1x":31,"l1y":18},{"data":1000010,"lvl":10,"x":25,"y":28,"l1x":30,"l1y":18},{"data":1000010,"lvl":10,"x":25,"y":29,"l1x":29,"l1y":18},{"data":1000010,"lvl":10,"x":25,"y":30,"l1x":28,"l1y":18},{"data":1000010,"lvl":10,"x":34,"y":35,"l1x":33,"l1y":25},{"data":1000010,"lvl":10,"x":33,"y":35,"l1x":32,"l1y":25},{"data":1000010,"lvl":10,"x":32,"y":35,"l1x":31,"l1y":25},{"data":1000010,"lvl":10,"x":31,"y":35,"l1x":30,"l1y":25},{"data":1000010,"lvl":10,"x":30,"y":35,"l1x":29,"l1y":25},{"data":1000010,"lvl":10,"x":29,"y":35,"l1x":28,"l1y":25},{"data":1000010,"lvl":10,"x":28,"y":35,"l1x":27,"l1y":25},{"data":1000010,"lvl":10,"x":27,"y":35,"l1x":27,"l1y":26},{"data":1000010,"lvl":10,"x":26,"y":35,"l1x":27,"l1y":27},{"data":1000010,"lvl":10,"x":25,"y":35,"l1x":27,"l1y":28},{"data":1000010,"lvl":10,"x":25,"y":34,"l1x":27,"l1y":29},{"data":1000010,"lvl":10,"x":25,"y":33,"l1x":27,"l1y":30},{"data":1000010,"lvl":10,"x":25,"y":32,"l1x":27,"l1y":31},{"data":1000010,"lvl":10,"x":25,"y":31,"l1x":26,"l1y":31},{"data":1000010,"lvl":10,"x":26,"y":31,"l1x":25,"l1y":31},{"data":1000010,"lvl":10,"x":27,"y":31,"l1x":24,"l1y":31},{"data":1000010,"lvl":10,"x":28,"y":31,"l1x":24,"l1y":32},{"data":1000010,"lvl":10,"x":28,"y":30,"l1x":24,"l1y":33},{"data":1000010,"lvl":10,"x":28,"y":29,"l1x":24,"l1y":34},{"data":1000010,"lvl":10,"x":28,"y":28,"l1x":34,"l1y":25},{"data":1000010,"lvl":10,"x":28,"y":27,"l1x":34,"l1y":26},{"data":1000010,"lvl":10,"x":28,"y":26,"l1x":34,"l1y":27},{"data":1000019,"lvl":7,"x":13,"y":26,"l1x":15,"l1y":13},{"data":1000019,"lvl":7,"x":16,"y":13,"l1x":12,"l1y":26},{"data":1000019,"lvl":7,"x":29,"y":16,"l1x":25,"l1y":29},{"data":1000019,"lvl":7,"x":26,"y":29,"l1x":28,"l1y":16},{"data":1000023,"lvl":5,"x":9,"y":26,"res_time":55311,"l1x":8,"l1y":26},{"data":1000023,"lvl":5,"x":9,"y":12,"res_time":56953,"l1x":8,"l1y":12},{"data":1000006,"lvl":9,"boost_t":1021,"x":36,"y":15,"unit_prod":{"unit_type":0},"l1x":35,"l1y":15},{"data":1000010,"lvl":10,"x":28,"y":25,"l1x":34,"l1y":28},{"data":1000010,"lvl":10,"x":29,"y":25,"l1x":34,"l1y":29},{"data":1000010,"lvl":10,"x":30,"y":25,"l1x":34,"l1y":30},{"data":1000010,"lvl":10,"x":31,"y":25,"l1x":34,"l1y":31},{"data":1000010,"lvl":10,"x":32,"y":25,"l1x":34,"l1y":32},{"data":1000010,"lvl":10,"x":33,"y":25,"l1x":34,"l1y":33},{"data":1000010,"lvl":10,"x":34,"y":25,"l1x":34,"l1y":34},{"data":1000010,"lvl":10,"x":35,"y":25,"l1x":24,"l1y":35},{"data":1000010,"lvl":10,"x":35,"y":26,"l1x":25,"l1y":35},{"data":1000010,"lvl":10,"x":35,"y":27,"l1x":26,"l1y":35},{"data":1000010,"lvl":10,"x":35,"y":28,"l1x":27,"l1y":35},{"data":1000010,"lvl":10,"x":35,"y":29,"l1x":28,"l1y":35},{"data":1000010,"lvl":10,"x":35,"y":30,"l1x":29,"l1y":35},{"data":1000010,"lvl":10,"x":35,"y":31,"l1x":30,"l1y":35},{"data":1000010,"lvl":10,"x":35,"y":32,"l1x":31,"l1y":35},{"data":1000010,"lvl":10,"x":35,"y":33,"l1x":32,"l1y":35},{"data":1000010,"lvl":10,"x":35,"y":34,"l1x":33,"l1y":35},{"data":1000010,"lvl":10,"x":35,"y":35,"l1x":34,"l1y":35},{"data":1000004,"lvl":10,"x":29,"y":32,"res_time":159276,"l1x":28,"l1y":32},{"data":1000002,"lvl":10,"boost_t":52489,"x":32,"y":29,"res_time":179071,"l1x":31,"l1y":29},{"data":1000026,"lvl":5,"boost_t":1027,"x":26,"y":5,"unit_prod":{"unit_type":0},"l1x":26,"l1y":5}],"obstacles":[{"data":8000005,"x":6,"y":41,"l1x":-1,"l1y":-1,"loot_multiply_ver":2},{"data":8000006,"x":40,"y":6,"l1x":-1,"l1y":-1,"loot_multiply_ver":2},{"data":8000008,"x":42,"y":34,"l1x":-1,"l1y":-1,"loot_multiply_ver":2},{"data":8000008,"x":42,"y":28,"l1x":-1,"l1y":-1,"loot_multiply_ver":2},{"data":8000007,"x":42,"y":17,"l1x":-1,"l1y":-1,"loot_multiply_ver":2},{"data":8000004,"x":36,"y":1,"l1x":-1,"l1y":-1,"loot_multiply_ver":2},{"data":8000010,"x":2,"y":37,"l1x":-1,"l1y":-1,"loot_multiply_ver":2},{"data":8000004,"x":23,"y":42,"l1x":-1,"l1y":-1,"loot_multiply_ver":2}],"traps":[{"data":12000005,"lvl":3,"x":18,"y":3,"l1x":23,"l1y":36},{"data":12000005,"lvl":3,"x":25,"y":37,"l1x":5,"l1y":33},{"data":12000005,"lvl":3,"needs_repair":true,"x":6,"y":33,"l1x":4,"l1y":17},{"data":12000005,"lvl":3,"x":5,"y":17,"l1x":18,"l1y":5},{"data":12000005,"lvl":3,"x":36,"y":25,"l1x":35,"l1y":25},{"data":12000001,"lvl":0,"x":7,"y":18,"l1x":24,"l1y":36},{"data":12000001,"lvl":0,"x":18,"y":7,"l1x":17,"l1y":7},{"data":12000001,"lvl":0,"needs_repair":true,"x":25,"y":7,"l1x":24,"l1y":7},{"data":12000001,"lvl":0,"needs_repair":true,"x":36,"y":18,"l1x":35,"l1y":18},{"data":12000001,"lvl":0,"needs_repair":true,"x":36,"y":26,"l1x":35,"l1y":26},{"data":12000001,"lvl":0,"x":36,"y":35,"l1x":35,"l1y":35},{"data":12000000,"lvl":5,"x":7,"y":25,"l1x":17,"l1y":37},{"data":12000000,"lvl":5,"x":25,"y":36,"l1x":16,"l1y":37},{"data":12000000,"lvl":5,"x":17,"y":37,"l1x":6,"l1y":25},{"data":12000000,"lvl":5,"x":18,"y":36,"l1x":17,"l1y":36},{"data":12000000,"lvl":5,"needs_repair":true,"x":37,"y":13,"l1x":16,"l1y":36},{"data":12000000,"lvl":5,"needs_repair":true,"x":37,"y":14,"l1x":6,"l1y":24},{"data":12000006,"lvl":2,"x":9,"y":36,"l1x":8,"l1y":36},{"data":12000006,"lvl":2,"x":5,"y":7,"l1x":4,"l1y":7},{"data":12000006,"lvl":2,"x":34,"y":7,"l1x":33,"l1y":7},{"data":12000006,"lvl":2,"x":36,"y":19,"l1x":35,"l1y":19},{"data":12000006,"lvl":2,"x":34,"y":36,"l1x":34,"l1y":36},{"data":12000002,"lvl":3,"x":6,"y":36,"l1x":5,"l1y":36},{"data":12000002,"lvl":3,"x":8,"y":5,"l1x":7,"l1y":5},{"data":12000002,"lvl":3,"needs_repair":true,"x":37,"y":8,"l1x":36,"l1y":8},{"data":12000002,"lvl":3,"needs_repair":true,"x":36,"y":30,"l1x":35,"l1y":30},{"data":12000002,"lvl":3,"needs_repair":true,"x":34,"y":38,"l1x":33,"l1y":37}],"decos":[{"data":18000004,"x":2,"y":4,"l1x":38,"l1y":38},{"data":18000021,"x":24,"y":39,"l1x":40,"l1y":40},{"data":18000033,"x":35,"y":36,"l1x":35,"l1y":36},{"data":18000000,"x":39,"y":2,"l1x":40,"l1y":36},{"data":18000009,"x":2,"y":35,"l1x":-1,"l1y":-1},{"data":18000031,"x":40,"y":36,"l1x":-1,"l1y":-1},{"data":18000028,"x":36,"y":38,"l1x":-1,"l1y":-1},{"data":18000035,"x":2,"y":40,"l1x":-1,"l1y":-1},{"data":18000030,"x":39,"y":32,"l1x":-1,"l1y":-1},{"data":18000026,"x":2,"y":11,"l1x":-1,"l1y":-1},{"data":18000027,"x":39,"y":28,"l1x":-1,"l1y":-1},{"data":18000025,"x":39,"y":30,"l1x":-1,"l1y":-1},{"data":18000024,"x":40,"y":17,"l1x":-1,"l1y":-1},{"data":18000029,"x":38,"y":36,"l1x":-1,"l1y":-1},{"data":18000032,"x":36,"y":40,"l1x":-1,"l1y":-1},{"data":18000023,"x":39,"y":26,"l1x":-1,"l1y":-1},{"data":18000020,"x":2,"y":13,"l1x":-1,"l1y":-1},{"data":18000001,"x":2,"y":6,"l1x":-1,"l1y":-1},{"data":18000001,"x":2,"y":2,"l1x":-1,"l1y":-1},{"data":18000001,"x":39,"y":34,"l1x":-1,"l1y":-1},{"data":18000001,"x":9,"y":2,"l1x":-1,"l1y":-1},{"data":18000008,"x":40,"y":15,"l1x":-1,"l1y":-1},{"data":18000003,"x":2,"y":17,"l1x":-1,"l1y":-1},{"data":18000007,"x":40,"y":13,"l1x":-1,"l1y":-1},{"data":18000022,"x":2,"y":15,"l1x":-1,"l1y":-1},{"data":18000010,"x":34,"y":2,"l1x":-1,"l1y":-1},{"data":18000005,"x":5,"y":2,"l1x":-1,"l1y":-1},{"data":18000005,"x":13,"y":2,"l1x":-1,"l1y":-1},{"data":18000005,"x":21,"y":2,"l1x":-1,"l1y":-1},{"data":18000005,"x":26,"y":2,"l1x":-1,"l1y":-1},{"data":18000006,"x":30,"y":2,"l1x":-1,"l1y":-1},{"data":18000006,"x":39,"y":4,"l1x":-1,"l1y":-1},{"data":18000006,"x":40,"y":9,"l1x":-1,"l1y":-1},{"data":18000006,"x":40,"y":11,"l1x":-1,"l1y":-1},{"data":18000034,"x":40,"y":40,"l1x":-1,"l1y":-1}],"respawnVars":{"secondsFromLastRespawn":9731,"respawnSeed":-1061233463,"obstacleClearCounter":18,"time_to_gembox_drop":693478,"time_in_gembox_period":72000},"cooldowns":[{"cooldown":2497258,"target":20000000}],"newShopBuildings":[4,0,7,4,7,4,4,1,6,7,250,4,4,3,1,5,0,0,0,4,1,3,1,3,1,1,2,2],"newShopTraps":[6,6,5,0,0,5,5,0],"newShopDecos":[1,4,0,1,1,4,4,1,1,1,1,1,1,1,1,1,1,1,1,1,1,1,1,1,1,1,1,1,1,1,1,1,1,1,1,1,1],"last_league_rank":16,"last_league_shuffle":1,"last_news_seen":81,"edit_mode_shown":true,"troop_req_msg":"wiz def","war_req_msg":"wiz","war_tutorials_seen":0,"war_base":true}