{"buildings":[{"data":1000001,"lvl":9,"x":20,"y":20,"l1x":20,"l1y":20},{"data":1000004,"lvl":10,"x":36,"y":22,"res_time":0,"l1x":25,"l1y":35},{"data":1000000,"lvl":7,"x":4,"y":30,"units":[[4000008,3]],"storage_type":0,"l1x":6,"l1y":32},{"data":1000015,"lvl":0,"x":28,"y":3,"l1x":4,"l1y":17},{"data":1000014,"lvl":5,"x":16,"y":16,"unit_req_time":1144,"l1x":18,"l1y":24},{"data":1000008,"lvl":11,"x":21,"y":24,"l1x":10,"l1y":12},{"data":1000015,"lvl":0,"x":29,"y":12,"l1x":19,"l1y":3},{"data":1000002,"lvl":10,"boost_t":19287,"x":22,"y":36,"res_time":45754,"l1x":14,"l1y":6},{"data":1000003,"lvl":10,"x":14,"y":28,"l1x":25,"l1y":32},{"data":1000005,"lvl":10,"x":17,"y":32,"l1x":10,"l1y":28},{"data":1000006,"lvl":9,"boost_t":6672,"x":36,"y":12,"unit_prod":{"unit_type":0,"t":1613,"slots":[{"id":4000008,"cnt":1},{"id":4000005,"cnt":7}]},"l1x":11,"l1y":35},{"data":1000006,"lvl":9,"boost_t":6675,"x":12,"y":7,"unit_prod":{"unit_type":0,"t":1625,"slots":[{"id":4000008,"cnt":3}]},"l1x":36,"l1y":8},{"data":1000008,"lvl":11,"x":24,"y":21,"l1x":22,"l1y":32},{"data":1000009,"lvl":11,"x":32,"y":12,"l1x":28,"l1y":32},{"data":1000010,"lvl":10,"x":7,"y":2,"l1x":6,"l1y":24},{"data":1000002,"lvl":10,"boost_t":19291,"x":32,"y":35,"res_time":45765,"l1x":17,"l1y":6},{"data":1000004,"lvl":10,"x":28,"y":36,"res_time":0,"l1x":7,"l1y":28},{"data":1000010,"lvl":10,"x":2,"y":7,"l1x":6,"l1y":23},{"data":1000010,"lvl":10,"x":4,"y":4,"l1x":6,"l1y":22},{"data":1000010,"lvl":10,"x":7,"y":4,"l1x":6,"l1y":21},{"data":1000010,"lvl":10,"x":4,"y":7,"l1x":6,"l1y":20},{"data":1000010,"lvl":10,"x":20,"y":31,"l1x":6,"l1y":19},{"data":1000010,"lvl":10,"x":20,"y":32,"l1x":6,"l1y":18},{"data":1000010,"lvl":10,"x":20,"y":33,"l1x":6,"l1y":17},{"data":1000010,"lvl":10,"x":12,"y":35,"l1x":6,"l1y":16},{"data":1000010,"lvl":10,"x":13,"y":35,"l1x":6,"l1y":15},{"data":1000010,"lvl":10,"x":14,"y":35,"l1x":6,"l1y":14},{"data":1000010,"lvl":10,"x":15,"y":35,"l1x":6,"l1y":13},{"data":1000010,"lvl":10,"x":11,"y":34,"l1x":6,"l1y":12},{"data":1000010,"lvl":10,"x":11,"y":33,"l1x":6,"l1y":11},{"data":1000010,"lvl":10,"x":11,"y":32,"l1x":7,"l1y":11},{"data":1000010,"lvl":10,"x":11,"y":31,"l1x":12,"l1y":11},{"data":1000010,"lvl":10,"x":26,"y":35,"l1x":11,"l1y":11},{"data":1000010,"lvl":10,"x":39,"y":26,"l1x":10,"l1y":11},{"data":1000010,"lvl":10,"x":11,"y":29,"l1x":9,"l1y":11},{"data":1000010,"lvl":10,"x":11,"y":30,"l1x":8,"l1y":11},{"data":1000010,"lvl":10,"x":11,"y":35,"l1x":13,"l1y":11},{"data":1000010,"lvl":10,"x":12,"y":31,"l1x":13,"l1y":10},{"data":1000010,"lvl":10,"x":13,"y":31,"l1x":13,"l1y":9},{"data":1000010,"lvl":10,"x":14,"y":31,"l1x":13,"l1y":8},{"data":1000015,"lvl":0,"x":36,"y":8,"l1x":38,"l1y":13},{"data":1000002,"lvl":10,"boost_t":19292,"x":35,"y":32,"res_time":45769,"l1x":24,"l1y":6},{"data":1000003,"lvl":10,"x":28,"y":15,"l1x":19,"l1y":32},{"data":1000005,"lvl":10,"x":25,"y":28,"l1x":14,"l1y":9},{"data":1000010,"lvl":10,"x":15,"y":31,"l1x":13,"l1y":7},{"data":1000010,"lvl":10,"x":16,"y":31,"l1x":13,"l1y":6},{"data":1000010,"lvl":10,"x":17,"y":31,"l1x":13,"l1y":5},{"data":1000010,"lvl":10,"x":18,"y":31,"l1x":14,"l1y":5},{"data":1000010,"lvl":10,"x":19,"y":31,"l1x":15,"l1y":5},{"data":1000010,"lvl":10,"x":20,"y":34,"l1x":16,"l1y":5},{"data":1000010,"lvl":10,"x":36,"y":27,"l1x":17,"l1y":5},{"data":1000010,"lvl":10,"x":19,"y":24,"l1x":18,"l1y":5},{"data":1000010,"lvl":10,"x":24,"y":26,"l1x":19,"l1y":5},{"data":1000010,"lvl":10,"x":18,"y":24,"l1x":20,"l1y":5},{"data":1000010,"lvl":10,"x":39,"y":11,"l1x":21,"l1y":5},{"data":1000010,"lvl":10,"x":39,"y":12,"l1x":22,"l1y":5},{"data":1000010,"lvl":10,"x":39,"y":13,"l1x":23,"l1y":5},{"data":1000010,"lvl":10,"x":39,"y":15,"l1x":24,"l1y":5},{"data":1000010,"lvl":10,"x":39,"y":16,"l1x":25,"l1y":5},{"data":1000010,"lvl":10,"x":39,"y":14,"l1x":26,"l1y":5},{"data":1000010,"lvl":10,"x":39,"y":20,"l1x":27,"l1y":5},{"data":1000010,"lvl":10,"x":39,"y":22,"l1x":28,"l1y":5},{"data":1000010,"lvl":10,"x":39,"y":24,"l1x":29,"l1y":5},{"data":1000010,"lvl":10,"x":16,"y":35,"l1x":30,"l1y":5},{"data":1000010,"lvl":10,"x":17,"y":35,"l1x":30,"l1y":6},{"data":1000010,"lvl":10,"x":18,"y":35,"l1x":30,"l1y":7},{"data":1000010,"lvl":10,"x":19,"y":35,"l1x":30,"l1y":8},{"data":1000010,"lvl":10,"x":20,"y":35,"l1x":30,"l1y":9},{"data":1000010,"lvl":10,"x":22,"y":39,"l1x":37,"l1y":11},{"data":1000010,"lvl":10,"x":38,"y":27,"l1x":36,"l1y":11},{"data":1000002,"lvl":10,"boost_t":19284,"x":21,"y":32,"res_time":45751,"l1x":27,"l1y":6},{"data":1000015,"lvl":0,"x":11,"y":16,"l1x":11,"l1y":23},{"data":1000012,"lvl":7,"x":22,"y":28,"l1x":10,"l1y":15},{"data":1000010,"lvl":10,"x":35,"y":24,"l1x":35,"l1y":11},{"data":1000010,"lvl":10,"x":35,"y":22,"l1x":34,"l1y":11},{"data":1000010,"lvl":10,"x":22,"y":35,"l1x":33,"l1y":11},{"data":1000010,"lvl":10,"x":17,"y":39,"l1x":31,"l1y":11},{"data":1000010,"lvl":10,"x":19,"y":39,"l1x":30,"l1y":11},{"data":1000010,"lvl":10,"x":21,"y":39,"l1x":37,"l1y":12},{"data":1000010,"lvl":10,"x":18,"y":39,"l1x":30,"l1y":10},{"data":1000010,"lvl":10,"x":23,"y":39,"l1x":32,"l1y":11},{"data":1000010,"lvl":10,"x":35,"y":21,"l1x":37,"l1y":13},{"data":1000010,"lvl":10,"x":35,"y":23,"l1x":37,"l1y":14},{"data":1000010,"lvl":10,"x":35,"y":25,"l1x":37,"l1y":15},{"data":1000010,"lvl":10,"x":35,"y":27,"l1x":37,"l1y":16},{"data":1000010,"lvl":10,"x":20,"y":39,"l1x":37,"l1y":17},{"data":1000010,"lvl":10,"x":21,"y":35,"l1x":37,"l1y":18},{"data":1000010,"lvl":10,"x":23,"y":35,"l1x":37,"l1y":19},{"data":1000010,"lvl":10,"x":11,"y":39,"l1x":37,"l1y":20},{"data":1000010,"lvl":10,"x":12,"y":39,"l1x":37,"l1y":21},{"data":1000010,"lvl":10,"x":13,"y":39,"l1x":37,"l1y":22},{"data":1000010,"lvl":10,"x":16,"y":39,"l1x":37,"l1y":23},{"data":1000010,"lvl":10,"x":11,"y":37,"l1x":37,"l1y":24},{"data":1000010,"lvl":10,"x":11,"y":36,"l1x":37,"l1y":25},{"data":1000010,"lvl":10,"x":25,"y":35,"l1x":37,"l1y":26},{"data":1000010,"lvl":10,"x":24,"y":35,"l1x":37,"l1y":27},{"data":1000010,"lvl":10,"x":11,"y":38,"l1x":37,"l1y":28},{"data":1000010,"lvl":10,"x":14,"y":39,"l1x":37,"l1y":29},{"data":1000000,"lvl":7,"x":29,"y":5,"units":[[4000001,3],[4000008,1],[4000005,7],[4000010,1]],"storage_type":0,"l1x":32,"l1y":32},{"data":1000006,"lvl":9,"boost_t":6670,"x":8,"y":36,"unit_prod":{"unit_type":0,"t":1632,"slots":[{"id":4000008,"cnt":3}]},"l1x":19,"l1y":35},{"data":1000009,"lvl":12,"x":12,"y":32,"l1x":15,"l1y":32},{"data":1000013,"lvl":7,"x":14,"y":25,"l1x":14,"l1y":28},{"data":1000015,"lvl":0,"x":16,"y":11,"l1x":20,"l1y":7},{"data":1000002,"lvl":10,"boost_t":19295,"x":32,"y":21,"res_time":45775,"l1x":34,"l1y":17},{"data":1000011,"lvl":7,"x":24,"y":32,"l1x":14,"l1y":24},{"data":1000010,"lvl":10,"x":15,"y":39,"l1x":37,"l1y":30},{"data":1000010,"lvl":10,"x":27,"y":35,"l1x":37,"l1y":31},{"data":1000007,"lvl":7,"x":6,"y":6,"l1x":38,"l1y":20},{"data":1000008,"lvl":11,"x":14,"y":19,"l1x":7,"l1y":22},{"data":1000000,"lvl":7,"x":2,"y":10,"units":[[4000008,3]],"storage_type":0,"l1x":8,"l1y":6},{"data":1000013,"lvl":7,"x":25,"y":14,"l1x":14,"l1y":13},{"data":1000002,"lvl":10,"boost_t":19299,"x":24,"y":4,"res_time":45781,"l1x":34,"l1y":22},{"data":1000020,"lvl":4,"x":35,"y":35,"units":[[26000005,2],[26000002,2],[26000000,1]],"storage_type":1,"unit_prod":{"unit_type":1},"l1x":11,"l1y":32},{"data":1000010,"lvl":10,"x":32,"y":20,"l1x":36,"l1y":31},{"data":1000010,"lvl":10,"x":33,"y":20,"l1x":35,"l1y":31},{"data":1000010,"lvl":10,"x":34,"y":20,"l1x":34,"l1y":31},{"data":1000010,"lvl":10,"x":39,"y":27,"l1x":33,"l1y":31},{"data":1000010,"lvl":10,"x":39,"y":25,"l1x":32,"l1y":31},{"data":1000010,"lvl":10,"x":39,"y":23,"l1x":31,"l1y":31},{"data":1000010,"lvl":10,"x":39,"y":21,"l1x":23,"l1y":29},{"data":1000010,"lvl":10,"x":39,"y":19,"l1x":23,"l1y":30},{"data":1000010,"lvl":10,"x":39,"y":18,"l1x":23,"l1y":28},{"data":1000010,"lvl":10,"x":39,"y":17,"l1x":16,"l1y":23},{"data":1000010,"lvl":10,"x":37,"y":27,"l1x":15,"l1y":23},{"data":1000010,"lvl":10,"x":31,"y":20,"l1x":14,"l1y":23},{"data":1000010,"lvl":10,"x":31,"y":19,"l1x":21,"l1y":15},{"data":1000010,"lvl":10,"x":31,"y":18,"l1x":21,"l1y":14},{"data":1000010,"lvl":10,"x":31,"y":17,"l1x":21,"l1y":13},{"data":1000010,"lvl":10,"x":31,"y":16,"l1x":29,"l1y":20},{"data":1000010,"lvl":10,"x":31,"y":15,"l1x":28,"l1y":20},{"data":1000010,"lvl":10,"x":35,"y":20,"l1x":27,"l1y":20},{"data":1000010,"lvl":10,"x":35,"y":19,"l1x":13,"l1y":30},{"data":1000010,"lvl":10,"x":35,"y":18,"l1x":30,"l1y":31},{"data":1000010,"lvl":10,"x":35,"y":17,"l1x":29,"l1y":31},{"data":1000010,"lvl":10,"x":35,"y":16,"l1x":28,"l1y":31},{"data":1000010,"lvl":10,"x":35,"y":15,"l1x":27,"l1y":31},{"data":1000010,"lvl":10,"x":35,"y":14,"l1x":26,"l1y":31},{"data":1000010,"lvl":10,"x":35,"y":13,"l1x":25,"l1y":31},{"data":1000011,"lvl":7,"x":32,"y":24,"l1x":14,"l1y":17},{"data":1000010,"lvl":10,"x":35,"y":12,"l1x":24,"l1y":31},{"data":1000010,"lvl":10,"x":31,"y":12,"l1x":31,"l1y":32},{"data":1000010,"lvl":10,"x":34,"y":11,"l1x":23,"l1y":31},{"data":1000010,"lvl":10,"x":35,"y":11,"l1x":31,"l1y":33},{"data":1000010,"lvl":10,"x":31,"y":13,"l1x":22,"l1y":31},{"data":1000010,"lvl":10,"x":31,"y":14,"l1x":31,"l1y":34},{"data":1000010,"lvl":10,"x":27,"y":9,"l1x":21,"l1y":31},{"data":1000010,"lvl":10,"x":27,"y":8,"l1x":20,"l1y":31},{"data":1000010,"lvl":10,"x":27,"y":7,"l1x":19,"l1y":31},{"data":1000010,"lvl":10,"x":27,"y":6,"l1x":31,"l1y":35},{"data":1000010,"lvl":10,"x":27,"y":5,"l1x":18,"l1y":31},{"data":1000010,"lvl":10,"x":8,"y":27,"l1x":31,"l1y":36},{"data":1000010,"lvl":10,"x":7,"y":27,"l1x":17,"l1y":31},{"data":1000010,"lvl":10,"x":6,"y":27,"l1x":16,"l1y":31},{"data":1000010,"lvl":10,"x":5,"y":27,"l1x":15,"l1y":31},{"data":1000010,"lvl":10,"x":4,"y":27,"l1x":14,"l1y":31},{"data":1000010,"lvl":10,"x":27,"y":4,"l1x":13,"l1y":31},{"data":1000010,"lvl":10,"x":3,"y":27,"l1x":13,"l1y":29},{"data":1000010,"lvl":10,"x":9,"y":27,"l1x":13,"l1y":28},{"data":1000010,"lvl":10,"x":3,"y":26,"l1x":13,"l1y":27},{"data":1000010,"lvl":10,"x":3,"y":25,"l1x":13,"l1y":26},{"data":1000010,"lvl":10,"x":3,"y":24,"l1x":13,"l1y":25},{"data":1000010,"lvl":10,"x":3,"y":23,"l1x":13,"l1y":24},{"data":1000026,"lvl":5,"x":12,"y":36,"unit_prod":{"unit_type":0},"l1x":5,"l1y":8},{"data":1000024,"lvl":5,"x":28,"y":28,"l1x":20,"l1y":9},{"data":1000023,"lvl":5,"x":17,"y":36,"res_time":0,"l1x":22,"l1y":35},{"data":1000010,"lvl":10,"x":3,"y":22,"l1x":13,"l1y":23},{"data":1000010,"lvl":10,"x":3,"y":21,"l1x":13,"l1y":22},{"data":1000022,"lvl":0,"boost_t":6666,"x":22,"y":14,"l1x":18,"l1y":17},{"data":1000019,"lvl":7,"x":36,"y":25,"l1x":18,"l1y":20},{"data":1000023,"lvl":5,"x":20,"y":4,"res_time":0,"l1x":34,"l1y":12},{"data":1000025,"lvl":0,"boost_t":6668,"x":14,"y":22,"l1x":23,"l1y":24},{"data":1000000,"lvl":7,"x":10,"y":2,"units":[[4000008,3]],"storage_type":0,"l1x":31,"l1y":6},{"data":1000010,"lvl":10,"x":3,"y":20,"l1x":13,"l1y":21},{"data":1000010,"lvl":10,"x":3,"y":19,"l1x":13,"l1y":20},{"data":1000010,"lvl":10,"x":3,"y":18,"l1x":13,"l1y":19},{"data":1000010,"lvl":10,"x":3,"y":17,"l1x":13,"l1y":18},{"data":1000010,"lvl":10,"x":3,"y":16,"l1x":31,"l1y":37},{"data":1000010,"lvl":10,"x":3,"y":15,"l1x":13,"l1y":17},{"data":1000010,"lvl":10,"x":4,"y":15,"l1x":13,"l1y":16},{"data":1000010,"lvl":10,"x":32,"y":11,"l1x":13,"l1y":15},{"data":1000010,"lvl":10,"x":27,"y":36,"l1x":13,"l1y":14},{"data":1000010,"lvl":10,"x":33,"y":11,"l1x":13,"l1y":13},{"data":1000010,"lvl":10,"x":31,"y":11,"l1x":13,"l1y":12},{"data":1000010,"lvl":10,"x":30,"y":11,"l1x":14,"l1y":12},{"data":1000010,"lvl":10,"x":29,"y":11,"l1x":15,"l1y":12},{"data":1000010,"lvl":10,"x":27,"y":37,"l1x":16,"l1y":12},{"data":1000010,"lvl":10,"x":27,"y":3,"l1x":31,"l1y":38},{"data":1000010,"lvl":10,"x":26,"y":3,"l1x":30,"l1y":38},{"data":1000010,"lvl":10,"x":25,"y":3,"l1x":29,"l1y":38},{"data":1000010,"lvl":10,"x":24,"y":3,"l1x":17,"l1y":12},{"data":1000010,"lvl":10,"x":23,"y":3,"l1x":18,"l1y":12},{"data":1000010,"lvl":10,"x":22,"y":3,"l1x":19,"l1y":12},{"data":1000010,"lvl":10,"x":21,"y":3,"l1x":20,"l1y":12},{"data":1000010,"lvl":10,"x":20,"y":3,"l1x":21,"l1y":12},{"data":1000010,"lvl":10,"x":19,"y":3,"l1x":22,"l1y":12},{"data":1000010,"lvl":10,"x":18,"y":3,"l1x":23,"l1y":12},{"data":1000010,"lvl":10,"x":17,"y":3,"l1x":28,"l1y":38},{"data":1000010,"lvl":10,"x":16,"y":3,"l1x":27,"l1y":38},{"data":1000010,"lvl":10,"x":15,"y":3,"l1x":26,"l1y":38},{"data":1000010,"lvl":10,"x":15,"y":4,"l1x":25,"l1y":38},{"data":1000010,"lvl":10,"x":5,"y":15,"l1x":24,"l1y":38},{"data":1000010,"lvl":10,"x":6,"y":15,"l1x":23,"l1y":38},{"data":1000010,"lvl":10,"x":7,"y":15,"l1x":30,"l1y":13},{"data":1000010,"lvl":10,"x":8,"y":15,"l1x":22,"l1y":38},{"data":1000010,"lvl":10,"x":9,"y":15,"l1x":21,"l1y":38},{"data":1000010,"lvl":10,"x":35,"y":26,"l1x":24,"l1y":12},{"data":1000010,"lvl":10,"x":24,"y":39,"l1x":25,"l1y":12},{"data":1000019,"lvl":7,"x":20,"y":18,"l1x":18,"l1y":22},{"data":1000005,"lvl":10,"x":28,"y":25,"l1x":23,"l1y":9},{"data":1000005,"lvl":10,"x":32,"y":17,"l1x":31,"l1y":25},{"data":1000026,"lvl":5,"x":36,"y":17,"unit_prod":{"unit_type":0},"l1x":31,"l1y":3},{"data":1000006,"lvl":9,"boost_t":6677,"x":7,"y":12,"unit_prod":{"unit_type":0,"t":1638,"slots":[{"id":4000008,"cnt":3}]},"l1x":15,"l1y":35},{"data":1000021,"lvl":3,"x":25,"y":17,"attack_mode":false,"attack_mode_war":false,"attack_mode_draft":false,"attack_mode_draft_war":false,"ammo":1500,"l1x":14,"l1y":20},{"data":1000021,"lvl":3,"x":17,"y":25,"attack_mode":false,"attack_mode_war":false,"attack_mode_draft":false,"attack_mode_draft_war":false,"ammo":1500,"l1x":27,"l1y":21},{"data":1000002,"lvl":10,"boost_t":19280,"x":4,"y":24,"res_time":45743,"l1x":34,"l1y":27},{"data":1000023,"lvl":5,"x":4,"y":20,"res_time":0,"l1x":31,"l1y":28},{"data":1000003,"lvl":10,"x":20,"y":7,"l1x":10,"l1y":18},{"data":1000003,"lvl":10,"x":7,"y":20,"l1x":31,"l1y":15},{"data":1000004,"lvl":10,"x":36,"y":28,"res_time":0,"l1x":7,"l1y":25},{"data":1000004,"lvl":10,"x":29,"y":32,"res_time":0,"l1x":7,"l1y":19},{"data":1000004,"lvl":10,"x":32,"y":29,"res_time":0,"l1x":7,"l1y":16},{"data":1000004,"lvl":10,"x":4,"y":17,"res_time":0,"l1x":7,"l1y":12},{"data":1000004,"lvl":10,"x":17,"y":4,"res_time":0,"l1x":28,"l1y":35},{"data":1000010,"lvl":10,"x":26,"y":39,"l1x":20,"l1y":38},{"data":1000010,"lvl":10,"x":11,"y":28,"l1x":26,"l1y":12},{"data":1000010,"lvl":10,"x":25,"y":39,"l1x":27,"l1y":12},{"data":1000009,"lvl":12,"x":32,"y":32,"l1x":10,"l1y":25},{"data":1000008,"lvl":11,"x":19,"y":14,"l1x":31,"l1y":18},{"data":1000008,"lvl":11,"x":13,"y":16,"l1x":18,"l1y":13},{"data":1000008,"lvl":11,"x":16,"y":13,"l1x":27,"l1y":28},{"data":1000027,"lvl":2,"x":19,"y":28,"attack_mode":true,"attack_mode_war":false,"attack_mode_draft":true,"attack_mode_draft_war":false,"ammo":750,"l1x":21,"l1y":25},{"data":1000027,"lvl":2,"x":28,"y":20,"attack_mode":true,"attack_mode_war":true,"attack_mode_draft":true,"attack_mode_draft_war":true,"ammo":750,"l1x":21,"l1y":17},{"data":1000021,"lvl":3,"x":25,"y":25,"attack_mode":false,"attack_mode_war":false,"attack_mode_draft":false,"attack_mode_draft_war":false,"ammo":1500,"l1x":23,"l1y":17},{"data":1000011,"lvl":7,"x":11,"y":25,"l1x":27,"l1y":17},{"data":1000011,"lvl":7,"x":25,"y":11,"l1x":27,"l1y":24},{"data":1000009,"lvl":12,"x":24,"y":7,"l1x":17,"l1y":9},{"data":1000009,"lvl":12,"x":7,"y":24,"l1x":26,"l1y":9},{"data":1000009,"lvl":12,"x":7,"y":16,"l1x":31,"l1y":12},{"data":1000009,"lvl":12,"x":16,"y":7,"l1x":24,"l1y":28},{"data":1000012,"lvl":7,"x":28,"y":22,"l1x":31,"l1y":22},{"data":1000012,"lvl":7,"x":11,"y":21,"l1x":18,"l1y":28},{"data":1000012,"lvl":7,"x":21,"y":11,"l1x":23,"l1y":13},{"data":1000013,"lvl":7,"x":13,"y":13,"l1x":27,"l1y":13},{"data":1000010,"lvl":10,"x":27,"y":39,"l1x":19,"l1y":38},{"data":1000010,"lvl":10,"x":27,"y":38,"l1x":18,"l1y":38},{"data":1000010,"lvl":10,"x":28,"y":11,"l1x":28,"l1y":12},{"data":1000010,"lvl":10,"x":28,"y":10,"l1x":17,"l1y":38},{"data":1000010,"lvl":10,"x":27,"y":10,"l1x":16,"l1y":38},{"data":1000010,"lvl":10,"x":15,"y":7,"l1x":15,"l1y":38},{"data":1000010,"lvl":10,"x":15,"y":8,"l1x":29,"l1y":12},{"data":1000010,"lvl":10,"x":15,"y":9,"l1x":14,"l1y":38},{"data":1000010,"lvl":10,"x":15,"y":5,"l1x":30,"l1y":12},{"data":1000010,"lvl":10,"x":15,"y":6,"l1x":30,"l1y":14},{"data":1000010,"lvl":10,"x":10,"y":28,"l1x":14,"l1y":37},{"data":1000010,"lvl":10,"x":10,"y":27,"l1x":14,"l1y":36},{"data":1000010,"lvl":10,"x":10,"y":26,"l1x":14,"l1y":35},{"data":1000010,"lvl":10,"x":10,"y":25,"l1x":14,"l1y":34},{"data":1000010,"lvl":10,"x":10,"y":24,"l1x":14,"l1y":33},{"data":1000010,"lvl":10,"x":10,"y":23,"l1x":30,"l1y":15},{"data":1000010,"lvl":10,"x":10,"y":22,"l1x":14,"l1y":32},{"data":1000010,"lvl":10,"x":10,"y":21,"l1x":30,"l1y":16},{"data":1000010,"lvl":10,"x":10,"y":20,"l1x":30,"l1y":17},{"data":1000010,"lvl":10,"x":10,"y":19,"l1x":12,"l1y":31},{"data":1000010,"lvl":10,"x":10,"y":18,"l1x":30,"l1y":18},{"data":1000010,"lvl":10,"x":10,"y":17,"l1x":30,"l1y":19},{"data":1000010,"lvl":10,"x":10,"y":16,"l1x":30,"l1y":20},{"data":1000010,"lvl":10,"x":10,"y":15,"l1x":11,"l1y":31},{"data":1000010,"lvl":10,"x":10,"y":14,"l1x":10,"l1y":31},{"data":1000010,"lvl":10,"x":11,"y":14,"l1x":9,"l1y":31},{"data":1000010,"lvl":10,"x":26,"y":10,"l1x":8,"l1y":31},{"data":1000010,"lvl":10,"x":25,"y":10,"l1x":7,"l1y":31},{"data":1000010,"lvl":10,"x":24,"y":10,"l1x":30,"l1y":21},{"data":1000010,"lvl":10,"x":23,"y":10,"l1x":30,"l1y":22},{"data":1000010,"lvl":10,"x":22,"y":10,"l1x":30,"l1y":23},{"data":1000010,"lvl":10,"x":21,"y":10,"l1x":6,"l1y":31},{"data":1000010,"lvl":10,"x":20,"y":10,"l1x":6,"l1y":30},{"data":1000010,"lvl":10,"x":19,"y":10,"l1x":30,"l1y":24},{"data":1000010,"lvl":10,"x":18,"y":10,"l1x":6,"l1y":29},{"data":1000010,"lvl":10,"x":17,"y":10,"l1x":6,"l1y":28},{"data":1000010,"lvl":10,"x":16,"y":10,"l1x":30,"l1y":25},{"data":1000010,"lvl":10,"x":15,"y":10,"l1x":30,"l1y":26},{"data":1000010,"lvl":10,"x":14,"y":10,"l1x":30,"l1y":27},{"data":1000010,"lvl":10,"x":12,"y":14,"l1x":6,"l1y":27},{"data":1000010,"lvl":10,"x":12,"y":13,"l1x":6,"l1y":26},{"data":1000010,"lvl":10,"x":14,"y":11,"l1x":30,"l1y":28},{"data":1000010,"lvl":10,"x":14,"y":12,"l1x":30,"l1y":29},{"data":1000010,"lvl":10,"x":13,"y":12,"l1x":30,"l1y":30},{"data":1000010,"lvl":10,"x":19,"y":18,"l1x":25,"l1y":27},{"data":1000010,"lvl":10,"x":17,"y":19,"l1x":24,"l1y":27},{"data":1000010,"lvl":10,"x":19,"y":19,"l1x":23,"l1y":27},{"data":1000010,"lvl":10,"x":18,"y":19,"l1x":22,"l1y":27},{"data":1000010,"lvl":10,"x":12,"y":12,"l1x":6,"l1y":25},{"data":1000010,"lvl":10,"x":19,"y":17,"l1x":21,"l1y":27},{"data":1000010,"lvl":10,"x":20,"y":17,"l1x":20,"l1y":27},{"data":1000010,"lvl":10,"x":21,"y":17,"l1x":19,"l1y":27},{"data":1000010,"lvl":10,"x":22,"y":17,"l1x":18,"l1y":27},{"data":1000010,"lvl":10,"x":17,"y":20,"l1x":17,"l1y":27},{"data":1000010,"lvl":10,"x":17,"y":21,"l1x":17,"l1y":26},{"data":1000010,"lvl":10,"x":17,"y":22,"l1x":17,"l1y":25},{"data":1000010,"lvl":10,"x":17,"y":23,"l1x":17,"l1y":24},{"data":1000010,"lvl":10,"x":17,"y":24,"l1x":17,"l1y":23},{"data":1000010,"lvl":10,"x":38,"y":11,"l1x":17,"l1y":22},{"data":1000010,"lvl":10,"x":23,"y":17,"l1x":17,"l1y":21},{"data":1000010,"lvl":10,"x":24,"y":17,"l1x":17,"l1y":20},{"data":1000019,"lvl":7,"x":22,"y":18,"l1x":24,"l1y":20},{"data":1000019,"lvl":7,"x":18,"y":20,"l1x":24,"l1y":22},{"data":1000010,"lvl":10,"x":24,"y":18,"l1x":17,"l1y":19},{"data":1000010,"lvl":10,"x":24,"y":19,"l1x":17,"l1y":18},{"data":1000010,"lvl":10,"x":20,"y":24,"l1x":17,"l1y":17},{"data":1000010,"lvl":10,"x":37,"y":11,"l1x":17,"l1y":16},{"data":1000010,"lvl":10,"x":20,"y":26,"l1x":18,"l1y":16},{"data":1000010,"lvl":10,"x":36,"y":11,"l1x":19,"l1y":16},{"data":1000010,"lvl":10,"x":20,"y":27,"l1x":20,"l1y":16},{"data":1000010,"lvl":10,"x":21,"y":27,"l1x":21,"l1y":16},{"data":1000010,"lvl":10,"x":22,"y":27,"l1x":22,"l1y":16},{"data":1000010,"lvl":10,"x":23,"y":27,"l1x":23,"l1y":16},{"data":1000010,"lvl":10,"x":24,"y":27,"l1x":24,"l1y":16},{"data":1000010,"lvl":10,"x":20,"y":25,"l1x":25,"l1y":16},{"data":1000010,"lvl":10,"x":24,"y":25,"l1x":26,"l1y":16},{"data":1000010,"lvl":10,"x":24,"y":20,"l1x":26,"l1y":18},{"data":1000010,"lvl":10,"x":25,"y":20,"l1x":26,"l1y":17},{"data":1000010,"lvl":10,"x":26,"y":20,"l1x":26,"l1y":19},{"data":1000010,"lvl":10,"x":27,"y":20,"l1x":26,"l1y":20},{"data":1000010,"lvl":10,"x":27,"y":21,"l1x":26,"l1y":21},{"data":1000010,"lvl":10,"x":27,"y":22,"l1x":26,"l1y":22},{"data":1000010,"lvl":10,"x":27,"y":23,"l1x":26,"l1y":23},{"data":1000010,"lvl":10,"x":27,"y":24,"l1x":26,"l1y":24},{"data":1000010,"lvl":10,"x":26,"y":24,"l1x":26,"l1y":25},{"data":1000010,"lvl":10,"x":25,"y":24,"l1x":26,"l1y":26},{"data":1000010,"lvl":10,"x":24,"y":24,"l1x":26,"l1y":27}],"obstacles":[{"data":8000000,"x":9,"y":42,"l1x":-1,"l1y":-1,"loot_multiply_ver":2},{"data":8000010,"x":30,"y":42,"l1x":-1,"l1y":-1,"loot_multiply_ver":2},{"data":8000006,"x":42,"y":3,"l1x":-1,"l1y":-1,"loot_multiply_ver":2},{"data":8000004,"x":2,"y":42,"l1x":-1,"l1y":-1,"loot_multiply_ver":2},{"data":8000006,"x":42,"y":12,"l1x":-1,"l1y":-1,"loot_multiply_ver":2},{"data":8000007,"x":42,"y":16,"l1x":-1,"l1y":-1,"loot_multiply_ver":2},{"data":8000000,"x":40,"y":0,"l1x":-1,"l1y":-1,"loot_multiply_ver":2},{"data":8000000,"x":0,"y":15,"l1x":-1,"l1y":-1,"loot_multiply_ver":2},{"data":8000008,"x":42,"y":27,"l1x":-1,"l1y":-1,"loot_multiply_ver":2},{"data":8000000,"x":0,"y":28,"l1x":-1,"l1y":-1,"loot_multiply_ver":2},{"data":8000010,"x":42,"y":19,"l1x":-1,"l1y":-1,"loot_multiply_ver":2},{"data":8000007,"x":0,"y":24,"l1x":-1,"l1y":-1,"loot_multiply_ver":2},{"data":8000008,"x":42,"y":30,"l1x":-1,"l1y":-1,"loot_multiply_ver":2},{"data":8000004,"x":33,"y":0,"l1x":-1,"l1y":-1,"loot_multiply_ver":2},{"data":8000000,"x":24,"y":42,"l1x":-1,"l1y":-1,"loot_multiply_ver":2},{"data":8000004,"x":20,"y":42,"l1x":-1,"l1y":-1,"loot_multiply_ver":2},{"data":8000007,"x":39,"y":42,"l1x":-1,"l1y":-1,"loot_multiply_ver":2},{"data":8000007,"x":20,"y":0,"l1x":-1,"l1y":-1,"loot_multiply_ver":2},{"data":8000007,"x":35,"y":42,"l1x":-1,"l1y":-1,"loot_multiply_ver":2},{"data":8000000,"x":42,"y":42,"l1x":-1,"l1y":-1,"loot_multiply_ver":2},{"data":8000006,"x":42,"y":33,"l1x":-1,"l1y":-1,"loot_multiply_ver":2},{"data":8000007,"x":0,"y":9,"l1x":-1,"l1y":-1,"loot_multiply_ver":2},{"data":8000006,"x":28,"y":1,"l1x":-1,"l1y":-1,"loot_multiply_ver":2},{"data":8000010,"x":42,"y":37,"l1x":-1,"l1y":-1,"loot_multiply_ver":2},{"data":8000006,"x":3,"y":0,"l1x":-1,"l1y":-1,"loot_multiply_ver":2},{"data":8000006,"x":0,"y":38,"l1x":-1,"l1y":-1,"loot_multiply_ver":2},{"data":8000000,"x":42,"y":22,"l1x":-1,"l1y":-1,"loot_multiply_ver":2},{"data":8000000,"x":37,"y":1,"l1x":-1,"l1y":-1,"loot_multiply_ver":2},{"data":8000010,"x":0,"y":31,"l1x":-1,"l1y":-1,"loot_multiply_ver":2},{"data":8000010,"x":5,"y":42,"l1x":-1,"l1y":-1,"loot_multiply_ver":2},{"data":8000004,"x":17,"y":0,"l1x":-1,"l1y":-1,"loot_multiply_ver":2},{"data":8000000,"x":0,"y":2,"l1x":-1,"l1y":-1,"loot_multiply_ver":2},{"data":8000000,"x":42,"y":8,"l1x":-1,"l1y":-1,"loot_multiply_ver":2},{"data":8000000,"x":0,"y":6,"l1x":-1,"l1y":-1,"loot_multiply_ver":2},{"data":8000004,"x":27,"y":42,"l1x":-1,"l1y":-1,"loot_multiply_ver":2},{"data":8000006,"x":14,"y":0,"l1x":-1,"l1y":-1,"loot_multiply_ver":2},{"data":8000004,"x":25,"y":0,"l1x":-1,"l1y":-1,"loot_multiply_ver":2},{"data":8000000,"x":4,"y":39,"l1x":-1,"l1y":-1,"loot_multiply_ver":2},{"data":8000004,"x":13,"y":42,"l1x":-1,"l1y":-1,"loot_multiply_ver":2},{"data":8000006,"x":1,"y":21,"l1x":-1,"l1y":-1,"loot_multiply_ver":2},{"data":8000030,"x":0,"y":35,"l1x":-1,"l1y":-1,"loot_multiply_ver":1}],"traps":[{"data":12000001,"lvl":0,"x":16,"y":4,"l1x":14,"l1y":39},{"data":12000001,"lvl":0,"x":2,"y":15,"l1x":5,"l1y":19},{"data":12000005,"lvl":3,"x":31,"y":26,"l1x":26,"l1y":13},{"data":12000005,"lvl":3,"x":28,"y":7,"l1x":28,"l1y":16},{"data":12000002,"lvl":3,"x":29,"y":18,"l1x":11,"l1y":21},{"data":12000006,"lvl":2,"x":13,"y":24,"l1x":17,"l1y":14},{"data":12000001,"lvl":0,"x":15,"y":2,"l1x":22,"l1y":4},{"data":12000001,"lvl":0,"x":40,"y":11,"l1x":23,"l1y":4},{"data":12000001,"lvl":0,"x":4,"y":16,"l1x":21,"l1y":39},{"data":12000001,"lvl":0,"x":40,"y":12,"l1x":22,"l1y":39},{"data":12000005,"lvl":3,"x":8,"y":28,"l1x":27,"l1y":16},{"data":12000005,"lvl":3,"x":10,"y":34,"l1x":16,"l1y":16},{"data":12000005,"lvl":3,"x":34,"y":10,"l1x":26,"l1y":15},{"data":12000006,"lvl":2,"x":31,"y":24,"l1x":17,"l1y":13},{"data":12000006,"lvl":2,"x":20,"y":30,"l1x":22,"l1y":14},{"data":12000006,"lvl":2,"x":31,"y":23,"l1x":22,"l1y":13},{"data":12000006,"lvl":2,"x":32,"y":28,"l1x":26,"l1y":14},{"data":12000002,"lvl":3,"x":33,"y":27,"l1x":22,"l1y":6},{"data":12000002,"lvl":3,"x":27,"y":31,"l1x":21,"l1y":29},{"data":12000002,"lvl":3,"x":33,"y":15,"l1x":35,"l1y":20},{"data":12000002,"lvl":3,"x":34,"y":8,"l1x":35,"l1y":25},{"data":12000000,"lvl":5,"x":39,"y":33,"l1x":32,"l1y":39},{"data":12000000,"lvl":5,"x":39,"y":30,"l1x":3,"l1y":18},{"data":12000000,"lvl":5,"x":40,"y":15,"l1x":3,"l1y":17},{"data":12000000,"lvl":5,"x":40,"y":18,"l1x":39,"l1y":12},{"data":12000000,"lvl":5,"x":40,"y":24,"l1x":36,"l1y":4},{"data":12000000,"lvl":5,"x":40,"y":27,"l1x":34,"l1y":3}],"decos":[{"data":18000001,"x":2,"y":8,"l1x":34,"l1y":40},{"data":18000007,"x":3,"y":37,"l1x":2,"l1y":28},{"data":18000010,"x":35,"y":5,"l1x":2,"l1y":2},{"data":18000005,"x":31,"y":40,"l1x":8,"l1y":40},{"data":18000001,"x":8,"y":2,"l1x":37,"l1y":40},{"data":18000009,"x":37,"y":40,"l1x":32,"l1y":40},{"data":18000008,"x":40,"y":37,"l1x":40,"l1y":31},{"data":18000033,"x":5,"y":35,"l1x":2,"l1y":40},{"data":18000000,"x":2,"y":2,"l1x":39,"l1y":2},{"data":18000022,"x":39,"y":3,"l1x":40,"l1y":25},{"data":18000023,"x":2,"y":29,"l1x":3,"l1y":21},{"data":18000024,"x":40,"y":22,"l1x":2,"l1y":23},{"data":18000025,"x":40,"y":19,"l1x":21,"l1y":2},{"data":18000005,"x":40,"y":31,"l1x":5,"l1y":40},{"data":18000005,"x":34,"y":40,"l1x":2,"l1y":34},{"data":18000005,"x":40,"y":34,"l1x":2,"l1y":37},{"data":18000006,"x":25,"y":40,"l1x":2,"l1y":8},{"data":18000006,"x":28,"y":40,"l1x":2,"l1y":5},{"data":18000006,"x":40,"y":25,"l1x":8,"l1y":2},{"data":18000006,"x":40,"y":28,"l1x":5,"l1y":2},{"data":18000001,"x":4,"y":2,"l1x":40,"l1y":34},{"data":18000001,"x":2,"y":4,"l1x":40,"l1y":37},{"data":18000026,"x":22,"y":40,"l1x":40,"l1y":16},{"data":18000028,"x":40,"y":16,"l1x":40,"l1y":10},{"data":18000027,"x":40,"y":13,"l1x":40,"l1y":13},{"data":18000030,"x":19,"y":40,"l1x":10,"l1y":2},{"data":18000029,"x":40,"y":9,"l1x":40,"l1y":7},{"data":18000032,"x":16,"y":40,"l1x":26,"l1y":2},{"data":18000031,"x":5,"y":37,"l1x":13,"l1y":2},{"data":18000035,"x":13,"y":40,"l1x":24,"l1y":2},{"data":18000034,"x":10,"y":40,"l1x":16,"l1y":2},{"data":18000021,"x":7,"y":40,"l1x":40,"l1y":28},{"data":18000036,"x":2,"y":31,"l1x":2,"l1y":11},{"data":18000020,"x":33,"y":2,"l1x":29,"l1y":40},{"data":18000019,"x":39,"y":5,"l1x":26,"l1y":40},{"data":18000018,"x":39,"y":7,"l1x":23,"l1y":40},{"data":18000017,"x":38,"y":9,"l1x":2,"l1y":14},{"data":18000015,"x":37,"y":5,"l1x":17,"l1y":40},{"data":18000016,"x":31,"y":2,"l1x":20,"l1y":40},{"data":18000014,"x":35,"y":3,"l1x":14,"l1y":40},{"data":18000013,"x":2,"y":33,"l1x":2,"l1y":25},{"data":18000012,"x":3,"y":35,"l1x":11,"l1y":40},{"data":18000011,"x":37,"y":3,"l1x":2,"l1y":31},{"data":18000004,"x":40,"y":40,"l1x":40,"l1y":40}],"respawnVars":{"secondsFromLastRespawn":11555,"respawnSeed":1560710016,"obstacleClearCounter":11,"time_to_gembox_drop":293069,"time_in_gembox_period":259200},"cooldowns":[{"cooldown":8719462,"target":20000001},{"cooldown":5105782,"target":20000000}],"newShopBuildings":[4,0,7,4,7,4,4,1,6,7,250,4,4,3,1,5,0,0,0,4,1,3,1,3,1,1,2,2],"newShopTraps":[6,6,5,0,0,5,5,0],"newShopDecos":[1,4,0,1,1,4,4,1,1,1,1,1,1,1,1,1,1,1,1,1,1,1,1,1,1,1,1,1,1,1,1,1,1,1,1,1,1],"last_league_rank":16,"last_league_shuffle":1,"last_news_seen":81,"edit_mode_shown":true,"troop_req_msg":".........^_^","war_req_msg":"...1.....","war_tutorials_seen":0,"war_base":true}