{"buildings":[{"data":1000001,"lvl":9,"x":20,"y":20,"l1x":20,"l1y":20},{"data":1000004,"lvl":10,"x":26,"y":32,"res_time":177281,"l1x":16,"l1y":3},{"data":1000000,"lvl":7,"x":7,"y":31,"units":[[4000013,2]],"storage_type":0,"l1x":4,"l1y":8},{"data":1000015,"lvl":0,"x":28,"y":15,"l1x":9,"l1y":13},{"data":1000014,"lvl":5,"x":25,"y":25,"l1x":20,"l1y":27},{"data":1000008,"lvl":11,"x":9,"y":21,"l1x":8,"l1y":22},{"data":1000015,"lvl":0,"x":35,"y":32,"l1x":12,"l1y":33},{"data":1000002,"lvl":10,"boost_t":51430,"x":5,"y":18,"res_time":175314,"l1x":11,"l1y":5},{"data":1000005,"lvl":10,"x":9,"y":17,"l1x":11,"l1y":29},{"data":1000003,"lvl":10,"x":23,"y":35,"l1x":8,"l1y":17},{"data":1000006,"lvl":9,"x":5,"y":14,"unit_prod":{"unit_type":0,"t":0,"slots":[{"id":4000009,"cnt":1},{"id":4000006,"cnt":5},{"id":4000004,"cnt":7}]},"l1x":14,"l1y":38},{"data":1000009,"lvl":12,"x":15,"y":12,"l1x":11,"l1y":16},{"data":1000006,"lvl":9,"x":5,"y":10,"unit_prod":{"unit_type":0,"t":0,"slots":[{"id":4000006,"cnt":5},{"id":4000004,"cnt":7}]},"l1x":19,"l1y":38},{"data":1000002,"lvl":10,"boost_t":51434,"x":18,"y":5,"res_time":175312,"l1x":21,"l1y":3},{"data":1000008,"lvl":11,"x":21,"y":9,"l1x":21,"l1y":34},{"data":1000004,"lvl":10,"x":10,"y":36,"res_time":177273,"l1x":26,"l1y":3},{"data":1000000,"lvl":7,"x":31,"y":7,"units":[[4000013,1],[4000004,14],[4000001,1]],"storage_type":0,"l1x":7,"l1y":34},{"data":1000010,"lvl":10,"x":8,"y":8,"l1x":10,"l1y":15},{"data":1000010,"lvl":10,"x":28,"y":18,"l1x":9,"l1y":15},{"data":1000010,"lvl":10,"x":28,"y":24,"l1x":8,"l1y":15},{"data":1000010,"lvl":10,"x":17,"y":31,"l1x":7,"l1y":15},{"data":1000010,"lvl":10,"x":8,"y":9,"l1x":7,"l1y":16},{"data":1000010,"lvl":10,"x":8,"y":10,"l1x":7,"l1y":17},{"data":1000010,"lvl":10,"x":8,"y":11,"l1x":7,"l1y":18},{"data":1000010,"lvl":10,"x":8,"y":12,"l1x":7,"l1y":19},{"data":1000010,"lvl":10,"x":8,"y":13,"l1x":7,"l1y":20},{"data":1000010,"lvl":10,"x":8,"y":14,"l1x":7,"l1y":21},{"data":1000010,"lvl":10,"x":8,"y":15,"l1x":7,"l1y":22},{"data":1000010,"lvl":10,"x":8,"y":16,"l1x":7,"l1y":23},{"data":1000010,"lvl":10,"x":8,"y":17,"l1x":7,"l1y":24},{"data":1000010,"lvl":10,"x":8,"y":18,"l1x":13,"l1y":25},{"data":1000010,"lvl":10,"x":8,"y":19,"l1x":12,"l1y":25},{"data":1000003,"lvl":10,"x":35,"y":23,"l1x":8,"l1y":26},{"data":1000005,"lvl":10,"x":17,"y":9,"l1x":18,"l1y":34},{"data":1000002,"lvl":10,"boost_t":51436,"x":22,"y":5,"res_time":175311,"l1x":4,"l1y":15},{"data":1000004,"lvl":10,"x":36,"y":10,"res_time":177286,"l1x":37,"l1y":8},{"data":1000013,"lvl":7,"x":9,"y":9,"l1x":11,"l1y":22},{"data":1000010,"lvl":10,"x":8,"y":20,"l1x":11,"l1y":25},{"data":1000010,"lvl":10,"x":8,"y":21,"l1x":10,"l1y":25},{"data":1000010,"lvl":10,"x":8,"y":22,"l1x":9,"l1y":25},{"data":1000010,"lvl":10,"x":8,"y":23,"l1x":8,"l1y":25},{"data":1000010,"lvl":10,"x":8,"y":24,"l1x":7,"l1y":25},{"data":1000010,"lvl":10,"x":8,"y":25,"l1x":7,"l1y":26},{"data":1000010,"lvl":10,"x":8,"y":26,"l1x":7,"l1y":27},{"data":1000010,"lvl":10,"x":8,"y":27,"l1x":7,"l1y":28},{"data":1000010,"lvl":10,"x":8,"y":28,"l1x":7,"l1y":29},{"data":1000010,"lvl":10,"x":8,"y":29,"l1x":7,"l1y":30},{"data":1000010,"lvl":10,"x":24,"y":28,"l1x":7,"l1y":31},{"data":1000010,"lvl":10,"x":12,"y":34,"l1x":7,"l1y":32},{"data":1000010,"lvl":10,"x":12,"y":30,"l1x":8,"l1y":32},{"data":1000010,"lvl":10,"x":14,"y":34,"l1x":9,"l1y":32},{"data":1000010,"lvl":10,"x":10,"y":30,"l1x":10,"l1y":32},{"data":1000010,"lvl":10,"x":16,"y":30,"l1x":24,"l1y":31},{"data":1000010,"lvl":10,"x":11,"y":30,"l1x":24,"l1y":32},{"data":1000010,"lvl":10,"x":9,"y":30,"l1x":24,"l1y":33},{"data":1000010,"lvl":10,"x":8,"y":30,"l1x":24,"l1y":34},{"data":1000010,"lvl":10,"x":10,"y":8,"l1x":24,"l1y":35},{"data":1000010,"lvl":10,"x":11,"y":8,"l1x":24,"l1y":36},{"data":1000010,"lvl":10,"x":12,"y":8,"l1x":15,"l1y":37},{"data":1000010,"lvl":10,"x":13,"y":8,"l1x":14,"l1y":37},{"data":1000010,"lvl":10,"x":14,"y":8,"l1x":14,"l1y":36},{"data":1000010,"lvl":10,"x":15,"y":8,"l1x":14,"l1y":35},{"data":1000010,"lvl":10,"x":16,"y":8,"l1x":14,"l1y":34},{"data":1000010,"lvl":10,"x":17,"y":8,"l1x":14,"l1y":33},{"data":1000010,"lvl":10,"x":18,"y":8,"l1x":14,"l1y":32},{"data":1000010,"lvl":10,"x":19,"y":8,"l1x":14,"l1y":31},{"data":1000010,"lvl":10,"x":20,"y":8,"l1x":16,"l1y":37},{"data":1000010,"lvl":10,"x":21,"y":8,"l1x":17,"l1y":37},{"data":1000010,"lvl":10,"x":22,"y":8,"l1x":18,"l1y":37},{"data":1000010,"lvl":10,"x":23,"y":8,"l1x":19,"l1y":37},{"data":1000010,"lvl":10,"x":24,"y":8,"l1x":20,"l1y":37},{"data":1000010,"lvl":10,"x":25,"y":8,"l1x":21,"l1y":37},{"data":1000010,"lvl":10,"x":26,"y":8,"l1x":22,"l1y":37},{"data":1000010,"lvl":10,"x":27,"y":8,"l1x":23,"l1y":37},{"data":1000010,"lvl":10,"x":28,"y":8,"l1x":24,"l1y":37},{"data":1000010,"lvl":10,"x":29,"y":8,"l1x":25,"l1y":37},{"data":1000010,"lvl":10,"x":28,"y":20,"l1x":26,"l1y":37},{"data":1000010,"lvl":10,"x":34,"y":13,"l1x":27,"l1y":37},{"data":1000010,"lvl":10,"x":34,"y":12,"l1x":28,"l1y":37},{"data":1000010,"lvl":10,"x":33,"y":12,"l1x":29,"l1y":37},{"data":1000010,"lvl":10,"x":31,"y":12,"l1x":30,"l1y":37},{"data":1000010,"lvl":10,"x":30,"y":8,"l1x":12,"l1y":32},{"data":1000010,"lvl":10,"x":30,"y":9,"l1x":13,"l1y":32},{"data":1000010,"lvl":10,"x":9,"y":8,"l1x":31,"l1y":37},{"data":1000010,"lvl":10,"x":30,"y":11,"l1x":31,"l1y":36},{"data":1000010,"lvl":10,"x":17,"y":30,"l1x":31,"l1y":35},{"data":1000010,"lvl":10,"x":14,"y":30,"l1x":31,"l1y":34},{"data":1000010,"lvl":10,"x":31,"y":30,"l1x":31,"l1y":33},{"data":1000010,"lvl":10,"x":31,"y":29,"l1x":31,"l1y":32},{"data":1000010,"lvl":10,"x":31,"y":28,"l1x":31,"l1y":31},{"data":1000010,"lvl":10,"x":13,"y":34,"l1x":29,"l1y":10},{"data":1000010,"lvl":10,"x":30,"y":14,"l1x":30,"l1y":10},{"data":1000010,"lvl":10,"x":30,"y":15,"l1x":31,"l1y":10},{"data":1000010,"lvl":10,"x":30,"y":13,"l1x":32,"l1y":10},{"data":1000010,"lvl":10,"x":32,"y":12,"l1x":33,"l1y":10},{"data":1000010,"lvl":10,"x":15,"y":34,"l1x":34,"l1y":10},{"data":1000010,"lvl":10,"x":34,"y":14,"l1x":35,"l1y":10},{"data":1000009,"lvl":12,"x":12,"y":27,"l1x":11,"l1y":26},{"data":1000004,"lvl":10,"x":32,"y":20,"res_time":177095,"l1x":37,"l1y":13},{"data":1000002,"lvl":10,"boost_t":51444,"x":35,"y":26,"res_time":174725,"l1x":15,"l1y":34},{"data":1000006,"lvl":9,"x":10,"y":5,"unit_prod":{"unit_type":0,"t":0,"slots":[{"id":4000006,"cnt":5},{"id":4000004,"cnt":7}]},"l1x":24,"l1y":38},{"data":1000007,"lvl":7,"x":4,"y":4,"l1x":3,"l1y":30},{"data":1000015,"lvl":0,"x":29,"y":29,"l1x":32,"l1y":31},{"data":1000008,"lvl":11,"x":12,"y":9,"l1x":33,"l1y":14},{"data":1000010,"lvl":10,"x":30,"y":10,"l1x":36,"l1y":10},{"data":1000010,"lvl":10,"x":30,"y":12,"l1x":36,"l1y":11},{"data":1000010,"lvl":10,"x":34,"y":15,"l1x":36,"l1y":12},{"data":1000010,"lvl":10,"x":30,"y":17,"l1x":36,"l1y":13},{"data":1000010,"lvl":10,"x":17,"y":28,"l1x":36,"l1y":14},{"data":1000010,"lvl":10,"x":27,"y":17,"l1x":36,"l1y":15},{"data":1000010,"lvl":10,"x":17,"y":26,"l1x":36,"l1y":16},{"data":1000010,"lvl":10,"x":16,"y":31,"l1x":36,"l1y":17},{"data":1000010,"lvl":10,"x":16,"y":32,"l1x":36,"l1y":18},{"data":1000010,"lvl":10,"x":16,"y":33,"l1x":36,"l1y":19},{"data":1000010,"lvl":10,"x":16,"y":34,"l1x":35,"l1y":30},{"data":1000010,"lvl":10,"x":16,"y":35,"l1x":36,"l1y":30},{"data":1000010,"lvl":10,"x":16,"y":36,"l1x":36,"l1y":29},{"data":1000010,"lvl":10,"x":15,"y":30,"l1x":36,"l1y":28},{"data":1000010,"lvl":10,"x":17,"y":38,"l1x":36,"l1y":27},{"data":1000010,"lvl":10,"x":18,"y":38,"l1x":36,"l1y":26},{"data":1000010,"lvl":10,"x":19,"y":38,"l1x":36,"l1y":25},{"data":1000010,"lvl":10,"x":20,"y":38,"l1x":36,"l1y":24},{"data":1000010,"lvl":10,"x":21,"y":38,"l1x":36,"l1y":23},{"data":1000010,"lvl":10,"x":22,"y":38,"l1x":36,"l1y":22},{"data":1000010,"lvl":10,"x":23,"y":38,"l1x":36,"l1y":21},{"data":1000010,"lvl":10,"x":24,"y":38,"l1x":36,"l1y":20},{"data":1000010,"lvl":10,"x":25,"y":38,"l1x":35,"l1y":20},{"data":1000010,"lvl":10,"x":26,"y":38,"l1x":34,"l1y":20},{"data":1000010,"lvl":10,"x":27,"y":38,"l1x":33,"l1y":20},{"data":1000000,"lvl":7,"x":3,"y":26,"units":[[4000006,9],[4000009,1]],"storage_type":0,"l1x":33,"l1y":33},{"data":1000009,"lvl":12,"x":17,"y":32,"l1x":15,"l1y":31},{"data":1000002,"lvl":10,"boost_t":51442,"x":35,"y":17,"res_time":175308,"l1x":28,"l1y":34},{"data":1000004,"lvl":10,"x":20,"y":35,"res_time":177274,"l1x":37,"l1y":18},{"data":1000012,"lvl":7,"x":18,"y":12,"l1x":15,"l1y":27},{"data":1000011,"lvl":7,"x":31,"y":13,"l1x":11,"l1y":19},{"data":1000020,"lvl":4,"x":36,"y":36,"units":[[26000005,2],[26000002,2],[26000000,1]],"storage_type":1,"unit_prod":{"unit_type":1},"l1x":8,"l1y":29},{"data":1000010,"lvl":10,"x":28,"y":38,"l1x":32,"l1y":20},{"data":1000010,"lvl":10,"x":29,"y":38,"l1x":31,"l1y":20},{"data":1000010,"lvl":10,"x":30,"y":38,"l1x":30,"l1y":20},{"data":1000010,"lvl":10,"x":31,"y":38,"l1x":34,"l1y":30},{"data":1000010,"lvl":10,"x":32,"y":38,"l1x":33,"l1y":30},{"data":1000010,"lvl":10,"x":32,"y":37,"l1x":32,"l1y":30},{"data":1000010,"lvl":10,"x":33,"y":37,"l1x":31,"l1y":30},{"data":1000010,"lvl":10,"x":34,"y":37,"l1x":30,"l1y":30},{"data":1000010,"lvl":10,"x":34,"y":35,"l1x":28,"l1y":12},{"data":1000010,"lvl":10,"x":34,"y":36,"l1x":28,"l1y":11},{"data":1000010,"lvl":10,"x":35,"y":34,"l1x":28,"l1y":10},{"data":1000010,"lvl":10,"x":35,"y":35,"l1x":28,"l1y":9},{"data":1000010,"lvl":10,"x":36,"y":34,"l1x":28,"l1y":8},{"data":1000010,"lvl":10,"x":37,"y":34,"l1x":28,"l1y":7},{"data":1000010,"lvl":10,"x":37,"y":33,"l1x":28,"l1y":6},{"data":1000010,"lvl":10,"x":37,"y":32,"l1x":27,"l1y":6},{"data":1000010,"lvl":10,"x":38,"y":32,"l1x":26,"l1y":6},{"data":1000010,"lvl":10,"x":38,"y":31,"l1x":25,"l1y":6},{"data":1000010,"lvl":10,"x":38,"y":30,"l1x":24,"l1y":6},{"data":1000010,"lvl":10,"x":38,"y":29,"l1x":23,"l1y":6},{"data":1000010,"lvl":10,"x":38,"y":28,"l1x":22,"l1y":6},{"data":1000010,"lvl":10,"x":38,"y":27,"l1x":21,"l1y":6},{"data":1000010,"lvl":10,"x":38,"y":26,"l1x":20,"l1y":6},{"data":1000010,"lvl":10,"x":38,"y":25,"l1x":19,"l1y":6},{"data":1000010,"lvl":10,"x":38,"y":24,"l1x":18,"l1y":6},{"data":1000004,"lvl":10,"x":20,"y":32,"res_time":177286,"l1x":37,"l1y":23},{"data":1000002,"lvl":10,"boost_t":51427,"x":5,"y":22,"res_time":175314,"l1x":33,"l1y":17},{"data":1000013,"lvl":7,"x":27,"y":9,"l1x":23,"l1y":27},{"data":1000011,"lvl":7,"x":13,"y":31,"l1x":20,"l1y":31},{"data":1000008,"lvl":11,"x":29,"y":32,"l1x":33,"l1y":26},{"data":1000010,"lvl":10,"x":38,"y":23,"l1x":18,"l1y":7},{"data":1000010,"lvl":10,"x":38,"y":22,"l1x":18,"l1y":11},{"data":1000010,"lvl":10,"x":38,"y":21,"l1x":18,"l1y":12},{"data":1000010,"lvl":10,"x":38,"y":20,"l1x":18,"l1y":10},{"data":1000010,"lvl":10,"x":38,"y":19,"l1x":18,"l1y":9},{"data":1000010,"lvl":10,"x":38,"y":18,"l1x":18,"l1y":8},{"data":1000010,"lvl":10,"x":38,"y":17,"l1x":17,"l1y":8},{"data":1000010,"lvl":10,"x":38,"y":16,"l1x":16,"l1y":8},{"data":1000010,"lvl":10,"x":37,"y":16,"l1x":15,"l1y":8},{"data":1000010,"lvl":10,"x":36,"y":16,"l1x":14,"l1y":8},{"data":1000010,"lvl":10,"x":35,"y":16,"l1x":13,"l1y":8},{"data":1000010,"lvl":10,"x":34,"y":16,"l1x":12,"l1y":8},{"data":1000010,"lvl":10,"x":33,"y":16,"l1x":11,"l1y":8},{"data":1000010,"lvl":10,"x":32,"y":16,"l1x":11,"l1y":9},{"data":1000010,"lvl":10,"x":31,"y":27,"l1x":11,"l1y":10},{"data":1000010,"lvl":10,"x":31,"y":26,"l1x":11,"l1y":11},{"data":1000010,"lvl":10,"x":31,"y":25,"l1x":11,"l1y":12},{"data":1000010,"lvl":10,"x":31,"y":24,"l1x":11,"l1y":13},{"data":1000010,"lvl":10,"x":31,"y":23,"l1x":11,"l1y":14},{"data":1000010,"lvl":10,"x":31,"y":22,"l1x":11,"l1y":15},{"data":1000010,"lvl":10,"x":31,"y":21,"l1x":12,"l1y":15},{"data":1000010,"lvl":10,"x":31,"y":20,"l1x":13,"l1y":15},{"data":1000010,"lvl":10,"x":31,"y":18,"l1x":14,"l1y":14},{"data":1000010,"lvl":10,"x":31,"y":16,"l1x":14,"l1y":15},{"data":1000010,"lvl":10,"x":16,"y":37,"l1x":14,"l1y":16},{"data":1000009,"lvl":12,"x":32,"y":17,"l1x":25,"l1y":31},{"data":1000006,"lvl":9,"x":14,"y":5,"unit_prod":{"unit_type":0,"t":0,"slots":[{"id":4000006,"cnt":3},{"id":4000004,"cnt":5},{"id":4000001,"cnt":1}]},"l1x":29,"l1y":38},{"data":1000000,"lvl":7,"x":26,"y":3,"units":[[4000006,9],[4000004,12]],"storage_type":0,"l1x":30,"l1y":5},{"data":1000012,"lvl":7,"x":12,"y":18,"l1x":15,"l1y":14},{"data":1000013,"lvl":7,"x":9,"y":27,"l1x":22,"l1y":14},{"data":1000015,"lvl":0,"x":32,"y":35,"l1x":33,"l1y":21},{"data":1000019,"lvl":7,"x":16,"y":19,"l1x":16,"l1y":17},{"data":1000015,"lvl":0,"x":15,"y":28,"l1x":12,"l1y":13},{"data":1000009,"lvl":12,"x":32,"y":32,"l1x":30,"l1y":12},{"data":1000005,"lvl":10,"x":21,"y":12,"l1x":33,"l1y":23},{"data":1000010,"lvl":10,"x":16,"y":38,"l1x":14,"l1y":17},{"data":1000010,"lvl":10,"x":28,"y":25,"l1x":14,"l1y":18},{"data":1000010,"lvl":10,"x":31,"y":17,"l1x":14,"l1y":19},{"data":1000010,"lvl":10,"x":31,"y":19,"l1x":14,"l1y":20},{"data":1000010,"lvl":10,"x":18,"y":28,"l1x":14,"l1y":21},{"data":1000010,"lvl":10,"x":31,"y":31,"l1x":14,"l1y":22},{"data":1000010,"lvl":10,"x":30,"y":31,"l1x":14,"l1y":23},{"data":1000010,"lvl":10,"x":29,"y":31,"l1x":14,"l1y":24},{"data":1000010,"lvl":10,"x":27,"y":31,"l1x":14,"l1y":25},{"data":1000010,"lvl":10,"x":25,"y":31,"l1x":14,"l1y":26},{"data":1000010,"lvl":10,"x":23,"y":31,"l1x":14,"l1y":27},{"data":1000010,"lvl":10,"x":21,"y":31,"l1x":14,"l1y":28},{"data":1000010,"lvl":10,"x":19,"y":31,"l1x":14,"l1y":29},{"data":1000010,"lvl":10,"x":18,"y":31,"l1x":11,"l1y":32},{"data":1000010,"lvl":10,"x":20,"y":31,"l1x":14,"l1y":30},{"data":1000010,"lvl":10,"x":22,"y":31,"l1x":15,"l1y":30},{"data":1000010,"lvl":10,"x":24,"y":31,"l1x":16,"l1y":30},{"data":1000010,"lvl":10,"x":26,"y":31,"l1x":17,"l1y":30},{"data":1000010,"lvl":10,"x":28,"y":31,"l1x":14,"l1y":13},{"data":1000010,"lvl":10,"x":24,"y":30,"l1x":15,"l1y":13},{"data":1000010,"lvl":10,"x":13,"y":30,"l1x":16,"l1y":13},{"data":1000010,"lvl":10,"x":29,"y":17,"l1x":17,"l1y":13},{"data":1000010,"lvl":10,"x":20,"y":29,"l1x":18,"l1y":13},{"data":1000010,"lvl":10,"x":20,"y":28,"l1x":19,"l1y":13},{"data":1000010,"lvl":10,"x":21,"y":29,"l1x":20,"l1y":13},{"data":1000010,"lvl":10,"x":22,"y":29,"l1x":21,"l1y":13},{"data":1000010,"lvl":10,"x":23,"y":29,"l1x":22,"l1y":13},{"data":1000010,"lvl":10,"x":24,"y":29,"l1x":23,"l1y":13},{"data":1000010,"lvl":10,"x":25,"y":28,"l1x":24,"l1y":13},{"data":1000010,"lvl":10,"x":26,"y":28,"l1x":26,"l1y":13},{"data":1000010,"lvl":10,"x":27,"y":28,"l1x":27,"l1y":13},{"data":1000010,"lvl":10,"x":19,"y":28,"l1x":28,"l1y":13},{"data":1000010,"lvl":10,"x":29,"y":20,"l1x":29,"l1y":13},{"data":1000010,"lvl":10,"x":29,"y":21,"l1x":29,"l1y":14},{"data":1000010,"lvl":10,"x":29,"y":22,"l1x":29,"l1y":15},{"data":1000010,"lvl":10,"x":29,"y":23,"l1x":29,"l1y":16},{"data":1000010,"lvl":10,"x":29,"y":24,"l1x":29,"l1y":17},{"data":1000010,"lvl":10,"x":28,"y":27,"l1x":29,"l1y":18},{"data":1000010,"lvl":10,"x":28,"y":17,"l1x":29,"l1y":19},{"data":1000010,"lvl":10,"x":28,"y":26,"l1x":29,"l1y":20},{"data":1000010,"lvl":10,"x":21,"y":18,"l1x":29,"l1y":21},{"data":1000010,"lvl":10,"x":28,"y":19,"l1x":29,"l1y":22},{"data":1000010,"lvl":10,"x":12,"y":32,"l1x":29,"l1y":23},{"data":1000010,"lvl":10,"x":12,"y":33,"l1x":29,"l1y":24},{"data":1000010,"lvl":10,"x":17,"y":21,"l1x":29,"l1y":25},{"data":1000010,"lvl":10,"x":18,"y":21,"l1x":29,"l1y":26},{"data":1000010,"lvl":10,"x":21,"y":17,"l1x":29,"l1y":27},{"data":1000010,"lvl":10,"x":22,"y":17,"l1x":29,"l1y":28},{"data":1000010,"lvl":10,"x":30,"y":16,"l1x":29,"l1y":29},{"data":1000010,"lvl":10,"x":21,"y":16,"l1x":29,"l1y":30},{"data":1000003,"lvl":10,"x":10,"y":24,"l1x":25,"l1y":34},{"data":1000011,"lvl":7,"x":23,"y":32,"l1x":30,"l1y":21},{"data":1000008,"lvl":11,"x":32,"y":28,"l1x":25,"l1y":10},{"data":1000019,"lvl":7,"x":29,"y":18,"l1x":16,"l1y":25},{"data":1000019,"lvl":7,"x":18,"y":29,"l1x":26,"l1y":17},{"data":1000021,"lvl":3,"x":16,"y":16,"attack_mode":false,"attack_mode_war":false,"attack_mode_draft":false,"attack_mode_draft_war":false,"ammo":1500,"l1x":15,"l1y":22},{"data":1000021,"lvl":3,"x":21,"y":26,"attack_mode":false,"attack_mode_war":false,"attack_mode_draft":false,"attack_mode_draft_war":false,"ammo":1500,"l1x":26,"l1y":22},{"data":1000019,"lvl":7,"x":19,"y":16,"l1x":26,"l1y":25},{"data":1000010,"lvl":10,"x":21,"y":15,"l1x":28,"l1y":30},{"data":1000010,"lvl":10,"x":20,"y":15,"l1x":27,"l1y":30},{"data":1000010,"lvl":10,"x":19,"y":15,"l1x":26,"l1y":30},{"data":1000010,"lvl":10,"x":18,"y":15,"l1x":25,"l1y":30},{"data":1000010,"lvl":10,"x":17,"y":15,"l1x":24,"l1y":30},{"data":1000010,"lvl":10,"x":16,"y":15,"l1x":23,"l1y":30},{"data":1000010,"lvl":10,"x":15,"y":15,"l1x":22,"l1y":30},{"data":1000010,"lvl":10,"x":15,"y":16,"l1x":21,"l1y":30},{"data":1000010,"lvl":10,"x":15,"y":17,"l1x":20,"l1y":30},{"data":1000010,"lvl":10,"x":15,"y":18,"l1x":19,"l1y":30},{"data":1000010,"lvl":10,"x":15,"y":19,"l1x":19,"l1y":26},{"data":1000010,"lvl":10,"x":15,"y":20,"l1x":19,"l1y":17},{"data":1000010,"lvl":10,"x":15,"y":21,"l1x":18,"l1y":30},{"data":1000010,"lvl":10,"x":16,"y":21,"l1x":19,"l1y":29},{"data":1000010,"lvl":10,"x":17,"y":22,"l1x":19,"l1y":28},{"data":1000010,"lvl":10,"x":17,"y":25,"l1x":19,"l1y":27},{"data":1000010,"lvl":10,"x":17,"y":23,"l1x":25,"l1y":13},{"data":1000010,"lvl":10,"x":23,"y":17,"l1x":25,"l1y":14},{"data":1000010,"lvl":10,"x":24,"y":17,"l1x":21,"l1y":26},{"data":1000010,"lvl":10,"x":24,"y":18,"l1x":20,"l1y":26},{"data":1000010,"lvl":10,"x":17,"y":24,"l1x":18,"l1y":26},{"data":1000010,"lvl":10,"x":18,"y":24,"l1x":18,"l1y":25},{"data":1000010,"lvl":10,"x":28,"y":28,"l1x":18,"l1y":24},{"data":1000010,"lvl":10,"x":24,"y":27,"l1x":18,"l1y":23},{"data":1000010,"lvl":10,"x":24,"y":26,"l1x":18,"l1y":22},{"data":1000009,"lvl":12,"x":27,"y":12,"l1x":30,"l1y":26},{"data":1000003,"lvl":10,"x":24,"y":10,"l1x":30,"l1y":17},{"data":1000005,"lvl":10,"x":12,"y":21,"l1x":22,"l1y":7},{"data":1000024,"lvl":5,"x":12,"y":12,"l1x":15,"l1y":9},{"data":1000012,"lvl":7,"x":25,"y":18,"l1x":26,"l1y":14},{"data":1000022,"lvl":0,"x":14,"y":24,"l1x":15,"l1y":19},{"data":1000026,"lvl":5,"x":29,"y":35,"unit_prod":{"unit_type":0,"t":0,"slots":[{"id":4000013,"cnt":2}]},"l1x":4,"l1y":25},{"data":1000025,"lvl":0,"x":24,"y":14,"l1x":26,"l1y":19},{"data":1000010,"lvl":10,"x":24,"y":25,"l1x":18,"l1y":21},{"data":1000010,"lvl":10,"x":12,"y":31,"l1x":18,"l1y":20},{"data":1000010,"lvl":10,"x":27,"y":24,"l1x":18,"l1y":19},{"data":1000010,"lvl":10,"x":26,"y":24,"l1x":18,"l1y":18},{"data":1000010,"lvl":10,"x":25,"y":24,"l1x":18,"l1y":17},{"data":1000010,"lvl":10,"x":23,"y":24,"l1x":20,"l1y":17},{"data":1000010,"lvl":10,"x":22,"y":24,"l1x":21,"l1y":17},{"data":1000010,"lvl":10,"x":21,"y":24,"l1x":22,"l1y":17},{"data":1000010,"lvl":10,"x":20,"y":24,"l1x":23,"l1y":17},{"data":1000010,"lvl":10,"x":19,"y":24,"l1x":24,"l1y":17},{"data":1000010,"lvl":10,"x":17,"y":29,"l1x":25,"l1y":16},{"data":1000010,"lvl":10,"x":17,"y":27,"l1x":25,"l1y":17},{"data":1000010,"lvl":10,"x":19,"y":21,"l1x":25,"l1y":18},{"data":1000010,"lvl":10,"x":19,"y":20,"l1x":25,"l1y":19},{"data":1000010,"lvl":10,"x":19,"y":19,"l1x":25,"l1y":20},{"data":1000010,"lvl":10,"x":20,"y":19,"l1x":25,"l1y":21},{"data":1000010,"lvl":10,"x":21,"y":19,"l1x":25,"l1y":22},{"data":1000010,"lvl":10,"x":25,"y":17,"l1x":25,"l1y":23},{"data":1000010,"lvl":10,"x":26,"y":17,"l1x":25,"l1y":24},{"data":1000010,"lvl":10,"x":24,"y":19,"l1x":25,"l1y":25},{"data":1000010,"lvl":10,"x":24,"y":20,"l1x":25,"l1y":15},{"data":1000010,"lvl":10,"x":24,"y":21,"l1x":25,"l1y":26},{"data":1000010,"lvl":10,"x":24,"y":22,"l1x":24,"l1y":26},{"data":1000010,"lvl":10,"x":24,"y":23,"l1x":23,"l1y":26},{"data":1000010,"lvl":10,"x":24,"y":24,"l1x":22,"l1y":26},{"data":1000011,"lvl":7,"x":32,"y":23,"l1x":22,"l1y":10},{"data":1000012,"lvl":7,"x":18,"y":25,"l1x":26,"l1y":27},{"data":1000023,"lvl":5,"x":35,"y":13,"res_time":55254,"l1x":28,"l1y":31},{"data":1000023,"lvl":5,"x":13,"y":35,"res_time":55464,"l1x":33,"l1y":11},{"data":1000026,"lvl":5,"x":35,"y":29,"unit_prod":{"unit_type":0,"t":0,"slots":[{"id":4000013,"cnt":1}]},"l1x":4,"l1y":20},{"data":1000008,"lvl":11,"x":9,"y":12,"l1x":12,"l1y":9},{"data":1000009,"lvl":12,"x":12,"y":15,"l1x":19,"l1y":10},{"data":1000023,"lvl":5,"x":35,"y":20,"res_time":55254,"l1x":19,"l1y":7},{"data":1000027,"lvl":2,"x":18,"y":22,"attack_mode":false,"attack_mode_war":false,"attack_mode_draft":false,"attack_mode_draft_war":false,"ammo":750,"l1x":21,"l1y":18},{"data":1000021,"lvl":3,"x":26,"y":21,"attack_mode":false,"attack_mode_war":false,"attack_mode_draft":false,"attack_mode_draft_war":false,"ammo":1500,"l1x":19,"l1y":14},{"data":1000027,"lvl":2,"x":22,"y":18,"attack_mode":true,"attack_mode_war":true,"attack_mode_draft":true,"attack_mode_draft_war":true,"ammo":750,"l1x":21,"l1y":24},{"data":1000002,"lvl":10,"boost_t":51448,"x":17,"y":35,"res_time":175728,"l1x":25,"l1y":7},{"data":1000004,"lvl":10,"x":26,"y":35,"res_time":177281,"l1x":37,"l1y":28}],"obstacles":[{"data":8000000,"x":17,"y":0,"l1x":-1,"l1y":-1,"loot_multiply_ver":1},{"data":8000000,"x":28,"y":42,"l1x":-1,"l1y":-1,"loot_multiply_ver":1},{"data":8000000,"x":36,"y":42,"l1x":-1,"l1y":-1,"loot_multiply_ver":1},{"data":8000007,"x":14,"y":0,"l1x":-1,"l1y":-1,"loot_multiply_ver":1},{"data":8000000,"x":42,"y":36,"l1x":-1,"l1y":-1,"loot_multiply_ver":1},{"data":8000006,"x":0,"y":14,"l1x":-1,"l1y":-1,"loot_multiply_ver":1},{"data":8000000,"x":42,"y":29,"l1x":-1,"l1y":-1,"loot_multiply_ver":1},{"data":8000007,"x":0,"y":17,"l1x":-1,"l1y":-1,"loot_multiply_ver":1},{"data":8000000,"x":35,"y":0,"l1x":-1,"l1y":-1,"loot_multiply_ver":1},{"data":8000007,"x":23,"y":42,"l1x":-1,"l1y":-1,"loot_multiply_ver":1},{"data":8000000,"x":0,"y":29,"l1x":-1,"l1y":-1,"loot_multiply_ver":1},{"data":8000000,"x":41,"y":42,"l1x":-1,"l1y":-1,"loot_multiply_ver":1},{"data":8000006,"x":42,"y":10,"l1x":-1,"l1y":-1,"loot_multiply_ver":2},{"data":8000007,"x":42,"y":16,"l1x":-1,"l1y":-1,"loot_multiply_ver":2},{"data":8000000,"x":27,"y":0,"l1x":-1,"l1y":-1,"loot_multiply_ver":2},{"data":8000008,"x":0,"y":0,"l1x":-1,"l1y":-1,"loot_multiply_ver":2},{"data":8000000,"x":21,"y":0,"l1x":-1,"l1y":-1,"loot_multiply_ver":2},{"data":8000000,"x":42,"y":0,"l1x":-1,"l1y":-1,"loot_multiply_ver":2},{"data":8000000,"x":0,"y":26,"l1x":-1,"l1y":-1,"loot_multiply_ver":2},{"data":8000006,"x":30,"y":0,"l1x":-1,"l1y":-1,"loot_multiply_ver":2},{"data":8000007,"x":42,"y":25,"l1x":-1,"l1y":-1,"loot_multiply_ver":2},{"data":8000000,"x":0,"y":32,"l1x":-1,"l1y":-1,"loot_multiply_ver":2},{"data":8000000,"x":42,"y":20,"l1x":-1,"l1y":-1,"loot_multiply_ver":2},{"data":8000000,"x":0,"y":8,"l1x":-1,"l1y":-1,"loot_multiply_ver":2},{"data":8000008,"x":0,"y":23,"l1x":-1,"l1y":-1,"loot_multiply_ver":2},{"data":8000007,"x":42,"y":7,"l1x":-1,"l1y":-1,"loot_multiply_ver":2},{"data":8000004,"x":0,"y":11,"l1x":-1,"l1y":-1,"loot_multiply_ver":2},{"data":8000004,"x":18,"y":42,"l1x":-1,"l1y":-1,"loot_multiply_ver":2},{"data":8000004,"x":42,"y":3,"l1x":-1,"l1y":-1,"loot_multiply_ver":2},{"data":8000006,"x":38,"y":0,"l1x":-1,"l1y":-1,"loot_multiply_ver":2},{"data":8000007,"x":0,"y":37,"l1x":-1,"l1y":-1,"loot_multiply_ver":2},{"data":8000000,"x":42,"y":33,"l1x":-1,"l1y":-1,"loot_multiply_ver":2},{"data":8000000,"x":12,"y":42,"l1x":-1,"l1y":-1,"loot_multiply_ver":2},{"data":8000007,"x":0,"y":20,"l1x":-1,"l1y":-1,"loot_multiply_ver":2},{"data":8000000,"x":32,"y":42,"l1x":-1,"l1y":-1,"loot_multiply_ver":2},{"data":8000000,"x":40,"y":13,"l1x":-1,"l1y":-1,"loot_multiply_ver":2},{"data":8000010,"x":4,"y":0,"l1x":-1,"l1y":-1,"loot_multiply_ver":2},{"data":8000010,"x":0,"y":40,"l1x":-1,"l1y":-1,"loot_multiply_ver":2},{"data":8000007,"x":15,"y":42,"l1x":-1,"l1y":-1,"loot_multiply_ver":2},{"data":8000030,"x":9,"y":42,"l1x":-1,"l1y":-1,"loot_multiply_ver":2}],"traps":[{"data":12000001,"lvl":0,"x":17,"y":7,"l1x":29,"l1y":5},{"data":12000000,"lvl":5,"x":13,"y":7,"l1x":22,"l1y":39},{"data":12000000,"lvl":5,"x":13,"y":6,"l1x":23,"l1y":38},{"data":12000000,"lvl":5,"x":17,"y":5,"l1x":18,"l1y":38},{"data":12000002,"lvl":3,"x":32,"y":26,"l1x":30,"l1y":15},{"data":12000005,"lvl":3,"x":23,"y":30,"l1x":19,"l1y":19},{"data":12000005,"lvl":3,"x":25,"y":23,"l1x":28,"l1y":26},{"data":12000005,"lvl":3,"x":30,"y":21,"l1x":32,"l1y":24},{"data":12000005,"lvl":3,"x":19,"y":18,"l1x":19,"l1y":22},{"data":12000005,"lvl":3,"x":18,"y":19,"l1x":24,"l1y":22},{"data":12000006,"lvl":2,"x":20,"y":18,"l1x":19,"l1y":23},{"data":12000006,"lvl":2,"x":22,"y":25,"l1x":32,"l1y":25},{"data":12000006,"lvl":2,"x":9,"y":7,"l1x":24,"l1y":20},{"data":12000006,"lvl":2,"x":25,"y":21,"l1x":19,"l1y":21},{"data":12000006,"lvl":2,"x":18,"y":20,"l1x":24,"l1y":23},{"data":12000000,"lvl":5,"x":21,"y":5,"l1x":24,"l1y":4},{"data":12000002,"lvl":3,"x":15,"y":10,"l1x":9,"l1y":20},{"data":12000002,"lvl":3,"x":10,"y":15,"l1x":23,"l1y":24},{"data":12000002,"lvl":3,"x":15,"y":22,"l1x":18,"l1y":31},{"data":12000002,"lvl":3,"x":22,"y":15,"l1x":30,"l1y":24},{"data":12000001,"lvl":0,"x":31,"y":6,"l1x":20,"l1y":5},{"data":12000001,"lvl":0,"x":7,"y":17,"l1x":10,"l1y":7},{"data":12000001,"lvl":0,"x":39,"y":15,"l1x":23,"l1y":31},{"data":12000001,"lvl":0,"x":7,"y":8,"l1x":18,"l1y":27},{"data":12000001,"lvl":0,"x":8,"y":7,"l1x":18,"l1y":16},{"data":12000000,"lvl":5,"x":13,"y":5,"l1x":25,"l1y":5},{"data":12000000,"lvl":5,"x":21,"y":6,"l1x":17,"l1y":12}],"decos":[{"data":18000019,"x":39,"y":39,"l1x":2,"l1y":2},{"data":18000008,"x":39,"y":35,"l1x":6,"l1y":2},{"data":18000003,"x":31,"y":39,"l1x":4,"l1y":6},{"data":18000001,"x":33,"y":39,"l1x":10,"l1y":2},{"data":18000009,"x":35,"y":39,"l1x":2,"l1y":6},{"data":18000001,"x":39,"y":33,"l1x":2,"l1y":10},{"data":18000005,"x":2,"y":10,"l1x":19,"l1y":2},{"data":18000005,"x":2,"y":12,"l1x":40,"l1y":16},{"data":18000005,"x":2,"y":8,"l1x":40,"l1y":21},{"data":18000006,"x":10,"y":2,"l1x":24,"l1y":2},{"data":18000006,"x":12,"y":2,"l1x":8,"l1y":6},{"data":18000006,"x":8,"y":2,"l1x":40,"l1y":26},{"data":18000006,"x":4,"y":2,"l1x":40,"l1y":11},{"data":18000001,"x":37,"y":39,"l1x":2,"l1y":4},{"data":18000001,"x":39,"y":37,"l1x":4,"l1y":2},{"data":18000005,"x":2,"y":4,"l1x":39,"l1y":39},{"data":18000018,"x":37,"y":5,"l1x":33,"l1y":39},{"data":18000011,"x":2,"y":23,"l1x":38,"l1y":5},{"data":18000016,"x":20,"y":2,"l1x":35,"l1y":39},{"data":18000013,"x":2,"y":19,"l1x":2,"l1y":28},{"data":18000012,"x":7,"y":38,"l1x":40,"l1y":6},{"data":18000021,"x":4,"y":35,"l1x":39,"l1y":33},{"data":18000027,"x":5,"y":37,"l1x":12,"l1y":40},{"data":18000014,"x":29,"y":39,"l1x":39,"l1y":37},{"data":18000025,"x":38,"y":7,"l1x":34,"l1y":2},{"data":18000015,"x":24,"y":2,"l1x":39,"l1y":35},{"data":18000017,"x":38,"y":3,"l1x":37,"l1y":39},{"data":18000020,"x":16,"y":2,"l1x":39,"l1y":31},{"data":18000036,"x":25,"y":39,"l1x":2,"l1y":17},{"data":18000035,"x":39,"y":25,"l1x":2,"l1y":23},{"data":18000034,"x":21,"y":39,"l1x":32,"l1y":2},{"data":18000030,"x":3,"y":39,"l1x":6,"l1y":40},{"data":18000024,"x":35,"y":4,"l1x":4,"l1y":35},{"data":18000029,"x":39,"y":23,"l1x":8,"l1y":40},{"data":18000033,"x":2,"y":6,"l1x":2,"l1y":8},{"data":18000004,"x":39,"y":31,"l1x":6,"l1y":4},{"data":18000000,"x":6,"y":2,"l1x":8,"l1y":2},{"data":18000010,"x":2,"y":2,"l1x":6,"l1y":6},{"data":18000028,"x":27,"y":39,"l1x":4,"l1y":39},{"data":18000022,"x":2,"y":15,"l1x":36,"l1y":5},{"data":18000026,"x":23,"y":39,"l1x":4,"l1y":37},{"data":18000023,"x":31,"y":2,"l1x":36,"l1y":3},{"data":18000031,"x":2,"y":31,"l1x":10,"l1y":40},{"data":18000032,"x":39,"y":27,"l1x":30,"l1y":2},{"data":18000007,"x":39,"y":29,"l1x":4,"l1y":4}],"respawnVars":{"secondsFromLastRespawn":12829,"respawnSeed":391625630,"obstacleClearCounter":19,"time_to_gembox_drop":565350,"time_in_gembox_period":36000},"cooldowns":[{"cooldown":3719165,"target":20000001},{"cooldown":2685935,"target":20000000}],"newShopBuildings":[4,0,7,4,7,4,4,1,6,7,250,4,4,3,1,5,0,0,0,4,1,3,1,3,1,1,2,2],"newShopTraps":[6,6,5,0,0,5,5,0],"newShopDecos":[1,4,0,1,1,4,4,1,1,1,1,1,1,1,1,1,1,1,1,1,1,1,1,1,1,1,1,1,1,1,1,1,1,1,1,1,1],"last_league_rank":16,"last_league_shuffle":1,"last_news_seen":81,"edit_mode_shown":true,"troop_req_msg":"1 bruxa 2 mago 15 arqueira","war_req_msg":"1 bruxa 2 magos 15 arqs full","war_tutorials_seen":0,"war_base":true}