{{"buildings":[{"data":1000001,"lvl":9,"x":21,"y":20,"l1x":20,"l1y":20},{"data":1000004,"lvl":10,"x":32,"y":35,"res_time":179595,"l1x":5,"l1y":21},{"data":1000000,"lvl":7,"x":36,"y":12,"units":[[4000009,1],[4000000,3],[4000001,12],[4000006,5]],"storage_type":0,"l1x":7,"l1y":31},{"data":1000015,"lvl":0,"x":15,"y":34,"l1x":7,"l1y":9},{"data":1000014,"lvl":5,"x":26,"y":21,"l1x":23,"l1y":25},{"data":1000008,"lvl":11,"x":18,"y":32,"l1x":9,"l1y":18},{"data":1000015,"lvl":0,"x":6,"y":25,"l1x":37,"l1y":32},{"data":1000002,"lvl":10,"boost_t":58896,"x":8,"y":13,"res_time":179199,"l1x":5,"l1y":25},{"data":1000003,"lvl":10,"x":11,"y":30,"l1x":8,"l1y":15},{"data":1000005,"lvl":10,"x":24,"y":32,"l1x":28,"l1y":11},{"data":1000006,"lvl":9,"x":28,"y":35,"unit_prod":{"unit_type":0},"l1x":25,"l1y":4},{"data":1000004,"lvl":10,"x":11,"y":6,"res_time":179599,"l1x":5,"l1y":28},{"data":1000002,"lvl":10,"boost_t":58894,"x":8,"y":9,"res_time":179198,"l1x":17,"l1y":36},{"data":1000009,"lvl":12,"x":9,"y":20,"l1x":11,"l1y":12},{"data":1000008,"lvl":11,"x":14,"y":30,"l1x":15,"l1y":9},{"data":1000006,"lvl":9,"x":25,"y":5,"unit_prod":{"unit_type":0,"t":232,"slots":[{"id":4000006,"cnt":4}]},"l1x":22,"l1y":5},{"data":1000010,"lvl":9,"x":27,"y":35,"l1x":13,"l1y":11},{"data":1000010,"lvl":9,"x":26,"y":35,"l1x":12,"l1y":11},{"data":1000010,"lvl":9,"x":25,"y":35,"l1x":11,"l1y":11},{"data":1000010,"lvl":9,"x":24,"y":35,"l1x":10,"l1y":11},{"data":1000010,"lvl":9,"x":23,"y":35,"l1x":10,"l1y":12},{"data":1000010,"lvl":9,"x":22,"y":35,"l1x":10,"l1y":13},{"data":1000010,"lvl":9,"x":21,"y":35,"l1x":10,"l1y":14},{"data":1000010,"lvl":9,"x":20,"y":35,"l1x":9,"l1y":14},{"data":1000010,"lvl":9,"x":19,"y":35,"l1x":8,"l1y":14},{"data":1000010,"lvl":9,"x":18,"y":35,"l1x":7,"l1y":14},{"data":1000010,"lvl":9,"x":17,"y":35,"l1x":7,"l1y":15},{"data":1000010,"lvl":9,"x":17,"y":34,"l1x":7,"l1y":16},{"data":1000010,"lvl":9,"x":17,"y":29,"l1x":10,"l1y":30},{"data":1000010,"lvl":9,"x":17,"y":30,"l1x":8,"l1y":18},{"data":1000010,"lvl":9,"x":17,"y":31,"l1x":8,"l1y":19},{"data":1000010,"lvl":9,"x":17,"y":32,"l1x":8,"l1y":20},{"data":1000010,"lvl":9,"x":17,"y":33,"l1x":8,"l1y":21},{"data":1000010,"lvl":9,"x":16,"y":33,"l1x":8,"l1y":22},{"data":1000010,"lvl":9,"x":15,"y":33,"l1x":8,"l1y":23},{"data":1000010,"lvl":9,"x":14,"y":33,"l1x":8,"l1y":24},{"data":1000010,"lvl":9,"x":13,"y":33,"l1x":8,"l1y":25},{"data":1000010,"lvl":9,"x":12,"y":33,"l1x":8,"l1y":26},{"data":1000010,"lvl":9,"x":11,"y":33,"l1x":8,"l1y":27},{"data":1000010,"lvl":9,"x":10,"y":33,"l1x":7,"l1y":18},{"data":1000010,"lvl":9,"x":10,"y":32,"l1x":11,"l1y":27},{"data":1000010,"lvl":9,"x":10,"y":31,"l1x":9,"l1y":27},{"data":1000010,"lvl":10,"x":20,"y":25,"l1x":24,"l1y":15},{"data":1000010,"lvl":9,"x":10,"y":30,"l1x":9,"l1y":28},{"data":1000010,"lvl":9,"x":10,"y":29,"l1x":9,"l1y":29},{"data":1000010,"lvl":9,"x":10,"y":28,"l1x":9,"l1y":30},{"data":1000010,"lvl":9,"x":10,"y":27,"l1x":7,"l1y":17},{"data":1000010,"lvl":9,"x":11,"y":26,"l1x":11,"l1y":30},{"data":1000010,"lvl":9,"x":10,"y":26,"l1x":10,"l1y":27},{"data":1000010,"lvl":9,"x":9,"y":26,"l1x":14,"l1y":14},{"data":1000010,"lvl":9,"x":8,"y":26,"l1x":14,"l1y":13},{"data":1000010,"lvl":9,"x":8,"y":25,"l1x":14,"l1y":12},{"data":1000010,"lvl":9,"x":8,"y":24,"l1x":14,"l1y":11},{"data":1000010,"lvl":9,"x":8,"y":23,"l1x":14,"l1y":10},{"data":1000010,"lvl":9,"x":8,"y":22,"l1x":14,"l1y":9},{"data":1000010,"lvl":9,"x":8,"y":21,"l1x":14,"l1y":8},{"data":1000010,"lvl":9,"x":8,"y":20,"l1x":15,"l1y":8},{"data":1000010,"lvl":9,"x":8,"y":19,"l1x":16,"l1y":8},{"data":1000010,"lvl":9,"x":8,"y":18,"l1x":17,"l1y":8},{"data":1000010,"lvl":9,"x":8,"y":17,"l1x":18,"l1y":8},{"data":1000010,"lvl":9,"x":8,"y":16,"l1x":19,"l1y":8},{"data":1000010,"lvl":9,"x":9,"y":16,"l1x":20,"l1y":8},{"data":1000002,"lvl":10,"boost_t":58899,"x":15,"y":6,"res_time":179197,"l1x":24,"l1y":36},{"data":1000004,"lvl":10,"x":20,"y":5,"res_time":179598,"l1x":12,"l1y":36},{"data":1000003,"lvl":10,"x":12,"y":10,"l1x":22,"l1y":9},{"data":1000005,"lvl":10,"x":11,"y":27,"l1x":16,"l1y":32},{"data":1000010,"lvl":9,"x":10,"y":16,"l1x":21,"l1y":14},{"data":1000010,"lvl":9,"x":12,"y":17,"l1x":21,"l1y":13},{"data":1000010,"lvl":9,"x":12,"y":18,"l1x":21,"l1y":12},{"data":1000010,"lvl":9,"x":12,"y":19,"l1x":21,"l1y":11},{"data":1000000,"lvl":7,"x":10,"y":34,"units":[[4000015,2],[4000017,1]],"storage_type":0,"l1x":34,"l1y":34},{"data":1000013,"lvl":7,"x":24,"y":29,"l1x":26,"l1y":25},{"data":1000007,"lvl":7,"x":17,"y":36,"unit_upg":{"unit_type":0,"t":1182086,"id":4000001},"l1x":30,"l1y":35},{"data":1000009,"lvl":11,"const_t":581396,"x":12,"y":13,"l1x":9,"l1y":24},{"data":1000004,"lvl":10,"x":15,"y":10,"res_time":179598,"l1x":20,"l1y":36},{"data":1000002,"lvl":10,"boost_t":58905,"x":9,"y":23,"res_time":179200,"l1x":27,"l1y":36},{"data":1000010,"lvl":9,"x":12,"y":20,"l1x":21,"l1y":10},{"data":1000010,"lvl":9,"x":12,"y":21,"l1x":21,"l1y":9},{"data":1000010,"lvl":9,"x":12,"y":22,"l1x":21,"l1y":8},{"data":1000010,"lvl":9,"x":12,"y":23,"l1x":22,"l1y":8},{"data":1000010,"lvl":9,"x":12,"y":24,"l1x":23,"l1y":8},{"data":1000010,"lvl":9,"x":12,"y":25,"l1x":24,"l1y":8},{"data":1000010,"lvl":9,"x":12,"y":26,"l1x":25,"l1y":8},{"data":1000010,"lvl":9,"x":13,"y":26,"l1x":26,"l1y":8},{"data":1000010,"lvl":10,"x":20,"y":26,"l1x":24,"l1y":16},{"data":1000010,"lvl":9,"x":14,"y":26,"l1x":27,"l1y":8},{"data":1000010,"lvl":9,"x":15,"y":26,"l1x":28,"l1y":8},{"data":1000010,"lvl":9,"x":17,"y":9,"l1x":28,"l1y":9},{"data":1000010,"lvl":10,"x":20,"y":27,"l1x":24,"l1y":17},{"data":1000010,"lvl":9,"x":16,"y":9,"l1x":28,"l1y":10},{"data":1000010,"lvl":9,"x":15,"y":9,"l1x":29,"l1y":10},{"data":1000010,"lvl":9,"x":14,"y":9,"l1x":30,"l1y":10},{"data":1000010,"lvl":9,"x":13,"y":9,"l1x":31,"l1y":10},{"data":1000010,"lvl":9,"x":12,"y":9,"l1x":31,"l1y":11},{"data":1000010,"lvl":9,"x":11,"y":9,"l1x":31,"l1y":13},{"data":1000010,"lvl":9,"x":11,"y":10,"l1x":31,"l1y":12},{"data":1000010,"lvl":9,"x":11,"y":11,"l1x":32,"l1y":12},{"data":1000010,"lvl":9,"x":11,"y":12,"l1x":33,"l1y":12},{"data":1000010,"lvl":9,"x":11,"y":13,"l1x":34,"l1y":12},{"data":1000010,"lvl":9,"x":11,"y":14,"l1x":35,"l1y":12},{"data":1000010,"lvl":9,"x":11,"y":15,"l1x":35,"l1y":13},{"data":1000006,"lvl":9,"x":39,"y":26,"unit_prod":{"unit_type":0},"l1x":17,"l1y":5},{"data":1000012,"lvl":7,"x":21,"y":25,"l1x":25,"l1y":12},{"data":1000008,"lvl":11,"x":25,"y":12,"l1x":22,"l1y":12},{"data":1000002,"lvl":10,"boost_t":58897,"x":9,"y":17,"res_time":179199,"l1x":36,"l1y":21},{"data":1000009,"lvl":12,"x":21,"y":32,"l1x":25,"l1y":9},{"data":1000010,"lvl":9,"x":11,"y":16,"l1x":35,"l1y":14},{"data":1000010,"lvl":9,"x":12,"y":16,"l1x":35,"l1y":15},{"data":1000010,"lvl":9,"x":13,"y":16,"l1x":35,"l1y":16},{"data":1000010,"lvl":9,"x":14,"y":16,"l1x":35,"l1y":17},{"data":1000010,"lvl":10,"x":20,"y":28,"l1x":24,"l1y":18},{"data":1000010,"lvl":9,"x":15,"y":16,"l1x":35,"l1y":18},{"data":1000010,"lvl":9,"x":16,"y":16,"l1x":35,"l1y":19},{"data":1000010,"lvl":9,"x":17,"y":16,"l1x":35,"l1y":20},{"data":1000010,"lvl":9,"x":18,"y":14,"l1x":35,"l1y":21},{"data":1000010,"lvl":9,"x":18,"y":13,"l1x":35,"l1y":22},{"data":1000010,"lvl":9,"x":18,"y":12,"l1x":35,"l1y":23},{"data":1000010,"lvl":9,"x":18,"y":11,"l1x":35,"l1y":24},{"data":1000010,"lvl":9,"x":18,"y":10,"l1x":35,"l1y":25},{"data":1000010,"lvl":9,"x":18,"y":9,"l1x":36,"l1y":25},{"data":1000010,"lvl":9,"x":18,"y":8,"l1x":36,"l1y":26},{"data":1000010,"lvl":9,"x":19,"y":8,"l1x":36,"l1y":27},{"data":1000010,"lvl":9,"x":20,"y":8,"l1x":36,"l1y":28},{"data":1000010,"lvl":9,"x":21,"y":8,"l1x":36,"l1y":29},{"data":1000010,"lvl":9,"x":22,"y":8,"l1x":36,"l1y":30},{"data":1000010,"lvl":9,"x":23,"y":8,"l1x":36,"l1y":31},{"data":1000010,"lvl":9,"x":24,"y":8,"l1x":35,"l1y":31},{"data":1000010,"lvl":9,"x":25,"y":8,"l1x":35,"l1y":32},{"data":1000010,"lvl":9,"x":26,"y":8,"l1x":35,"l1y":33},{"data":1000010,"lvl":9,"x":27,"y":8,"l1x":34,"l1y":33},{"data":1000010,"lvl":9,"x":28,"y":8,"l1x":33,"l1y":33},{"data":1000004,"lvl":10,"x":19,"y":9,"res_time":179598,"l1x":36,"l1y":17},{"data":1000000,"lvl":7,"x":29,"y":5,"units":[[4000015,5]],"storage_type":0,"l1x":33,"l1y":7},{"data":1000011,"lvl":7,"x":18,"y":29,"l1x":11,"l1y":15},{"data":1000020,"lvl":4,"x":5,"y":19,"units":[[26000000,1],[26000002,3],[26000005,1]],"storage_type":1,"unit_prod":{"unit_type":1},"l1x":37,"l1y":24},{"data":1000010,"lvl":9,"x":28,"y":9,"l1x":33,"l1y":34},{"data":1000010,"lvl":9,"x":27,"y":29,"l1x":32,"l1y":34},{"data":1000010,"lvl":9,"x":27,"y":30,"l1x":31,"l1y":34},{"data":1000010,"lvl":9,"x":27,"y":31,"l1x":30,"l1y":34},{"data":1000010,"lvl":9,"x":27,"y":32,"l1x":29,"l1y":29},{"data":1000010,"lvl":9,"x":27,"y":33,"l1x":29,"l1y":30},{"data":1000010,"lvl":9,"x":27,"y":34,"l1x":29,"l1y":31},{"data":1000010,"lvl":9,"x":28,"y":34,"l1x":29,"l1y":32},{"data":1000010,"lvl":9,"x":29,"y":34,"l1x":29,"l1y":33},{"data":1000010,"lvl":9,"x":30,"y":34,"l1x":29,"l1y":34},{"data":1000010,"lvl":9,"x":31,"y":34,"l1x":29,"l1y":35},{"data":1000010,"lvl":9,"x":32,"y":34,"l1x":28,"l1y":35},{"data":1000010,"lvl":9,"x":33,"y":34,"l1x":27,"l1y":35},{"data":1000010,"lvl":9,"x":34,"y":34,"l1x":26,"l1y":35},{"data":1000010,"lvl":9,"x":34,"y":33,"l1x":25,"l1y":35},{"data":1000010,"lvl":9,"x":34,"y":32,"l1x":24,"l1y":35},{"data":1000010,"lvl":9,"x":34,"y":31,"l1x":23,"l1y":35},{"data":1000010,"lvl":9,"x":34,"y":30,"l1x":22,"l1y":29},{"data":1000010,"lvl":10,"x":21,"y":28,"l1x":18,"l1y":19},{"data":1000010,"lvl":9,"x":34,"y":29,"l1x":22,"l1y":30},{"data":1000010,"lvl":9,"x":34,"y":28,"l1x":22,"l1y":31},{"data":1000010,"lvl":9,"x":36,"y":27,"l1x":22,"l1y":32},{"data":1000010,"lvl":9,"x":37,"y":27,"l1x":22,"l1y":33},{"data":1000010,"lvl":9,"x":37,"y":26,"l1x":22,"l1y":34},{"data":1000010,"lvl":9,"x":37,"y":25,"l1x":22,"l1y":35},{"data":1000013,"lvl":7,"x":15,"y":13,"l1x":13,"l1y":23},{"data":1000002,"lvl":10,"x":39,"y":17,"res_time":179596,"l1x":36,"l1y":13},{"data":1000004,"lvl":10,"x":25,"y":9,"res_time":179597,"l1x":28,"l1y":5},{"data":1000011,"lvl":7,"x":13,"y":23,"l1x":9,"l1y":21},{"data":1000000,"lvl":7,"x":23,"y":36,"units":[[4000005,4],[4000010,10],[4000006,1],[4000000,2]],"storage_type":0,"l1x":9,"l1y":6},{"data":1000006,"lvl":9,"x":36,"y":32,"unit_prod":{"unit_type":0},"l1x":14,"l1y":5},{"data":1000010,"lvl":9,"x":37,"y":24,"l1x":21,"l1y":35},{"data":1000010,"lvl":9,"x":37,"y":23,"l1x":20,"l1y":35},{"data":1000010,"lvl":9,"x":37,"y":22,"l1x":19,"l1y":35},{"data":1000010,"lvl":9,"x":37,"y":21,"l1x":18,"l1y":35},{"data":1000010,"lvl":9,"x":37,"y":20,"l1x":17,"l1y":35},{"data":1000010,"lvl":9,"x":37,"y":19,"l1x":16,"l1y":35},{"data":1000010,"lvl":9,"x":37,"y":18,"l1x":15,"l1y":35},{"data":1000010,"lvl":9,"x":37,"y":17,"l1x":15,"l1y":34},{"data":1000010,"lvl":9,"x":36,"y":17,"l1x":15,"l1y":33},{"data":1000010,"lvl":9,"x":34,"y":17,"l1x":14,"l1y":33},{"data":1000010,"lvl":9,"x":35,"y":17,"l1x":13,"l1y":33},{"data":1000010,"lvl":9,"x":35,"y":16,"l1x":12,"l1y":33},{"data":1000010,"lvl":10,"x":22,"y":28,"l1x":17,"l1y":19},{"data":1000010,"lvl":9,"x":35,"y":15,"l1x":12,"l1y":32},{"data":1000010,"lvl":9,"x":35,"y":14,"l1x":12,"l1y":31},{"data":1000010,"lvl":9,"x":35,"y":13,"l1x":12,"l1y":30},{"data":1000010,"lvl":9,"x":35,"y":12,"l1x":12,"l1y":29},{"data":1000010,"lvl":9,"x":35,"y":11,"l1x":12,"l1y":28},{"data":1000010,"lvl":9,"x":35,"y":10,"l1x":12,"l1y":27},{"data":1000010,"lvl":9,"x":34,"y":10,"l1x":28,"l1y":15},{"data":1000010,"lvl":9,"x":33,"y":10,"l1x":27,"l1y":15},{"data":1000010,"lvl":9,"x":32,"y":10,"l1x":26,"l1y":15},{"data":1000010,"lvl":9,"x":31,"y":10,"l1x":25,"l1y":15},{"data":1000010,"lvl":9,"x":30,"y":10,"l1x":28,"l1y":14},{"data":1000010,"lvl":9,"x":29,"y":10,"l1x":29,"l1y":14},{"data":1000008,"lvl":11,"x":35,"y":28,"l1x":32,"l1y":22},{"data":1000009,"lvl":12,"x":14,"y":27,"l1x":32,"l1y":16},{"data":1000013,"lvl":7,"x":30,"y":24,"l1x":18,"l1y":16},{"data":1000012,"lvl":7,"x":19,"y":12,"l1x":30,"l1y":28},{"data":1000015,"lvl":0,"x":6,"y":22,"l1x":31,"l1y":6},{"data":1000009,"lvl":12,"x":28,"y":28,"l1x":26,"l1y":32},{"data":1000008,"lvl":11,"x":31,"y":28,"l1x":23,"l1y":29},{"data":1000011,"lvl":7,"x":22,"y":12,"l1x":32,"l1y":19},{"data":1000019,"lvl":7,"x":39,"y":20,"l1x":33,"l1y":39},{"data":1000023,"lvl":5,"x":7,"y":27,"res_time":57323,"l1x":37,"l1y":27},{"data":1000024,"lvl":5,"x":13,"y":20,"l1x":32,"l1y":13},{"data":1000010,"lvl":9,"x":28,"y":10,"l1x":30,"l1y":14},{"data":1000010,"lvl":9,"x":28,"y":11,"l1x":31,"l1y":14},{"data":1000010,"lvl":9,"x":28,"y":12,"l1x":31,"l1y":15},{"data":1000010,"lvl":9,"x":28,"y":13,"l1x":31,"l1y":16},{"data":1000010,"lvl":10,"x":23,"y":28,"l1x":16,"l1y":19},{"data":1000010,"lvl":9,"x":28,"y":14,"l1x":31,"l1y":17},{"data":1000010,"lvl":9,"x":30,"y":17,"l1x":31,"l1y":18},{"data":1000010,"lvl":9,"x":31,"y":17,"l1x":31,"l1y":19},{"data":1000010,"lvl":9,"x":32,"y":17,"l1x":31,"l1y":20},{"data":1000010,"lvl":9,"x":33,"y":17,"l1x":28,"l1y":21},{"data":1000010,"lvl":9,"x":33,"y":18,"l1x":29,"l1y":21},{"data":1000010,"lvl":9,"x":33,"y":19,"l1x":30,"l1y":21},{"data":1000010,"lvl":9,"x":33,"y":20,"l1x":31,"l1y":21},{"data":1000010,"lvl":10,"x":33,"y":21,"l1x":31,"l1y":22},{"data":1000010,"lvl":10,"x":24,"y":28,"l1x":17,"l1y":22},{"data":1000010,"lvl":10,"x":33,"y":22,"l1x":31,"l1y":23},{"data":1000010,"lvl":9,"x":33,"y":23,"l1x":31,"l1y":24},{"data":1000010,"lvl":9,"x":33,"y":24,"l1x":31,"l1y":25},{"data":1000010,"lvl":9,"x":33,"y":25,"l1x":30,"l1y":25},{"data":1000010,"lvl":9,"x":33,"y":26,"l1x":29,"l1y":25},{"data":1000010,"lvl":9,"x":35,"y":27,"l1x":29,"l1y":26},{"data":1000010,"lvl":9,"x":34,"y":27,"l1x":29,"l1y":27},{"data":1000010,"lvl":9,"x":33,"y":27,"l1x":29,"l1y":28},{"data":1000010,"lvl":9,"x":32,"y":27,"l1x":28,"l1y":28},{"data":1000010,"lvl":10,"x":25,"y":28,"l1x":15,"l1y":19},{"data":1000010,"lvl":9,"x":31,"y":27,"l1x":27,"l1y":28},{"data":1000010,"lvl":9,"x":30,"y":27,"l1x":26,"l1y":28},{"data":1000010,"lvl":10,"x":26,"y":28,"l1x":14,"l1y":19},{"data":1000010,"lvl":10,"x":29,"y":23,"l1x":25,"l1y":28},{"data":1000010,"lvl":10,"x":29,"y":22,"l1x":24,"l1y":28},{"data":1000010,"lvl":10,"x":29,"y":21,"l1x":23,"l1y":28},{"data":1000010,"lvl":9,"x":29,"y":20,"l1x":22,"l1y":28},{"data":1000010,"lvl":9,"x":29,"y":19,"l1x":21,"l1y":28},{"data":1000010,"lvl":9,"x":29,"y":18,"l1x":20,"l1y":28},{"data":1000010,"lvl":10,"x":27,"y":28,"l1x":16,"l1y":22},{"data":1000010,"lvl":9,"x":29,"y":17,"l1x":19,"l1y":28},{"data":1000010,"lvl":9,"x":28,"y":17,"l1x":19,"l1y":27},{"data":1000010,"lvl":9,"x":28,"y":16,"l1x":19,"l1y":25},{"data":1000010,"lvl":10,"x":27,"y":27,"l1x":18,"l1y":22},{"data":1000010,"lvl":9,"x":28,"y":15,"l1x":19,"l1y":26},{"data":1000010,"lvl":9,"x":27,"y":15,"l1x":18,"l1y":26},{"data":1000010,"lvl":9,"x":26,"y":15,"l1x":17,"l1y":26},{"data":1000010,"lvl":9,"x":25,"y":15,"l1x":16,"l1y":26},{"data":1000010,"lvl":9,"x":24,"y":18,"l1x":15,"l1y":26},{"data":1000010,"lvl":9,"x":24,"y":17,"l1x":14,"l1y":26},{"data":1000010,"lvl":9,"x":24,"y":16,"l1x":13,"l1y":26},{"data":1000010,"lvl":9,"x":24,"y":15,"l1x":12,"l1y":26},{"data":1000010,"lvl":9,"x":23,"y":15,"l1x":12,"l1y":25},{"data":1000010,"lvl":9,"x":22,"y":15,"l1x":12,"l1y":24},{"data":1000010,"lvl":9,"x":21,"y":15,"l1x":12,"l1y":23},{"data":1000019,"lvl":7,"x":27,"y":25,"l1x":23,"l1y":39},{"data":1000003,"lvl":10,"x":28,"y":31,"l1x":33,"l1y":26},{"data":1000019,"lvl":7,"x":19,"y":17,"l1x":12,"l1y":34},{"data":1000005,"lvl":10,"x":34,"y":24,"l1x":28,"l1y":22},{"data":1000022,"lvl":0,"x":25,"y":16,"l1x":25,"l1y":16},{"data":1000026,"lvl":4,"x":7,"y":32,"unit_prod":{"unit_type":0},"l1x":4,"l1y":18},{"data":1000010,"lvl":9,"x":20,"y":15,"l1x":15,"l1y":22},{"data":1000010,"lvl":9,"x":19,"y":15,"l1x":14,"l1y":22},{"data":1000010,"lvl":9,"x":18,"y":15,"l1x":13,"l1y":22},{"data":1000010,"lvl":9,"x":18,"y":16,"l1x":12,"l1y":22},{"data":1000010,"lvl":9,"x":18,"y":17,"l1x":12,"l1y":21},{"data":1000010,"lvl":10,"x":28,"y":27,"l1x":25,"l1y":21},{"data":1000010,"lvl":9,"x":18,"y":18,"l1x":12,"l1y":20},{"data":1000010,"lvl":9,"x":19,"y":19,"l1x":12,"l1y":19},{"data":1000010,"lvl":9,"x":18,"y":19,"l1x":12,"l1y":18},{"data":1000010,"lvl":9,"x":18,"y":20,"l1x":13,"l1y":18},{"data":1000010,"lvl":9,"x":17,"y":20,"l1x":14,"l1y":18},{"data":1000010,"lvl":9,"x":16,"y":20,"l1x":14,"l1y":17},{"data":1000010,"lvl":9,"x":16,"y":21,"l1x":14,"l1y":16},{"data":1000010,"lvl":10,"x":29,"y":27,"l1x":26,"l1y":21},{"data":1000010,"lvl":9,"x":16,"y":22,"l1x":14,"l1y":15},{"data":1000010,"lvl":10,"x":29,"y":26,"l1x":27,"l1y":21},{"data":1000010,"lvl":10,"x":29,"y":25,"l1x":27,"l1y":22},{"data":1000010,"lvl":9,"x":16,"y":23,"l1x":15,"l1y":15},{"data":1000010,"lvl":9,"x":16,"y":24,"l1x":16,"l1y":15},{"data":1000010,"lvl":9,"x":16,"y":25,"l1x":17,"l1y":15},{"data":1000010,"lvl":9,"x":16,"y":26,"l1x":18,"l1y":15},{"data":1000010,"lvl":9,"x":17,"y":26,"l1x":19,"l1y":15},{"data":1000010,"lvl":10,"x":29,"y":24,"l1x":27,"l1y":23},{"data":1000010,"lvl":9,"x":17,"y":27,"l1x":20,"l1y":15},{"data":1000010,"lvl":9,"x":17,"y":28,"l1x":21,"l1y":15},{"data":1000023,"lvl":5,"x":22,"y":9,"res_time":57489,"l1x":26,"l1y":29},{"data":1000009,"lvl":12,"x":29,"y":14,"l1x":13,"l1y":30},{"data":1000012,"lvl":7,"x":30,"y":21,"l1x":16,"l1y":27},{"data":1000010,"lvl":9,"x":18,"y":28,"l1x":22,"l1y":15},{"data":1000010,"lvl":10,"x":28,"y":24,"l1x":27,"l1y":24},{"data":1000010,"lvl":9,"x":19,"y":28,"l1x":23,"l1y":15},{"data":1000010,"lvl":10,"x":27,"y":24,"l1x":26,"l1y":24},{"data":1000010,"lvl":10,"x":26,"y":24,"l1x":25,"l1y":24},{"data":1000010,"lvl":10,"x":20,"y":21,"l1x":20,"l1y":24},{"data":1000010,"lvl":10,"x":20,"y":22,"l1x":21,"l1y":24},{"data":1000010,"lvl":10,"x":20,"y":23,"l1x":22,"l1y":24},{"data":1000010,"lvl":10,"x":20,"y":24,"l1x":23,"l1y":24},{"data":1000010,"lvl":10,"x":21,"y":24,"l1x":24,"l1y":24},{"data":1000010,"lvl":10,"x":22,"y":24,"l1x":24,"l1y":23},{"data":1000010,"lvl":10,"x":23,"y":24,"l1x":24,"l1y":22},{"data":1000010,"lvl":10,"x":24,"y":24,"l1x":24,"l1y":21},{"data":1000010,"lvl":10,"x":25,"y":24,"l1x":24,"l1y":20},{"data":1000010,"lvl":10,"x":25,"y":23,"l1x":24,"l1y":19},{"data":1000010,"lvl":10,"x":25,"y":22,"l1x":23,"l1y":19},{"data":1000010,"lvl":10,"x":25,"y":21,"l1x":22,"l1y":19},{"data":1000010,"lvl":10,"x":25,"y":20,"l1x":21,"l1y":19},{"data":1000010,"lvl":10,"x":25,"y":19,"l1x":20,"l1y":19},{"data":1000010,"lvl":10,"x":24,"y":19,"l1x":19,"l1y":19},{"data":1000010,"lvl":10,"x":23,"y":19,"l1x":19,"l1y":20},{"data":1000010,"lvl":10,"x":22,"y":19,"l1x":19,"l1y":21},{"data":1000010,"lvl":10,"x":21,"y":19,"l1x":19,"l1y":22},{"data":1000010,"lvl":10,"x":20,"y":19,"l1x":19,"l1y":23},{"data":1000010,"lvl":10,"x":20,"y":20,"l1x":19,"l1y":24},{"data":1000019,"lvl":7,"x":39,"y":31,"l1x":39,"l1y":22},{"data":1000003,"lvl":10,"x":32,"y":11,"l1x":19,"l1y":32},{"data":1000021,"lvl":3,"x":15,"y":17,"attack_mode":false,"attack_mode_war":false,"attack_mode_draft":false,"attack_mode_draft_war":false,"ammo":1500,"l1x":28,"l1y":16},{"data":1000021,"lvl":3,"x":21,"y":16,"attack_mode":true,"attack_mode_war":false,"attack_mode_draft":true,"attack_mode_draft_war":false,"ammo":1500,"l1x":20,"l1y":25},{"data":1000011,"lvl":7,"x":30,"y":18,"l1x":23,"l1y":32},{"data":1000012,"lvl":7,"x":17,"y":21,"l1x":15,"l1y":12},{"data":1000025,"lvl":0,"x":21,"y":29,"l1x":16,"l1y":23},{"data":1000009,"lvl":12,"x":34,"y":21,"l1x":30,"l1y":31},{"data":1000008,"lvl":11,"x":32,"y":14,"l1x":13,"l1y":27},{"data":1000027,"lvl":2,"x":18,"y":24,"attack_mode":true,"attack_mode_war":true,"attack_mode_draft":true,"attack_mode_draft_war":true,"ammo":750,"l1x":17,"l1y":20},{"data":1000023,"lvl":5,"x":31,"y":31,"res_time":57489,"l1x":19,"l1y":29},{"data":1000005,"lvl":10,"x":29,"y":11,"l1x":15,"l1y":16},{"data":1000026,"lvl":5,"x":5,"y":16,"unit_prod":{"unit_type":0},"l1x":4,"l1y":15},{"data":1000021,"lvl":3,"x":24,"y":25,"attack_mode":true,"attack_mode_war":false,"attack_mode_draft":true,"attack_mode_draft_war":false,"ammo":1500,"l1x":21,"l1y":16},{"data":1000027,"lvl":2,"x":27,"y":19,"attack_mode":false,"attack_mode_war":true,"attack_mode_draft":false,"attack_mode_draft_war":true,"ammo":750,"l1x":25,"l1y":22},{"data":1000002,"lvl":10,"boost_t":58910,"x":39,"y":22,"res_time":179192,"l1x":18,"l1y":10},{"data":1000004,"lvl":10,"x":34,"y":18,"res_time":179602,"l1x":7,"l1y":11},{"data":1000015,"lvl":0,"x":36,"y":9,"l1x":33,"l1y":31},{"data":1000015,"lvl":0,"x":38,"y":29,"l1x":10,"l1y":28}],"obstacles":[{"data":8000010,"x":0,"y":0,"l1x":-1,"l1y":-1,"loot_multiply_ver":1},{"data":8000000,"x":0,"y":18,"l1x":-1,"l1y":-1,"loot_multiply_ver":2},{"data":8000008,"x":42,"y":40,"l1x":-1,"l1y":-1,"loot_multiply_ver":2},{"data":8000010,"x":4,"y":0,"l1x":-1,"l1y":-1,"loot_multiply_ver":2},{"data":8000007,"x":0,"y":31,"l1x":-1,"l1y":-1,"loot_multiply_ver":2},{"data":8000005,"x":1,"y":38,"l1x":-1,"l1y":-1,"loot_multiply_ver":2},{"data":8000004,"x":9,"y":42,"l1x":-1,"l1y":-1,"loot_multiply_ver":2},{"data":8000000,"x":20,"y":42,"l1x":-1,"l1y":-1,"loot_multiply_ver":2},{"data":8000004,"x":13,"y":42,"l1x":-1,"l1y":-1,"loot_multiply_ver":2},{"data":8000004,"x":29,"y":1,"l1x":-1,"l1y":-1,"loot_multiply_ver":2},{"data":8000010,"x":17,"y":42,"l1x":-1,"l1y":-1,"loot_multiply_ver":2},{"data":8000010,"x":40,"y":8,"l1x":-1,"l1y":-1,"loot_multiply_ver":2},{"data":8000010,"x":41,"y":3,"l1x":-1,"l1y":-1,"loot_multiply_ver":2},{"data":8000000,"x":41,"y":37,"l1x":-1,"l1y":-1,"loot_multiply_ver":2},{"data":8000010,"x":0,"y":34,"l1x":-1,"l1y":-1,"loot_multiply_ver":2},{"data":8000007,"x":8,"y":0,"l1x":-1,"l1y":-1,"loot_multiply_ver":2},{"data":8000004,"x":0,"y":4,"l1x":-1,"l1y":-1,"loot_multiply_ver":2},{"data":8000010,"x":5,"y":42,"l1x":-1,"l1y":-1,"loot_multiply_ver":2},{"data":8000000,"x":2,"y":42,"l1x":-1,"l1y":-1,"loot_multiply_ver":2},{"data":8000010,"x":39,"y":0,"l1x":-1,"l1y":-1,"loot_multiply_ver":2},{"data":8000000,"x":38,"y":3,"l1x":-1,"l1y":-1,"loot_multiply_ver":2},{"data":8000008,"x":20,"y":0,"l1x":-1,"l1y":-1,"loot_multiply_ver":2},{"data":8000006,"x":1,"y":26,"l1x":-1,"l1y":-1,"loot_multiply_ver":2},{"data":8000010,"x":28,"y":42,"l1x":-1,"l1y":-1,"loot_multiply_ver":2},{"data":8000004,"x":23,"y":0,"l1x":-1,"l1y":-1,"loot_multiply_ver":2},{"data":8000004,"x":42,"y":34,"l1x":-1,"l1y":-1,"loot_multiply_ver":2},{"data":8000004,"x":42,"y":13,"l1x":-1,"l1y":-1,"loot_multiply_ver":2}],"traps":[{"data":12000006,"lvl":0,"const_t":83932,"x":28,"y":18,"l1x":36,"l1y":20},{"data":12000006,"lvl":2,"x":20,"y":16,"l1x":30,"l1y":20},{"data":12000005,"lvl":3,"x":17,"y":25,"l1x":23,"l1y":38},{"data":12000006,"lvl":2,"x":35,"y":31,"l1x":36,"l1y":16},{"data":12000005,"lvl":3,"x":26,"y":19,"l1x":14,"l1y":34},{"data":12000005,"lvl":3,"x":19,"y":20,"l1x":7,"l1y":20},{"data":12000005,"lvl":3,"x":19,"y":27,"l1x":20,"l1y":13},{"data":12000005,"lvl":3,"x":38,"y":22,"l1x":30,"l1y":15},{"data":12000006,"lvl":2,"x":8,"y":30,"l1x":19,"l1y":14},{"data":12000006,"lvl":2,"x":16,"y":37,"l1x":16,"l1y":30},{"data":12000000,"lvl":4,"x":8,"y":36,"l1x":20,"l1y":6},{"data":12000001,"lvl":0,"x":10,"y":8,"l1x":32,"l1y":27},{"data":12000001,"lvl":0,"x":7,"y":15,"l1x":23,"l1y":36},{"data":12000002,"lvl":3,"x":23,"y":6,"l1x":27,"l1y":19},{"data":12000000,"lvl":5,"x":14,"y":5,"l1x":21,"l1y":7},{"data":12000002,"lvl":3,"x":38,"y":9,"l1x":25,"l1y":19},{"data":12000001,"lvl":0,"x":35,"y":9,"l1x":6,"l1y":14},{"data":12000001,"lvl":0,"x":9,"y":35,"l1x":29,"l1y":20},{"data":12000000,"lvl":5,"x":14,"y":7,"l1x":38,"l1y":16},{"data":12000002,"lvl":3,"x":34,"y":7,"l1x":17,"l1y":30},{"data":12000002,"lvl":3,"x":21,"y":36,"l1x":13,"l1y":20},{"data":12000002,"lvl":3,"x":35,"y":35,"l1x":15,"l1y":20},{"data":12000001,"lvl":0,"x":38,"y":25,"l1x":15,"l1y":36},{"data":12000001,"lvl":0,"x":41,"y":21,"l1x":18,"l1y":14},{"data":12000000,"lvl":5,"x":9,"y":37,"l1x":37,"l1y":20},{"data":12000000,"lvl":5,"x":38,"y":38,"l1x":16,"l1y":37},{"data":12000000,"lvl":5,"x":31,"y":37,"l1x":15,"l1y":37}],"decos":[{"data":18000025,"x":39,"y":5,"l1x":39,"l1y":11},{"data":18000001,"x":35,"y":2,"l1x":11,"l1y":40},{"data":18000001,"x":6,"y":36,"l1x":37,"l1y":2},{"data":18000001,"x":3,"y":25,"l1x":35,"l1y":3},{"data":18000001,"x":5,"y":38,"l1x":3,"l1y":35},{"data":18000003,"x":2,"y":15,"l1x":6,"l1y":37},{"data":18000008,"x":2,"y":13,"l1x":15,"l1y":40},{"data":18000007,"x":2,"y":30,"l1x":2,"l1y":30},{"data":18000009,"x":4,"y":32,"l1x":18,"l1y":39},{"data":18000011,"x":32,"y":39,"l1x":3,"l1y":4},{"data":18000012,"x":18,"y":40,"l1x":5,"l1y":7},{"data":18000018,"x":39,"y":39,"l1x":29,"l1y":2},{"data":18000023,"x":40,"y":29,"l1x":39,"l1y":5},{"data":18000024,"x":16,"y":2,"l1x":39,"l1y":8},{"data":18000030,"x":31,"y":2,"l1x":29,"l1y":40},{"data":18000014,"x":30,"y":39,"l1x":13,"l1y":2},{"data":18000013,"x":21,"y":40,"l1x":10,"l1y":3},{"data":18000022,"x":5,"y":5,"l1x":37,"l1y":4},{"data":18000015,"x":35,"y":40,"l1x":18,"l1y":2},{"data":18000016,"x":2,"y":34,"l1x":21,"l1y":2},{"data":18000017,"x":36,"y":37,"l1x":32,"l1y":2},{"data":18000020,"x":37,"y":39,"l1x":34,"l1y":5},{"data":18000019,"x":39,"y":36,"l1x":8,"l1y":39},{"data":18000035,"x":9,"y":5,"l1x":40,"l1y":20},{"data":18000029,"x":36,"y":7,"l1x":26,"l1y":40},{"data":18000026,"x":38,"y":7,"l1x":40,"l1y":15},{"data":18000028,"x":23,"y":3,"l1x":40,"l1y":32},{"data":18000027,"x":35,"y":4,"l1x":40,"l1y":18},{"data":18000031,"x":26,"y":2,"l1x":37,"l1y":39},{"data":18000032,"x":19,"y":3,"l1x":39,"l1y":34},{"data":18000034,"x":13,"y":3,"l1x":40,"l1y":38},{"data":18000036,"x":4,"y":12,"l1x":40,"l1y":26},{"data":18000021,"x":39,"y":33,"l1x":21,"l1y":39},{"data":18000005,"x":16,"y":40,"l1x":2,"l1y":2},{"data":18000005,"x":13,"y":39,"l1x":2,"l1y":27},{"data":18000005,"x":10,"y":40,"l1x":4,"l1y":32},{"data":18000005,"x":4,"y":9,"l1x":4,"l1y":38},{"data":18000006,"x":4,"y":35,"l1x":6,"l1y":2},{"data":18000006,"x":4,"y":28,"l1x":3,"l1y":7},{"data":18000006,"x":2,"y":23,"l1x":5,"l1y":5},{"data":18000006,"x":2,"y":20,"l1x":2,"l1y":24}],"respawnVars":{"secondsFromLastRespawn":16242,"respawnSeed":-116470673,"obstacleClearCounter":19,"time_to_gembox_drop":123401,"time_in_gembox_period":79200},"cooldowns":[{"cooldown":2540930,"target":20000000},{"cooldown":12539512,"target":20000001}],"newShopBuildings":[4,0,7,4,7,4,4,1,6,7,250,4,4,3,1,5,0,0,0,4,1,3,1,3,1,1,2,2],"newShopTraps":[6,6,5,0,0,5,5,0],"newShopDecos":[1,4,0,1,1,4,4,1,1,1,1,1,1,1,1,1,1,1,1,1,1,1,1,1,1,1,1,1,1,1,1,1,1,1,1,1,1],"last_league_rank":16,"last_league_shuffle":1,"last_news_seen":81,"edit_mode_shown":true,"troop_req_msg":"hound & loon pls","war_req_msg":"1 witch 1 valk rest arch pls","war_tutorials_seen":0,"war_base":true}