{"buildings":[{"data":1000001,"lvl":9,"x":32,"y":3,"l1x":20,"l1y":20},{"data":1000004,"lvl":10,"x":20,"y":36,"res_time":86216,"l1x":17,"l1y":2},{"data":1000000,"lvl":7,"x":35,"y":12,"units":[[4000005,12]],"storage_type":0,"l1x":32,"l1y":4},{"data":1000015,"lvl":0,"x":35,"y":34,"l1x":6,"l1y":30},{"data":1000014,"lvl":5,"x":2,"y":36,"l1x":17,"l1y":17},{"data":1000008,"lvl":11,"x":31,"y":28,"l1x":27,"l1y":30},{"data":1000015,"lvl":0,"x":29,"y":30,"l1x":24,"l1y":22},{"data":1000002,"lvl":10,"x":5,"y":29,"res_time":179333,"l1x":37,"l1y":26},{"data":1000003,"lvl":10,"x":17,"y":10,"l1x":21,"l1y":33},{"data":1000005,"lvl":10,"x":35,"y":18,"l1x":26,"l1y":33},{"data":1000006,"lvl":9,"x":35,"y":21,"unit_prod":{"unit_type":0},"l1x":5,"l1y":21},{"data":1000002,"lvl":10,"x":5,"y":25,"res_time":178419,"l1x":37,"l1y":21},{"data":1000004,"lvl":10,"x":27,"y":5,"res_time":86213,"l1x":12,"l1y":2},{"data":1000009,"lvl":12,"x":35,"y":36,"l1x":24,"l1y":30},{"data":1000008,"lvl":11,"x":27,"y":32,"l1x":21,"l1y":30},{"data":1000004,"lvl":10,"x":24,"y":5,"res_time":98472,"l1x":29,"l1y":5},{"data":1000002,"lvl":10,"x":5,"y":22,"res_time":153672,"l1x":25,"l1y":2},{"data":1000010,"lvl":10,"x":22,"y":14,"l1x":24,"l1y":36},{"data":1000010,"lvl":10,"x":38,"y":17,"l1x":23,"l1y":36},{"data":1000010,"lvl":10,"x":37,"y":17,"l1x":22,"l1y":36},{"data":1000010,"lvl":10,"x":36,"y":17,"l1x":21,"l1y":36},{"data":1000010,"lvl":10,"x":35,"y":17,"l1x":20,"l1y":36},{"data":1000010,"lvl":10,"x":24,"y":39,"l1x":19,"l1y":36},{"data":1000010,"lvl":10,"x":23,"y":39,"l1x":18,"l1y":36},{"data":1000010,"lvl":10,"x":19,"y":39,"l1x":14,"l1y":36},{"data":1000010,"lvl":10,"x":18,"y":39,"l1x":17,"l1y":36},{"data":1000010,"lvl":10,"x":38,"y":18,"l1x":16,"l1y":36},{"data":1000010,"lvl":10,"x":38,"y":19,"l1x":15,"l1y":36},{"data":1000010,"lvl":10,"x":38,"y":20,"l1x":15,"l1y":29},{"data":1000010,"lvl":10,"x":38,"y":21,"l1x":14,"l1y":30},{"data":1000010,"lvl":10,"x":38,"y":22,"l1x":14,"l1y":31},{"data":1000006,"lvl":9,"x":35,"y":24,"unit_prod":{"unit_type":0},"l1x":25,"l1y":8},{"data":1000010,"lvl":10,"x":38,"y":23,"l1x":14,"l1y":32},{"data":1000010,"lvl":10,"x":38,"y":24,"l1x":14,"l1y":33},{"data":1000010,"lvl":10,"x":38,"y":25,"l1x":14,"l1y":34},{"data":1000010,"lvl":10,"x":38,"y":26,"l1x":14,"l1y":35},{"data":1000010,"lvl":10,"x":38,"y":27,"l1x":16,"l1y":29},{"data":1000010,"lvl":10,"x":38,"y":28,"l1x":14,"l1y":29},{"data":1000010,"lvl":10,"x":38,"y":29,"l1x":13,"l1y":25},{"data":1000010,"lvl":10,"x":38,"y":30,"l1x":13,"l1y":26},{"data":1000010,"lvl":10,"x":38,"y":31,"l1x":13,"l1y":27},{"data":1000010,"lvl":10,"x":38,"y":32,"l1x":13,"l1y":28},{"data":1000010,"lvl":10,"x":38,"y":33,"l1x":12,"l1y":28},{"data":1000010,"lvl":10,"x":38,"y":34,"l1x":11,"l1y":25},{"data":1000010,"lvl":10,"x":38,"y":35,"l1x":11,"l1y":26},{"data":1000010,"lvl":10,"x":38,"y":36,"l1x":11,"l1y":27},{"data":1000010,"lvl":10,"x":38,"y":37,"l1x":11,"l1y":28},{"data":1000010,"lvl":10,"x":38,"y":38,"l1x":10,"l1y":28},{"data":1000010,"lvl":10,"x":38,"y":39,"l1x":9,"l1y":28},{"data":1000010,"lvl":10,"x":37,"y":39,"l1x":8,"l1y":28},{"data":1000010,"lvl":10,"x":36,"y":39,"l1x":7,"l1y":28},{"data":1000005,"lvl":10,"x":17,"y":36,"l1x":18,"l1y":33},{"data":1000003,"lvl":10,"x":23,"y":12,"l1x":15,"l1y":30},{"data":1000010,"lvl":10,"x":35,"y":39,"l1x":7,"l1y":27},{"data":1000010,"lvl":10,"x":34,"y":39,"l1x":7,"l1y":26},{"data":1000010,"lvl":10,"x":33,"y":39,"l1x":7,"l1y":25},{"data":1000010,"lvl":10,"x":32,"y":39,"l1x":36,"l1y":24},{"data":1000010,"lvl":10,"x":31,"y":39,"l1x":36,"l1y":23},{"data":1000010,"lvl":10,"x":30,"y":39,"l1x":36,"l1y":22},{"data":1000010,"lvl":10,"x":29,"y":39,"l1x":36,"l1y":21},{"data":1000010,"lvl":10,"x":28,"y":39,"l1x":36,"l1y":20},{"data":1000010,"lvl":10,"x":27,"y":39,"l1x":36,"l1y":19},{"data":1000010,"lvl":10,"x":26,"y":39,"l1x":36,"l1y":18},{"data":1000010,"lvl":10,"x":25,"y":39,"l1x":36,"l1y":17},{"data":1000010,"lvl":10,"x":22,"y":39,"l1x":36,"l1y":16},{"data":1000010,"lvl":10,"x":21,"y":39,"l1x":36,"l1y":15},{"data":1000010,"lvl":10,"x":20,"y":39,"l1x":36,"l1y":14},{"data":1000010,"lvl":10,"x":17,"y":39,"l1x":35,"l1y":14},{"data":1000010,"lvl":10,"x":16,"y":39,"l1x":34,"l1y":14},{"data":1000010,"lvl":10,"x":16,"y":38,"l1x":33,"l1y":14},{"data":1000000,"lvl":7,"x":31,"y":7,"units":[[4000005,12]],"storage_type":0,"l1x":34,"l1y":9},{"data":1000015,"lvl":0,"x":10,"y":10,"l1x":22,"l1y":24},{"data":1000015,"lvl":0,"x":9,"y":15,"l1x":11,"l1y":8},{"data":1000013,"lvl":7,"x":23,"y":32,"l1x":29,"l1y":10},{"data":1000007,"lvl":7,"x":4,"y":7,"l1x":33,"l1y":33},{"data":1000009,"lvl":12,"x":14,"y":32,"l1x":8,"l1y":25},{"data":1000002,"lvl":10,"x":5,"y":19,"res_time":153672,"l1x":37,"l1y":16},{"data":1000004,"lvl":10,"x":21,"y":5,"res_time":140717,"l1x":3,"l1y":26},{"data":1000010,"lvl":10,"x":16,"y":37,"l1x":32,"l1y":14},{"data":1000010,"lvl":10,"x":16,"y":36,"l1x":31,"l1y":14},{"data":1000010,"lvl":10,"x":13,"y":32,"l1x":30,"l1y":14},{"data":1000010,"lvl":10,"x":13,"y":33,"l1x":29,"l1y":14},{"data":1000010,"lvl":10,"x":13,"y":34,"l1x":29,"l1y":15},{"data":1000010,"lvl":10,"x":13,"y":35,"l1x":29,"l1y":13},{"data":1000010,"lvl":10,"x":14,"y":35,"l1x":25,"l1y":13},{"data":1000010,"lvl":10,"x":15,"y":35,"l1x":26,"l1y":13},{"data":1000010,"lvl":10,"x":16,"y":35,"l1x":27,"l1y":13},{"data":1000010,"lvl":10,"x":17,"y":35,"l1x":28,"l1y":13},{"data":1000010,"lvl":10,"x":18,"y":35,"l1x":28,"l1y":12},{"data":1000010,"lvl":10,"x":19,"y":35,"l1x":28,"l1y":8},{"data":1000010,"lvl":10,"x":20,"y":35,"l1x":28,"l1y":9},{"data":1000010,"lvl":10,"x":21,"y":35,"l1x":28,"l1y":10},{"data":1000010,"lvl":10,"x":22,"y":35,"l1x":28,"l1y":11},{"data":1000010,"lvl":10,"x":23,"y":35,"l1x":27,"l1y":11},{"data":1000010,"lvl":10,"x":24,"y":35,"l1x":26,"l1y":11},{"data":1000010,"lvl":10,"x":25,"y":35,"l1x":25,"l1y":11},{"data":1000010,"lvl":10,"x":31,"y":14,"l1x":28,"l1y":7},{"data":1000010,"lvl":10,"x":32,"y":14,"l1x":27,"l1y":7},{"data":1000010,"lvl":10,"x":33,"y":14,"l1x":26,"l1y":7},{"data":1000010,"lvl":10,"x":34,"y":14,"l1x":25,"l1y":7},{"data":1000010,"lvl":10,"x":34,"y":15,"l1x":23,"l1y":15},{"data":1000010,"lvl":10,"x":34,"y":16,"l1x":21,"l1y":15},{"data":1000010,"lvl":10,"x":34,"y":17,"l1x":15,"l1y":23},{"data":1000012,"lvl":7,"x":20,"y":16,"l1x":20,"l1y":26},{"data":1000010,"lvl":10,"x":34,"y":18,"l1x":15,"l1y":21},{"data":1000010,"lvl":10,"x":34,"y":19,"l1x":15,"l1y":22},{"data":1000010,"lvl":10,"x":34,"y":20,"l1x":11,"l1y":23},{"data":1000010,"lvl":10,"x":34,"y":21,"l1x":11,"l1y":22},{"data":1000010,"lvl":10,"x":34,"y":22,"l1x":11,"l1y":21},{"data":1000010,"lvl":10,"x":34,"y":23,"l1x":15,"l1y":24},{"data":1000010,"lvl":10,"x":34,"y":24,"l1x":14,"l1y":24},{"data":1000010,"lvl":10,"x":34,"y":25,"l1x":13,"l1y":24},{"data":1000010,"lvl":10,"x":34,"y":26,"l1x":12,"l1y":24},{"data":1000010,"lvl":10,"x":34,"y":27,"l1x":11,"l1y":24},{"data":1000010,"lvl":10,"x":33,"y":27,"l1x":10,"l1y":24},{"data":1000010,"lvl":10,"x":32,"y":27,"l1x":9,"l1y":24},{"data":1000010,"lvl":10,"x":31,"y":27,"l1x":8,"l1y":24},{"data":1000010,"lvl":10,"x":34,"y":28,"l1x":7,"l1y":24},{"data":1000010,"lvl":10,"x":34,"y":29,"l1x":6,"l1y":24},{"data":1000010,"lvl":10,"x":34,"y":30,"l1x":5,"l1y":24},{"data":1000010,"lvl":10,"x":34,"y":31,"l1x":4,"l1y":24},{"data":1000010,"lvl":10,"x":34,"y":32,"l1x":4,"l1y":23},{"data":1000010,"lvl":10,"x":34,"y":33,"l1x":4,"l1y":22},{"data":1000010,"lvl":10,"x":34,"y":34,"l1x":4,"l1y":21},{"data":1000010,"lvl":10,"x":34,"y":35,"l1x":4,"l1y":20},{"data":1000010,"lvl":10,"x":33,"y":35,"l1x":5,"l1y":20},{"data":1000010,"lvl":10,"x":32,"y":35,"l1x":22,"l1y":15},{"data":1000010,"lvl":10,"x":31,"y":35,"l1x":24,"l1y":15},{"data":1000010,"lvl":10,"x":30,"y":35,"l1x":24,"l1y":14},{"data":1000008,"lvl":11,"x":17,"y":13,"l1x":15,"l1y":33},{"data":1000009,"lvl":12,"x":31,"y":15,"l1x":30,"l1y":24},{"data":1000010,"lvl":10,"x":29,"y":35,"l1x":24,"l1y":13},{"data":1000010,"lvl":10,"x":28,"y":35,"l1x":24,"l1y":12},{"data":1000010,"lvl":10,"x":27,"y":35,"l1x":24,"l1y":11},{"data":1000010,"lvl":10,"x":26,"y":35,"l1x":24,"l1y":10},{"data":1000010,"lvl":10,"x":26,"y":34,"l1x":29,"l1y":28},{"data":1000010,"lvl":10,"x":26,"y":33,"l1x":29,"l1y":29},{"data":1000010,"lvl":10,"x":26,"y":32,"l1x":28,"l1y":29},{"data":1000010,"lvl":10,"x":4,"y":33,"l1x":27,"l1y":29},{"data":1000010,"lvl":10,"x":4,"y":32,"l1x":26,"l1y":29},{"data":1000010,"lvl":10,"x":4,"y":31,"l1x":25,"l1y":29},{"data":1000010,"lvl":10,"x":4,"y":30,"l1x":24,"l1y":29},{"data":1000010,"lvl":10,"x":4,"y":29,"l1x":23,"l1y":29},{"data":1000010,"lvl":10,"x":4,"y":28,"l1x":22,"l1y":29},{"data":1000010,"lvl":10,"x":4,"y":27,"l1x":21,"l1y":29},{"data":1000010,"lvl":10,"x":4,"y":26,"l1x":20,"l1y":29},{"data":1000010,"lvl":10,"x":4,"y":25,"l1x":19,"l1y":29},{"data":1000010,"lvl":10,"x":4,"y":24,"l1x":18,"l1y":29},{"data":1000010,"lvl":10,"x":4,"y":23,"l1x":17,"l1y":29},{"data":1000010,"lvl":10,"x":4,"y":34,"l1x":13,"l1y":29},{"data":1000010,"lvl":10,"x":29,"y":9,"l1x":16,"l1y":28},{"data":1000010,"lvl":10,"x":28,"y":9,"l1x":16,"l1y":27},{"data":1000010,"lvl":10,"x":9,"y":9,"l1x":16,"l1y":26},{"data":1000010,"lvl":10,"x":9,"y":10,"l1x":16,"l1y":25},{"data":1000010,"lvl":10,"x":9,"y":11,"l1x":16,"l1y":24},{"data":1000010,"lvl":10,"x":27,"y":9,"l1x":16,"l1y":22},{"data":1000000,"lvl":7,"x":11,"y":36,"units":[[4000010,15],[4000017,1]],"storage_type":0,"l1x":9,"l1y":34},{"data":1000006,"lvl":9,"x":35,"y":28,"unit_prod":{"unit_type":0},"l1x":21,"l1y":5},{"data":1000013,"lvl":7,"x":31,"y":24,"l1x":10,"l1y":29},{"data":1000004,"lvl":10,"x":16,"y":5,"res_time":86468,"l1x":2,"l1y":12},{"data":1000011,"lvl":7,"x":20,"y":32,"l1x":30,"l1y":18},{"data":1000010,"lvl":10,"x":9,"y":8,"l1x":16,"l1y":23},{"data":1000010,"lvl":10,"x":10,"y":8,"l1x":16,"l1y":21},{"data":1000010,"lvl":10,"x":11,"y":8,"l1x":29,"l1y":27},{"data":1000010,"lvl":10,"x":12,"y":8,"l1x":29,"l1y":26},{"data":1000010,"lvl":10,"x":13,"y":8,"l1x":29,"l1y":25},{"data":1000010,"lvl":10,"x":14,"y":8,"l1x":29,"l1y":24},{"data":1000010,"lvl":10,"x":15,"y":8,"l1x":29,"l1y":23},{"data":1000010,"lvl":10,"x":16,"y":8,"l1x":29,"l1y":22},{"data":1000010,"lvl":10,"x":17,"y":8,"l1x":29,"l1y":21},{"data":1000010,"lvl":10,"x":18,"y":8,"l1x":29,"l1y":20},{"data":1000010,"lvl":10,"x":19,"y":8,"l1x":29,"l1y":19},{"data":1000010,"lvl":10,"x":20,"y":8,"l1x":29,"l1y":17},{"data":1000010,"lvl":10,"x":21,"y":8,"l1x":29,"l1y":18},{"data":1000010,"lvl":10,"x":22,"y":8,"l1x":29,"l1y":16},{"data":1000010,"lvl":10,"x":23,"y":8,"l1x":28,"l1y":16},{"data":1000010,"lvl":10,"x":24,"y":8,"l1x":27,"l1y":16},{"data":1000010,"lvl":10,"x":25,"y":8,"l1x":26,"l1y":16},{"data":1000010,"lvl":10,"x":9,"y":12,"l1x":25,"l1y":16},{"data":1000010,"lvl":10,"x":26,"y":8,"l1x":24,"l1y":16},{"data":1000010,"lvl":10,"x":26,"y":9,"l1x":23,"l1y":16},{"data":1000010,"lvl":10,"x":26,"y":10,"l1x":22,"l1y":16},{"data":1000010,"lvl":10,"x":26,"y":11,"l1x":21,"l1y":16},{"data":1000010,"lvl":10,"x":26,"y":12,"l1x":24,"l1y":9},{"data":1000010,"lvl":10,"x":26,"y":13,"l1x":24,"l1y":8},{"data":1000010,"lvl":10,"x":26,"y":14,"l1x":23,"l1y":8},{"data":1000009,"lvl":12,"x":27,"y":13,"l1x":11,"l1y":17},{"data":1000008,"lvl":11,"x":23,"y":9,"l1x":30,"l1y":27},{"data":1000002,"lvl":10,"x":5,"y":16,"res_time":153672,"l1x":26,"l1y":37},{"data":1000011,"lvl":7,"x":31,"y":21,"l1x":18,"l1y":30},{"data":1000013,"lvl":7,"x":14,"y":15,"l1x":30,"l1y":30},{"data":1000010,"lvl":10,"x":26,"y":15,"l1x":22,"l1y":8},{"data":1000010,"lvl":10,"x":26,"y":16,"l1x":21,"l1y":8},{"data":1000010,"lvl":10,"x":26,"y":17,"l1x":19,"l1y":15},{"data":1000010,"lvl":10,"x":26,"y":18,"l1x":16,"l1y":15},{"data":1000010,"lvl":10,"x":8,"y":12,"l1x":18,"l1y":15},{"data":1000010,"lvl":10,"x":8,"y":13,"l1x":17,"l1y":15},{"data":1000010,"lvl":10,"x":8,"y":14,"l1x":15,"l1y":16},{"data":1000010,"lvl":10,"x":8,"y":15,"l1x":15,"l1y":17},{"data":1000010,"lvl":10,"x":8,"y":16,"l1x":15,"l1y":18},{"data":1000010,"lvl":10,"x":8,"y":17,"l1x":15,"l1y":19},{"data":1000010,"lvl":10,"x":8,"y":18,"l1x":16,"l1y":19},{"data":1000010,"lvl":10,"x":8,"y":19,"l1x":16,"l1y":18},{"data":1000010,"lvl":10,"x":8,"y":20,"l1x":16,"l1y":17},{"data":1000010,"lvl":10,"x":8,"y":21,"l1x":16,"l1y":16},{"data":1000010,"lvl":10,"x":8,"y":22,"l1x":17,"l1y":16},{"data":1000010,"lvl":10,"x":8,"y":23,"l1x":18,"l1y":16},{"data":1000010,"lvl":10,"x":8,"y":24,"l1x":19,"l1y":16},{"data":1000010,"lvl":10,"x":8,"y":25,"l1x":20,"l1y":16},{"data":1000010,"lvl":10,"x":8,"y":26,"l1x":20,"l1y":15},{"data":1000010,"lvl":10,"x":19,"y":27,"l1x":16,"l1y":20},{"data":1000010,"lvl":10,"x":18,"y":27,"l1x":15,"l1y":20},{"data":1000010,"lvl":10,"x":17,"y":27,"l1x":14,"l1y":18},{"data":1000010,"lvl":10,"x":16,"y":27,"l1x":14,"l1y":17},{"data":1000010,"lvl":10,"x":15,"y":27,"l1x":14,"l1y":19},{"data":1000010,"lvl":10,"x":14,"y":27,"l1x":14,"l1y":20},{"data":1000010,"lvl":10,"x":13,"y":27,"l1x":13,"l1y":20},{"data":1000010,"lvl":10,"x":12,"y":27,"l1x":12,"l1y":20},{"data":1000010,"lvl":10,"x":11,"y":27,"l1x":11,"l1y":20},{"data":1000010,"lvl":10,"x":10,"y":27,"l1x":17,"l1y":14},{"data":1000010,"lvl":10,"x":9,"y":27,"l1x":18,"l1y":14},{"data":1000010,"lvl":10,"x":8,"y":27,"l1x":19,"l1y":14},{"data":1000010,"lvl":10,"x":8,"y":28,"l1x":20,"l1y":14},{"data":1000010,"lvl":10,"x":8,"y":29,"l1x":20,"l1y":13},{"data":1000010,"lvl":10,"x":8,"y":30,"l1x":20,"l1y":11},{"data":1000010,"lvl":10,"x":41,"y":16,"l1x":20,"l1y":12},{"data":1000010,"lvl":10,"x":41,"y":17,"l1x":24,"l1y":7},{"data":1000010,"lvl":10,"x":41,"y":18,"l1x":24,"l1y":6},{"data":1000010,"lvl":10,"x":41,"y":19,"l1x":24,"l1y":5},{"data":1000010,"lvl":10,"x":41,"y":20,"l1x":24,"l1y":4},{"data":1000010,"lvl":10,"x":41,"y":21,"l1x":23,"l1y":4},{"data":1000010,"lvl":10,"x":41,"y":22,"l1x":22,"l1y":4},{"data":1000010,"lvl":10,"x":41,"y":23,"l1x":21,"l1y":4},{"data":1000010,"lvl":10,"x":41,"y":24,"l1x":20,"l1y":4},{"data":1000010,"lvl":10,"x":41,"y":25,"l1x":20,"l1y":5},{"data":1000010,"lvl":10,"x":41,"y":26,"l1x":20,"l1y":7},{"data":1000010,"lvl":10,"x":41,"y":27,"l1x":20,"l1y":8},{"data":1000010,"lvl":10,"x":41,"y":29,"l1x":20,"l1y":9},{"data":1000010,"lvl":10,"x":41,"y":30,"l1x":20,"l1y":10},{"data":1000010,"lvl":10,"x":41,"y":31,"l1x":19,"l1y":10},{"data":1000010,"lvl":10,"x":41,"y":32,"l1x":18,"l1y":10},{"data":1000009,"lvl":12,"x":14,"y":11,"l1x":21,"l1y":9},{"data":1000004,"lvl":10,"x":13,"y":5,"res_time":98482,"l1x":7,"l1y":5},{"data":1000002,"lvl":10,"x":5,"y":12,"res_time":153671,"l1x":21,"l1y":37},{"data":1000019,"lvl":7,"x":25,"y":20,"l1x":27,"l1y":27},{"data":1000008,"lvl":11,"x":13,"y":18,"l1x":30,"l1y":21},{"data":1000011,"lvl":7,"x":20,"y":9,"l1x":17,"l1y":23},{"data":1000012,"lvl":7,"x":14,"y":21,"l1x":26,"l1y":20},{"data":1000000,"lvl":7,"x":6,"y":33,"units":[[4000004,5],[4000010,25]],"storage_type":0,"l1x":4,"l1y":32},{"data":1000006,"lvl":9,"x":35,"y":31,"unit_prod":{"unit_type":0},"l1x":7,"l1y":17},{"data":1000020,"lvl":4,"x":31,"y":32,"units":[[26000002,4],[26000005,1]],"storage_type":1,"unit_prod":{"unit_type":1},"l1x":17,"l1y":11},{"data":1000019,"lvl":7,"x":28,"y":19,"l1x":10,"l1y":14},{"data":1000005,"lvl":10,"x":27,"y":10,"l1x":33,"l1y":26},{"data":1000003,"lvl":10,"x":10,"y":18,"l1x":33,"l1y":21},{"data":1000024,"lvl":5,"x":15,"y":24,"l1x":12,"l1y":12},{"data":1000023,"lvl":5,"x":17,"y":32,"res_time":56026,"l1x":30,"l1y":35},{"data":1000019,"lvl":7,"x":18,"y":25,"l1x":27,"l1y":23},{"data":1000010,"lvl":10,"x":41,"y":33,"l1x":17,"l1y":10},{"data":1000010,"lvl":10,"x":41,"y":34,"l1x":16,"l1y":10},{"data":1000010,"lvl":10,"x":41,"y":35,"l1x":16,"l1y":11},{"data":1000010,"lvl":10,"x":27,"y":30,"l1x":16,"l1y":12},{"data":1000010,"lvl":10,"x":27,"y":29,"l1x":16,"l1y":13},{"data":1000010,"lvl":10,"x":28,"y":29,"l1x":16,"l1y":14},{"data":1000010,"lvl":10,"x":28,"y":28,"l1x":15,"l1y":14},{"data":1000010,"lvl":10,"x":29,"y":28,"l1x":15,"l1y":15},{"data":1000010,"lvl":10,"x":4,"y":15,"l1x":14,"l1y":15},{"data":1000010,"lvl":10,"x":4,"y":16,"l1x":14,"l1y":16},{"data":1000010,"lvl":10,"x":4,"y":17,"l1x":13,"l1y":16},{"data":1000010,"lvl":10,"x":4,"y":18,"l1x":12,"l1y":16},{"data":1000010,"lvl":10,"x":4,"y":19,"l1x":11,"l1y":16},{"data":1000010,"lvl":10,"x":4,"y":20,"l1x":10,"l1y":16},{"data":1000010,"lvl":10,"x":4,"y":21,"l1x":10,"l1y":17},{"data":1000010,"lvl":10,"x":4,"y":22,"l1x":10,"l1y":18},{"data":1000010,"lvl":10,"x":29,"y":21,"l1x":10,"l1y":19},{"data":1000010,"lvl":10,"x":28,"y":21,"l1x":10,"l1y":20},{"data":1000010,"lvl":10,"x":27,"y":21,"l1x":9,"l1y":20},{"data":1000010,"lvl":10,"x":27,"y":20,"l1x":8,"l1y":20},{"data":1000010,"lvl":10,"x":27,"y":19,"l1x":7,"l1y":20},{"data":1000010,"lvl":10,"x":26,"y":19,"l1x":20,"l1y":6},{"data":1000010,"lvl":10,"x":25,"y":19,"l1x":19,"l1y":6},{"data":1000010,"lvl":10,"x":41,"y":28,"l1x":18,"l1y":6},{"data":1000010,"lvl":10,"x":20,"y":30,"l1x":17,"l1y":6},{"data":1000009,"lvl":12,"x":10,"y":12,"l1x":14,"l1y":7},{"data":1000012,"lvl":7,"x":27,"y":23,"l1x":12,"l1y":21},{"data":1000019,"lvl":7,"x":18,"y":29,"l1x":23,"l1y":27},{"data":1000021,"lvl":3,"x":27,"y":16,"attack_mode":false,"attack_mode_war":true,"attack_mode_draft":false,"attack_mode_draft_war":true,"ammo":1164,"l1x":24,"l1y":24},{"data":1000021,"lvl":3,"x":15,"y":28,"attack_mode":false,"attack_mode_war":false,"attack_mode_draft":false,"attack_mode_draft_war":false,"ammo":1015,"l1x":17,"l1y":26},{"data":1000003,"lvl":10,"x":12,"y":24,"l1x":30,"l1y":15},{"data":1000023,"lvl":5,"x":31,"y":18,"res_time":40568,"l1x":35,"l1y":30},{"data":1000022,"lvl":0,"x":23,"y":2,"l1x":20,"l1y":17},{"data":1000025,"lvl":0,"x":37,"y":9,"l1x":17,"l1y":20},{"data":1000005,"lvl":10,"x":9,"y":28,"l1x":33,"l1y":18},{"data":1000026,"lvl":5,"x":31,"y":36,"unit_prod":{"unit_type":0},"l1x":2,"l1y":16},{"data":1000010,"lvl":10,"x":20,"y":29,"l1x":16,"l1y":6},{"data":1000010,"lvl":10,"x":20,"y":28,"l1x":15,"l1y":6},{"data":1000010,"lvl":10,"x":20,"y":27,"l1x":14,"l1y":6},{"data":1000010,"lvl":10,"x":20,"y":26,"l1x":13,"l1y":6},{"data":1000010,"lvl":10,"x":20,"y":25,"l1x":6,"l1y":20},{"data":1000010,"lvl":10,"x":21,"y":24,"l1x":6,"l1y":19},{"data":1000010,"lvl":10,"x":22,"y":24,"l1x":6,"l1y":18},{"data":1000010,"lvl":10,"x":23,"y":24,"l1x":6,"l1y":17},{"data":1000010,"lvl":10,"x":24,"y":24,"l1x":6,"l1y":16},{"data":1000010,"lvl":10,"x":24,"y":23,"l1x":6,"l1y":15},{"data":1000010,"lvl":10,"x":24,"y":22,"l1x":6,"l1y":14},{"data":1000010,"lvl":10,"x":24,"y":21,"l1x":6,"l1y":13},{"data":1000010,"lvl":10,"x":24,"y":20,"l1x":13,"l1y":7},{"data":1000010,"lvl":10,"x":24,"y":19,"l1x":12,"l1y":7},{"data":1000010,"lvl":10,"x":23,"y":19,"l1x":11,"l1y":7},{"data":1000010,"lvl":10,"x":22,"y":19,"l1x":7,"l1y":10},{"data":1000010,"lvl":10,"x":21,"y":19,"l1x":8,"l1y":10},{"data":1000010,"lvl":10,"x":20,"y":19,"l1x":9,"l1y":10},{"data":1000010,"lvl":10,"x":19,"y":19,"l1x":10,"l1y":8},{"data":1000010,"lvl":10,"x":19,"y":20,"l1x":7,"l1y":13},{"data":1000010,"lvl":10,"x":19,"y":21,"l1x":10,"l1y":10},{"data":1000010,"lvl":10,"x":19,"y":22,"l1x":7,"l1y":12},{"data":1000010,"lvl":10,"x":19,"y":23,"l1x":7,"l1y":11},{"data":1000010,"lvl":10,"x":19,"y":24,"l1x":10,"l1y":7},{"data":1000010,"lvl":10,"x":20,"y":24,"l1x":10,"l1y":9},{"data":1000011,"lvl":7,"x":9,"y":21,"l1x":23,"l1y":17},{"data":1000012,"lvl":7,"x":22,"y":28,"l1x":21,"l1y":12},{"data":1000009,"lvl":12,"x":12,"y":28,"l1x":7,"l1y":14},{"data":1000008,"lvl":11,"x":9,"y":24,"l1x":33,"l1y":15},{"data":1000027,"lvl":2,"x":39,"y":7,"attack_mode":true,"attack_mode_war":false,"attack_mode_draft":true,"attack_mode_draft_war":false,"ammo":601,"l1x":20,"l1y":24},{"data":1000023,"lvl":5,"x":11,"y":15,"res_time":0,"l1x":17,"l1y":7},{"data":1000015,"lvl":0,"x":26,"y":26,"l1x":8,"l1y":11},{"data":1000026,"lvl":5,"x":28,"y":36,"unit_prod":{"unit_type":0},"l1x":8,"l1y":21},{"data":1000027,"lvl":2,"x":39,"y":5,"attack_mode":false,"attack_mode_war":true,"attack_mode_draft":false,"attack_mode_draft_war":true,"ammo":750,"l1x":24,"l1y":20},{"data":1000021,"lvl":3,"x":21,"y":25,"attack_mode":false,"attack_mode_war":false,"attack_mode_draft":false,"attack_mode_draft_war":false,"ammo":1163,"l1x":26,"l1y":17},{"data":1000004,"lvl":10,"x":10,"y":5,"res_time":86468,"l1x":4,"l1y":7},{"data":1000002,"lvl":10,"x":23,"y":36,"res_time":178426,"l1x":16,"l1y":37}],"obstacles":[{"data":8000000,"x":0,"y":1,"l1x":-1,"l1y":-1,"loot_multiply_ver":2},{"data":8000000,"x":18,"y":0,"l1x":-1,"l1y":-1,"loot_multiply_ver":2},{"data":8000000,"x":5,"y":0,"l1x":-1,"l1y":-1,"loot_multiply_ver":2},{"data":8000000,"x":0,"y":28,"l1x":-1,"l1y":-1,"loot_multiply_ver":2},{"data":8000000,"x":42,"y":18,"l1x":-1,"l1y":-1,"loot_multiply_ver":2},{"data":8000000,"x":42,"y":38,"l1x":-1,"l1y":-1,"loot_multiply_ver":2},{"data":8000000,"x":24,"y":42,"l1x":-1,"l1y":-1,"loot_multiply_ver":2},{"data":8000006,"x":0,"y":18,"l1x":-1,"l1y":-1,"loot_multiply_ver":2},{"data":8000006,"x":0,"y":21,"l1x":-1,"l1y":-1,"loot_multiply_ver":2},{"data":8000000,"x":41,"y":41,"l1x":-1,"l1y":-1,"loot_multiply_ver":2},{"data":8000000,"x":8,"y":42,"l1x":-1,"l1y":-1,"loot_multiply_ver":2},{"data":8000000,"x":4,"y":42,"l1x":-1,"l1y":-1,"loot_multiply_ver":2},{"data":8000000,"x":0,"y":12,"l1x":-1,"l1y":-1,"loot_multiply_ver":2},{"data":8000006,"x":42,"y":7,"l1x":-1,"l1y":-1,"loot_multiply_ver":2},{"data":8000000,"x":42,"y":21,"l1x":-1,"l1y":-1,"loot_multiply_ver":2},{"data":8000007,"x":42,"y":14,"l1x":-1,"l1y":-1,"loot_multiply_ver":2},{"data":8000006,"x":42,"y":30,"l1x":-1,"l1y":-1,"loot_multiply_ver":2},{"data":8000004,"x":8,"y":38,"l1x":-1,"l1y":-1,"loot_multiply_ver":2},{"data":8000007,"x":20,"y":42,"l1x":-1,"l1y":-1,"loot_multiply_ver":2},{"data":8000000,"x":42,"y":25,"l1x":-1,"l1y":-1,"loot_multiply_ver":2},{"data":8000004,"x":41,"y":11,"l1x":-1,"l1y":-1,"loot_multiply_ver":2},{"data":8000010,"x":42,"y":34,"l1x":-1,"l1y":-1,"loot_multiply_ver":2},{"data":8000010,"x":32,"y":0,"l1x":-1,"l1y":-1,"loot_multiply_ver":2},{"data":8000007,"x":1,"y":25,"l1x":-1,"l1y":-1,"loot_multiply_ver":2}],"traps":[{"data":12000006,"lvl":2,"x":18,"y":24,"l1x":27,"l1y":15},{"data":12000006,"lvl":2,"x":27,"y":22,"l1x":12,"l1y":15},{"data":12000006,"lvl":2,"x":18,"y":21,"l1x":15,"l1y":12},{"data":12000001,"lvl":0,"x":9,"y":7,"l1x":9,"l1y":8},{"data":12000005,"lvl":3,"x":17,"y":21,"l1x":28,"l1y":14},{"data":12000002,"lvl":3,"needs_repair":true,"x":20,"y":13,"l1x":29,"l1y":33},{"data":12000002,"lvl":3,"needs_repair":true,"x":12,"y":22,"l1x":33,"l1y":29},{"data":12000000,"lvl":5,"needs_repair":true,"x":20,"y":5,"l1x":33,"l1y":12},{"data":12000006,"lvl":2,"x":20,"y":15,"l1x":14,"l1y":28},{"data":12000006,"lvl":2,"x":28,"y":31,"l1x":24,"l1y":33},{"data":12000005,"lvl":3,"x":25,"y":15,"l1x":15,"l1y":28},{"data":12000001,"lvl":0,"x":20,"y":7,"l1x":31,"l1y":9},{"data":12000001,"lvl":0,"x":19,"y":7,"l1x":28,"l1y":15},{"data":12000001,"lvl":0,"x":11,"y":33,"l1x":15,"l1y":26},{"data":12000001,"lvl":0,"needs_repair":true,"x":39,"y":27,"l1x":8,"l1y":29},{"data":12000001,"lvl":0,"x":35,"y":27,"l1x":11,"l1y":32},{"data":12000002,"lvl":3,"x":18,"y":16,"l1x":10,"l1y":12},{"data":12000002,"lvl":3,"x":12,"y":9,"l1x":27,"l1y":25},{"data":12000002,"lvl":3,"needs_repair":true,"x":26,"y":36,"l1x":25,"l1y":27},{"data":12000005,"lvl":3,"x":29,"y":29,"l1x":13,"l1y":11},{"data":12000005,"lvl":3,"x":25,"y":24,"l1x":12,"l1y":26},{"data":12000005,"lvl":3,"x":21,"y":28,"l1x":26,"l1y":12},{"data":12000000,"lvl":5,"x":19,"y":5,"l1x":24,"l1y":35},{"data":12000000,"lvl":5,"x":33,"y":31,"l1x":33,"l1y":25},{"data":12000000,"lvl":5,"x":31,"y":31,"l1x":25,"l1y":34},{"data":12000000,"lvl":5,"x":30,"y":32,"l1x":33,"l1y":24},{"data":12000000,"lvl":5,"x":30,"y":34,"l1x":34,"l1y":25}],"decos":[{"data":18000001,"x":37,"y":40,"l1x":36,"l1y":40},{"data":18000001,"x":35,"y":40,"l1x":40,"l1y":36},{"data":18000001,"x":39,"y":36,"l1x":38,"l1y":40},{"data":18000001,"x":39,"y":38,"l1x":40,"l1y":38},{"data":18000013,"x":24,"y":40,"l1x":40,"l1y":40},{"data":18000005,"x":27,"y":40,"l1x":39,"l1y":12},{"data":18000008,"x":2,"y":40,"l1x":38,"l1y":4},{"data":18000005,"x":29,"y":40,"l1x":37,"l1y":14},{"data":18000005,"x":39,"y":28,"l1x":4,"l1y":2},{"data":18000005,"x":39,"y":30,"l1x":2,"l1y":4},{"data":18000006,"x":31,"y":40,"l1x":40,"l1y":5},{"data":18000006,"x":33,"y":40,"l1x":10,"l1y":2},{"data":18000006,"x":39,"y":32,"l1x":36,"l1y":38},{"data":18000006,"x":39,"y":34,"l1x":38,"l1y":36},{"data":18000009,"x":40,"y":2,"l1x":2,"l1y":19},{"data":18000015,"x":22,"y":40,"l1x":2,"l1y":6},{"data":18000016,"x":14,"y":2,"l1x":40,"l1y":10},{"data":18000022,"x":39,"y":25,"l1x":39,"l1y":7},{"data":18000018,"x":18,"y":40,"l1x":33,"l1y":40},{"data":18000030,"x":6,"y":2,"l1x":29,"l1y":2},{"data":18000014,"x":2,"y":14,"l1x":22,"l1y":2},{"data":18000020,"x":2,"y":12,"l1x":20,"l1y":2},{"data":18000029,"x":2,"y":4,"l1x":2,"l1y":21},{"data":18000017,"x":20,"y":40,"l1x":11,"l1y":5},{"data":18000003,"x":2,"y":18,"l1x":2,"l1y":23},{"data":18000010,"x":2,"y":20,"l1x":38,"l1y":38},{"data":18000004,"x":18,"y":2,"l1x":40,"l1y":33},{"data":18000035,"x":10,"y":2,"l1x":8,"l1y":40},{"data":18000036,"x":8,"y":2,"l1x":3,"l1y":29},{"data":18000011,"x":16,"y":2,"l1x":2,"l1y":10},{"data":18000012,"x":2,"y":16,"l1x":23,"l1y":40},{"data":18000025,"x":39,"y":19,"l1x":20,"l1y":40},{"data":18000019,"x":16,"y":40,"l1x":11,"l1y":40},{"data":18000027,"x":2,"y":2,"l1x":14,"l1y":40},{"data":18000026,"x":39,"y":17,"l1x":28,"l1y":40},{"data":18000034,"x":2,"y":6,"l1x":40,"l1y":27},{"data":18000031,"x":4,"y":2,"l1x":40,"l1y":31},{"data":18000023,"x":39,"y":23,"l1x":17,"l1y":40},{"data":18000032,"x":2,"y":8,"l1x":40,"l1y":24},{"data":18000021,"x":12,"y":2,"l1x":6,"l1y":2},{"data":18000024,"x":39,"y":21,"l1x":40,"l1y":21},{"data":18000028,"x":2,"y":10,"l1x":2,"l1y":2},{"data":18000007,"x":20,"y":2,"l1x":4,"l1y":4},{"data":18000033,"x":4,"y":4,"l1x":2,"l1y":8},{"data":18000000,"x":39,"y":40,"l1x":8,"l1y":2}],"respawnVars":{"secondsFromLastRespawn":22466,"respawnSeed":-149127164,"obstacleClearCounter":7,"time_to_gembox_drop":265181,"time_in_gembox_period":295200},"cooldowns":[{"cooldown":379088,"target":20000001},{"cooldown":6212994,"target":20000000}],"newShopBuildings":[4,0,7,4,7,4,4,1,6,7,250,4,4,3,1,5,0,0,0,4,1,3,1,3,1,1,2,2],"newShopTraps":[6,6,5,0,0,5,5,0],"newShopDecos":[1,4,0,1,1,4,4,1,1,1,1,1,1,1,1,1,1,1,1,1,1,1,1,1,1,1,1,1,1,1,1,1,1,1,1,1,1],"last_league_rank":16,"last_league_shuffle":1,"last_news_seen":81,"edit_mode_shown":true,"troop_req_msg":"lava n loon","war_req_msg":"1 Strega e Maghi .... Grazie! ","war_tutorials_seen":0,"war_base":true}