{"buildings":[{"data":1000001,"lvl":9,"x":20,"y":20,"l1x":19,"l1y":19},{"data":1000004,"lvl":10,"boost_t":63587,"x":25,"y":39,"res_time":179109,"l1x":4,"l1y":13},{"data":1000000,"lvl":7,"x":27,"y":3,"units":[[4000005,11]],"storage_type":0,"l1x":36,"l1y":29},{"data":1000015,"lvl":0,"x":36,"y":13,"l1x":30,"l1y":24},{"data":1000014,"lvl":5,"x":25,"y":25,"unit_req_time":710,"clan_mail_time":12789,"share_replay_time":276,"l1x":24,"l1y":24},{"data":1000008,"lvl":11,"x":29,"y":32,"l1x":33,"l1y":23},{"data":1000015,"lvl":0,"x":34,"y":4,"l1x":24,"l1y":30},{"data":1000002,"lvl":10,"boost_t":63579,"x":22,"y":5,"res_time":179980,"l1x":16,"l1y":4},{"data":1000003,"lvl":10,"x":35,"y":26,"l1x":12,"l1y":25},{"data":1000005,"lvl":10,"x":17,"y":9,"l1x":33,"l1y":19},{"data":1000006,"lvl":9,"x":35,"y":30,"unit_prod":{"unit_type":0},"l1x":24,"l1y":4},{"data":1000002,"lvl":10,"boost_t":63577,"x":5,"y":22,"res_time":149313,"l1x":4,"l1y":18},{"data":1000006,"lvl":9,"x":30,"y":35,"unit_prod":{"unit_type":0,"t":430,"slots":[{"id":4000005,"cnt":3}]},"l1x":28,"l1y":4},{"data":1000004,"lvl":10,"boost_t":63589,"x":39,"y":34,"res_time":159253,"l1x":8,"l1y":4},{"data":1000008,"lvl":11,"x":32,"y":29,"l1x":26,"l1y":21},{"data":1000009,"lvl":12,"x":35,"y":35,"l1x":33,"l1y":16},{"data":1000002,"lvl":10,"boost_t":63585,"x":39,"y":29,"res_time":177103,"l1x":12,"l1y":4},{"data":1000003,"lvl":10,"x":26,"y":35,"l1x":8,"l1y":23},{"data":1000004,"lvl":10,"boost_t":63658,"x":17,"y":5,"res_time":179979,"l1x":4,"l1y":8},{"data":1000000,"lvl":7,"x":10,"y":3,"units":[],"storage_type":0,"l1x":29,"l1y":36},{"data":1000005,"lvl":10,"x":21,"y":12,"l1x":19,"l1y":33},{"data":1000015,"lvl":0,"x":30,"y":40,"l1x":12,"l1y":29},{"data":1000010,"lvl":10,"x":38,"y":20,"l1x":18,"l1y":25},{"data":1000010,"lvl":10,"x":38,"y":19,"l1x":30,"l1y":14},{"data":1000010,"lvl":10,"x":38,"y":18,"l1x":34,"l1y":15},{"data":1000010,"lvl":10,"x":38,"y":17,"l1x":33,"l1y":15},{"data":1000010,"lvl":10,"x":38,"y":16,"l1x":40,"l1y":22},{"data":1000010,"lvl":10,"x":37,"y":16,"l1x":40,"l1y":23},{"data":1000010,"lvl":10,"x":36,"y":16,"l1x":40,"l1y":24},{"data":1000010,"lvl":10,"x":38,"y":26,"l1x":40,"l1y":25},{"data":1000010,"lvl":10,"x":38,"y":27,"l1x":40,"l1y":26},{"data":1000010,"lvl":10,"x":38,"y":28,"l1x":17,"l1y":25},{"data":1000010,"lvl":10,"x":38,"y":29,"l1x":38,"l1y":27},{"data":1000010,"lvl":10,"x":38,"y":30,"l1x":37,"l1y":27},{"data":1000010,"lvl":9,"x":38,"y":25,"l1x":16,"l1y":25},{"data":1000010,"lvl":10,"x":38,"y":31,"l1x":15,"l1y":25},{"data":1000010,"lvl":10,"x":38,"y":32,"l1x":36,"l1y":27},{"data":1000010,"lvl":10,"x":38,"y":33,"l1x":35,"l1y":27},{"data":1000010,"lvl":10,"x":38,"y":34,"l1x":34,"l1y":27},{"data":1000010,"lvl":10,"x":38,"y":35,"l1x":33,"l1y":27},{"data":1000010,"lvl":10,"x":38,"y":36,"l1x":40,"l1y":27},{"data":1000010,"lvl":10,"x":38,"y":37,"l1x":28,"l1y":32},{"data":1000010,"lvl":10,"x":38,"y":38,"l1x":40,"l1y":21},{"data":1000010,"lvl":10,"x":38,"y":21,"l1x":15,"l1y":24},{"data":1000010,"lvl":10,"x":38,"y":22,"l1x":15,"l1y":23},{"data":1000010,"lvl":10,"x":37,"y":38,"l1x":40,"l1y":20},{"data":1000015,"lvl":0,"x":39,"y":20,"l1x":9,"l1y":26},{"data":1000010,"lvl":10,"x":36,"y":38,"l1x":40,"l1y":19},{"data":1000010,"lvl":10,"x":35,"y":38,"l1x":40,"l1y":18},{"data":1000010,"lvl":10,"x":34,"y":38,"l1x":40,"l1y":17},{"data":1000010,"lvl":10,"x":33,"y":38,"l1x":35,"l1y":15},{"data":1000010,"lvl":10,"x":32,"y":38,"l1x":40,"l1y":16},{"data":1000010,"lvl":10,"x":31,"y":38,"l1x":40,"l1y":15},{"data":1000010,"lvl":10,"x":38,"y":23,"l1x":36,"l1y":36},{"data":1000010,"lvl":10,"x":30,"y":38,"l1x":23,"l1y":25},{"data":1000010,"lvl":10,"x":29,"y":38,"l1x":24,"l1y":23},{"data":1000010,"lvl":10,"x":28,"y":38,"l1x":23,"l1y":24},{"data":1000010,"lvl":10,"x":27,"y":38,"l1x":15,"l1y":39},{"data":1000010,"lvl":10,"x":26,"y":38,"l1x":25,"l1y":23},{"data":1000010,"lvl":10,"x":25,"y":38,"l1x":21,"l1y":25},{"data":1000010,"lvl":10,"x":24,"y":38,"l1x":20,"l1y":25},{"data":1000010,"lvl":10,"x":23,"y":38,"l1x":19,"l1y":25},{"data":1000010,"lvl":10,"x":22,"y":38,"l1x":27,"l1y":33},{"data":1000010,"lvl":10,"x":21,"y":38,"l1x":27,"l1y":34},{"data":1000010,"lvl":10,"x":20,"y":38,"l1x":27,"l1y":35},{"data":1000010,"lvl":10,"x":19,"y":38,"l1x":22,"l1y":25},{"data":1000010,"lvl":10,"x":18,"y":38,"l1x":25,"l1y":22},{"data":1000010,"lvl":10,"x":17,"y":38,"l1x":25,"l1y":21},{"data":1000010,"lvl":10,"x":16,"y":38,"l1x":25,"l1y":20},{"data":1000010,"lvl":10,"x":16,"y":37,"l1x":25,"l1y":19},{"data":1000010,"lvl":10,"x":16,"y":36,"l1x":25,"l1y":18},{"data":1000010,"lvl":10,"x":12,"y":32,"l1x":25,"l1y":17},{"data":1000010,"lvl":10,"x":12,"y":33,"l1x":39,"l1y":15},{"data":1000007,"lvl":7,"x":4,"y":4,"unit_upg":{"unit_type":0,"t":591612,"id":4000001},"l1x":32,"l1y":32},{"data":1000013,"lvl":7,"x":28,"y":9,"l1x":27,"l1y":27},{"data":1000002,"lvl":10,"boost_t":63580,"x":35,"y":20,"res_time":177104,"l1x":37,"l1y":17},{"data":1000006,"lvl":9,"x":23,"y":32,"unit_prod":{"unit_type":0,"t":428,"slots":[{"id":4000005,"cnt":2}]},"l1x":4,"l1y":23},{"data":1000004,"lvl":10,"boost_t":63657,"x":5,"y":17,"res_time":177111,"l1x":37,"l1y":23},{"data":1000009,"lvl":12,"x":17,"y":32,"l1x":16,"l1y":33},{"data":1000010,"lvl":10,"x":12,"y":34,"l1x":38,"l1y":15},{"data":1000010,"lvl":10,"x":12,"y":35,"l1x":37,"l1y":15},{"data":1000010,"lvl":10,"x":13,"y":35,"l1x":36,"l1y":15},{"data":1000010,"lvl":10,"x":14,"y":35,"l1x":32,"l1y":18},{"data":1000010,"lvl":10,"x":15,"y":35,"l1x":27,"l1y":36},{"data":1000010,"lvl":10,"x":16,"y":35,"l1x":27,"l1y":37},{"data":1000010,"lvl":10,"x":16,"y":34,"l1x":32,"l1y":19},{"data":1000010,"lvl":10,"x":16,"y":33,"l1x":32,"l1y":20},{"data":1000010,"lvl":10,"x":16,"y":32,"l1x":32,"l1y":21},{"data":1000010,"lvl":10,"x":17,"y":31,"l1x":32,"l1y":22},{"data":1000010,"lvl":10,"x":18,"y":31,"l1x":32,"l1y":23},{"data":1000010,"lvl":10,"x":19,"y":31,"l1x":32,"l1y":24},{"data":1000010,"lvl":10,"x":20,"y":31,"l1x":27,"l1y":38},{"data":1000010,"lvl":10,"x":21,"y":31,"l1x":32,"l1y":25},{"data":1000010,"lvl":10,"x":22,"y":31,"l1x":32,"l1y":26},{"data":1000010,"lvl":10,"x":23,"y":31,"l1x":32,"l1y":27},{"data":1000010,"lvl":10,"x":24,"y":31,"l1x":28,"l1y":31},{"data":1000010,"lvl":10,"x":25,"y":31,"l1x":28,"l1y":30},{"data":1000010,"lvl":10,"x":26,"y":31,"l1x":29,"l1y":30},{"data":1000010,"lvl":10,"x":27,"y":31,"l1x":30,"l1y":30},{"data":1000010,"lvl":10,"x":28,"y":31,"l1x":30,"l1y":29},{"data":1000010,"lvl":10,"x":29,"y":31,"l1x":30,"l1y":28},{"data":1000010,"lvl":10,"x":30,"y":31,"l1x":31,"l1y":28},{"data":1000010,"lvl":10,"x":31,"y":31,"l1x":32,"l1y":28},{"data":1000010,"lvl":10,"x":31,"y":30,"l1x":27,"l1y":32},{"data":1000012,"lvl":7,"x":26,"y":15,"l1x":29,"l1y":19},{"data":1000002,"lvl":10,"boost_t":63575,"x":35,"y":23,"res_time":179032,"l1x":17,"l1y":37},{"data":1000004,"lvl":10,"boost_t":63602,"x":34,"y":39,"res_time":159256,"l1x":23,"l1y":37},{"data":1000000,"lvl":7,"x":3,"y":10,"units":[],"storage_type":0,"l1x":33,"l1y":9},{"data":1000020,"lvl":4,"boost_t":7198,"x":39,"y":39,"units":[],"storage_type":1,"unit_prod":{"unit_type":1,"t":1788,"slots":[{"id":26000000,"cnt":1},{"id":26000002,"cnt":3},{"id":26000005,"cnt":1}]},"l1x":4,"l1y":4},{"data":1000008,"lvl":11,"x":22,"y":9,"l1x":27,"l1y":24},{"data":1000009,"lvl":12,"x":32,"y":17,"l1x":8,"l1y":28},{"data":1000010,"lvl":10,"x":31,"y":29,"l1x":27,"l1y":40},{"data":1000010,"lvl":10,"x":31,"y":28,"l1x":26,"l1y":32},{"data":1000010,"lvl":10,"x":31,"y":27,"l1x":25,"l1y":32},{"data":1000010,"lvl":9,"x":38,"y":24,"l1x":26,"l1y":40},{"data":1000010,"lvl":10,"x":31,"y":26,"l1x":25,"l1y":40},{"data":1000010,"lvl":10,"x":31,"y":25,"l1x":24,"l1y":32},{"data":1000010,"lvl":10,"x":31,"y":24,"l1x":23,"l1y":32},{"data":1000010,"lvl":10,"x":31,"y":23,"l1x":22,"l1y":32},{"data":1000010,"lvl":10,"x":31,"y":22,"l1x":21,"l1y":32},{"data":1000010,"lvl":10,"x":31,"y":21,"l1x":20,"l1y":32},{"data":1000010,"lvl":10,"x":31,"y":20,"l1x":19,"l1y":32},{"data":1000010,"lvl":10,"x":31,"y":19,"l1x":18,"l1y":32},{"data":1000010,"lvl":10,"x":31,"y":18,"l1x":17,"l1y":32},{"data":1000010,"lvl":10,"x":31,"y":17,"l1x":24,"l1y":40},{"data":1000010,"lvl":10,"x":33,"y":16,"l1x":23,"l1y":40},{"data":1000010,"lvl":10,"x":34,"y":16,"l1x":15,"l1y":36},{"data":1000010,"lvl":10,"x":35,"y":16,"l1x":15,"l1y":35},{"data":1000010,"lvl":10,"x":35,"y":15,"l1x":22,"l1y":40},{"data":1000010,"lvl":10,"x":35,"y":14,"l1x":15,"l1y":34},{"data":1000010,"lvl":10,"x":35,"y":13,"l1x":15,"l1y":33},{"data":1000010,"lvl":10,"x":35,"y":12,"l1x":21,"l1y":40},{"data":1000010,"lvl":10,"x":34,"y":12,"l1x":20,"l1y":40},{"data":1000010,"lvl":10,"x":33,"y":12,"l1x":16,"l1y":32},{"data":1000010,"lvl":10,"x":32,"y":12,"l1x":19,"l1y":40},{"data":1000010,"lvl":10,"x":31,"y":15,"l1x":18,"l1y":40},{"data":1000011,"lvl":7,"x":13,"y":32,"l1x":29,"l1y":15},{"data":1000002,"lvl":10,"boost_t":63572,"x":23,"y":35,"res_time":177106,"l1x":19,"l1y":8},{"data":1000004,"lvl":10,"boost_t":63582,"x":35,"y":17,"res_time":179998,"l1x":11,"l1y":8},{"data":1000010,"lvl":10,"x":32,"y":16,"l1x":15,"l1y":32},{"data":1000010,"lvl":10,"x":31,"y":16,"l1x":17,"l1y":40},{"data":1000010,"lvl":10,"x":29,"y":16,"l1x":16,"l1y":40},{"data":1000010,"lvl":10,"x":29,"y":17,"l1x":15,"l1y":40},{"data":1000010,"lvl":10,"x":29,"y":18,"l1x":15,"l1y":38},{"data":1000010,"lvl":10,"x":29,"y":19,"l1x":14,"l1y":32},{"data":1000010,"lvl":10,"x":29,"y":20,"l1x":15,"l1y":37},{"data":1000010,"lvl":10,"x":29,"y":21,"l1x":14,"l1y":30},{"data":1000010,"lvl":10,"x":29,"y":22,"l1x":14,"l1y":31},{"data":1000010,"lvl":10,"x":29,"y":23,"l1x":14,"l1y":29},{"data":1000010,"lvl":10,"x":30,"y":16,"l1x":14,"l1y":28},{"data":1000010,"lvl":10,"x":31,"y":14,"l1x":23,"l1y":23},{"data":1000010,"lvl":10,"x":31,"y":13,"l1x":13,"l1y":31},{"data":1000010,"lvl":10,"x":31,"y":12,"l1x":11,"l1y":29},{"data":1000010,"lvl":10,"x":31,"y":11,"l1x":11,"l1y":30},{"data":1000010,"lvl":10,"x":31,"y":10,"l1x":27,"l1y":39},{"data":1000010,"lvl":9,"x":28,"y":28,"l1x":29,"l1y":14},{"data":1000010,"lvl":10,"x":31,"y":9,"l1x":28,"l1y":13},{"data":1000010,"lvl":10,"x":31,"y":8,"l1x":28,"l1y":12},{"data":1000010,"lvl":10,"x":30,"y":8,"l1x":11,"l1y":31},{"data":1000010,"lvl":10,"x":29,"y":8,"l1x":28,"l1y":14},{"data":1000010,"lvl":10,"x":28,"y":8,"l1x":22,"l1y":9},{"data":1000010,"lvl":10,"x":27,"y":8,"l1x":10,"l1y":31},{"data":1000010,"lvl":10,"x":26,"y":8,"l1x":9,"l1y":31},{"data":1000010,"lvl":10,"x":25,"y":8,"l1x":8,"l1y":31},{"data":1000015,"lvl":0,"x":33,"y":36,"l1x":29,"l1y":12},{"data":1000013,"lvl":7,"x":9,"y":28,"l1x":22,"l1y":16},{"data":1000011,"lvl":7,"x":26,"y":32,"l1x":15,"l1y":29},{"data":1000000,"lvl":7,"x":3,"y":27,"units":[[4000005,4],[4000017,1],[4000013,1]],"storage_type":0,"l1x":9,"l1y":34},{"data":1000006,"lvl":9,"x":32,"y":23,"unit_prod":{"unit_type":0,"t":427,"slots":[{"id":4000005,"cnt":2}]},"l1x":4,"l1y":28},{"data":1000008,"lvl":11,"x":9,"y":22,"l1x":24,"l1y":27},{"data":1000010,"lvl":10,"x":24,"y":8,"l1x":7,"l1y":31},{"data":1000010,"lvl":10,"x":23,"y":8,"l1x":7,"l1y":30},{"data":1000010,"lvl":10,"x":22,"y":8,"l1x":7,"l1y":29},{"data":1000010,"lvl":10,"x":21,"y":8,"l1x":7,"l1y":28},{"data":1000010,"lvl":10,"x":20,"y":8,"l1x":7,"l1y":27},{"data":1000010,"lvl":10,"x":19,"y":8,"l1x":7,"l1y":26},{"data":1000010,"lvl":10,"x":18,"y":8,"l1x":7,"l1y":25},{"data":1000010,"lvl":10,"x":17,"y":8,"l1x":22,"l1y":10},{"data":1000010,"lvl":10,"x":16,"y":8,"l1x":7,"l1y":24},{"data":1000010,"lvl":10,"x":15,"y":8,"l1x":11,"l1y":28},{"data":1000010,"lvl":10,"x":14,"y":8,"l1x":11,"l1y":27},{"data":1000010,"lvl":10,"x":13,"y":8,"l1x":13,"l1y":28},{"data":1000010,"lvl":10,"x":12,"y":8,"l1x":11,"l1y":26},{"data":1000010,"lvl":10,"x":11,"y":8,"l1x":11,"l1y":25},{"data":1000010,"lvl":10,"x":10,"y":8,"l1x":12,"l1y":28},{"data":1000010,"lvl":10,"x":29,"y":28,"l1x":15,"l1y":22},{"data":1000010,"lvl":10,"x":29,"y":27,"l1x":11,"l1y":24},{"data":1000010,"lvl":10,"x":29,"y":26,"l1x":11,"l1y":23},{"data":1000010,"lvl":10,"x":29,"y":25,"l1x":8,"l1y":22},{"data":1000010,"lvl":10,"x":9,"y":8,"l1x":9,"l1y":22},{"data":1000010,"lvl":10,"x":29,"y":29,"l1x":10,"l1y":22},{"data":1000010,"lvl":10,"x":28,"y":29,"l1x":11,"l1y":22},{"data":1000010,"lvl":10,"x":27,"y":29,"l1x":22,"l1y":11},{"data":1000010,"lvl":10,"x":26,"y":29,"l1x":25,"l1y":16},{"data":1000010,"lvl":10,"x":25,"y":29,"l1x":25,"l1y":15},{"data":1000010,"lvl":10,"x":29,"y":24,"l1x":24,"l1y":15},{"data":1000010,"lvl":10,"x":28,"y":24,"l1x":23,"l1y":15},{"data":1000010,"lvl":10,"x":27,"y":24,"l1x":22,"l1y":15},{"data":1000010,"lvl":10,"x":26,"y":24,"l1x":21,"l1y":15},{"data":1000010,"lvl":10,"x":25,"y":24,"l1x":20,"l1y":15},{"data":1000010,"lvl":10,"x":24,"y":25,"l1x":19,"l1y":15},{"data":1000010,"lvl":10,"x":24,"y":26,"l1x":18,"l1y":15},{"data":1000010,"lvl":10,"x":24,"y":27,"l1x":15,"l1y":21},{"data":1000010,"lvl":10,"x":24,"y":28,"l1x":15,"l1y":20},{"data":1000010,"lvl":10,"x":24,"y":29,"l1x":17,"l1y":15},{"data":1000010,"lvl":10,"x":23,"y":29,"l1x":15,"l1y":18},{"data":1000010,"lvl":10,"x":22,"y":29,"l1x":16,"l1y":15},{"data":1000010,"lvl":10,"x":21,"y":29,"l1x":15,"l1y":15},{"data":1000010,"lvl":10,"x":20,"y":29,"l1x":32,"l1y":17},{"data":1000010,"lvl":10,"x":19,"y":29,"l1x":32,"l1y":16},{"data":1000010,"lvl":10,"x":18,"y":29,"l1x":32,"l1y":15},{"data":1000010,"lvl":10,"x":17,"y":29,"l1x":32,"l1y":14},{"data":1000010,"lvl":10,"x":16,"y":29,"l1x":31,"l1y":14},{"data":1000010,"lvl":10,"x":16,"y":30,"l1x":31,"l1y":7},{"data":1000010,"lvl":10,"x":16,"y":31,"l1x":31,"l1y":13},{"data":1000010,"lvl":10,"x":15,"y":31,"l1x":31,"l1y":12},{"data":1000010,"lvl":10,"x":14,"y":31,"l1x":31,"l1y":11},{"data":1000010,"lvl":10,"x":13,"y":31,"l1x":39,"l1y":27},{"data":1000010,"lvl":10,"x":12,"y":31,"l1x":30,"l1y":11},{"data":1000010,"lvl":10,"x":11,"y":31,"l1x":29,"l1y":11},{"data":1000008,"lvl":11,"x":12,"y":9,"l1x":21,"l1y":26},{"data":1000009,"lvl":12,"x":28,"y":12,"l1x":19,"l1y":16},{"data":1000013,"lvl":7,"x":9,"y":9,"l1x":16,"l1y":22},{"data":1000012,"lvl":7,"x":18,"y":12,"l1x":19,"l1y":29},{"data":1000019,"lvl":7,"x":26,"y":13,"l1x":23,"l1y":19},{"data":1000024,"lvl":5,"x":12,"y":12,"l1x":12,"l1y":12},{"data":1000019,"lvl":7,"x":13,"y":26,"l1x":23,"l1y":21},{"data":1000009,"lvl":12,"x":12,"y":28,"l1x":16,"l1y":19},{"data":1000023,"lvl":5,"x":33,"y":8,"res_time":57599,"l1x":20,"l1y":4},{"data":1000022,"lvl":0,"boost_t":3735,"x":18,"y":25,"l1x":18,"l1y":26},{"data":1000003,"lvl":10,"x":25,"y":10,"l1x":25,"l1y":12},{"data":1000005,"lvl":10,"x":12,"y":21,"l1x":12,"l1y":15},{"data":1000011,"lvl":7,"x":32,"y":26,"l1x":16,"l1y":8},{"data":1000010,"lvl":10,"x":10,"y":31,"l1x":31,"l1y":10},{"data":1000010,"lvl":10,"x":9,"y":31,"l1x":31,"l1y":9},{"data":1000010,"lvl":10,"x":8,"y":31,"l1x":31,"l1y":8},{"data":1000010,"lvl":10,"x":8,"y":30,"l1x":30,"l1y":7},{"data":1000010,"lvl":10,"x":8,"y":29,"l1x":29,"l1y":7},{"data":1000010,"lvl":10,"x":8,"y":28,"l1x":28,"l1y":7},{"data":1000010,"lvl":10,"x":8,"y":27,"l1x":28,"l1y":11},{"data":1000010,"lvl":10,"x":8,"y":26,"l1x":27,"l1y":11},{"data":1000010,"lvl":10,"x":8,"y":25,"l1x":26,"l1y":11},{"data":1000010,"lvl":10,"x":8,"y":24,"l1x":25,"l1y":11},{"data":1000010,"lvl":10,"x":8,"y":23,"l1x":24,"l1y":11},{"data":1000010,"lvl":10,"x":8,"y":22,"l1x":27,"l1y":7},{"data":1000010,"lvl":10,"x":8,"y":21,"l1x":26,"l1y":7},{"data":1000010,"lvl":10,"x":8,"y":20,"l1x":25,"l1y":7},{"data":1000010,"lvl":10,"x":8,"y":19,"l1x":24,"l1y":7},{"data":1000010,"lvl":10,"x":8,"y":18,"l1x":23,"l1y":7},{"data":1000010,"lvl":10,"x":8,"y":17,"l1x":22,"l1y":7},{"data":1000010,"lvl":10,"x":8,"y":16,"l1x":22,"l1y":8},{"data":1000010,"lvl":10,"x":8,"y":15,"l1x":21,"l1y":7},{"data":1000010,"lvl":10,"x":8,"y":14,"l1x":20,"l1y":7},{"data":1000010,"lvl":10,"x":8,"y":13,"l1x":19,"l1y":7},{"data":1000010,"lvl":10,"x":8,"y":12,"l1x":18,"l1y":7},{"data":1000010,"lvl":10,"x":8,"y":11,"l1x":17,"l1y":7},{"data":1000010,"lvl":10,"x":8,"y":10,"l1x":16,"l1y":7},{"data":1000010,"lvl":10,"x":8,"y":9,"l1x":15,"l1y":7},{"data":1000010,"lvl":10,"x":8,"y":8,"l1x":15,"l1y":17},{"data":1000010,"lvl":10,"x":21,"y":15,"l1x":15,"l1y":16},{"data":1000010,"lvl":10,"x":20,"y":15,"l1x":14,"l1y":7},{"data":1000010,"lvl":10,"x":19,"y":15,"l1x":13,"l1y":7},{"data":1000010,"lvl":10,"x":18,"y":15,"l1x":21,"l1y":11},{"data":1000010,"lvl":10,"x":17,"y":15,"l1x":15,"l1y":19},{"data":1000010,"lvl":10,"x":16,"y":15,"l1x":12,"l1y":7},{"data":1000010,"lvl":10,"x":15,"y":15,"l1x":11,"l1y":7},{"data":1000010,"lvl":10,"x":15,"y":16,"l1x":7,"l1y":23},{"data":1000010,"lvl":10,"x":15,"y":17,"l1x":7,"l1y":22},{"data":1000010,"lvl":10,"x":15,"y":18,"l1x":12,"l1y":31},{"data":1000010,"lvl":10,"x":15,"y":19,"l1x":7,"l1y":21},{"data":1000010,"lvl":10,"x":15,"y":20,"l1x":7,"l1y":20},{"data":1000010,"lvl":10,"x":15,"y":21,"l1x":7,"l1y":19},{"data":1000010,"lvl":10,"x":18,"y":21,"l1x":7,"l1y":18},{"data":1000010,"lvl":10,"x":17,"y":21,"l1x":7,"l1y":17},{"data":1000010,"lvl":10,"x":16,"y":21,"l1x":7,"l1y":16},{"data":1000010,"lvl":10,"x":16,"y":22,"l1x":7,"l1y":15},{"data":1000010,"lvl":10,"x":16,"y":23,"l1x":7,"l1y":14},{"data":1000010,"lvl":10,"x":16,"y":24,"l1x":23,"l1y":11},{"data":1000010,"lvl":10,"x":17,"y":24,"l1x":20,"l1y":11},{"data":1000010,"lvl":10,"x":18,"y":24,"l1x":19,"l1y":11},{"data":1000010,"lvl":10,"x":21,"y":18,"l1x":18,"l1y":11},{"data":1000010,"lvl":10,"x":21,"y":17,"l1x":17,"l1y":11},{"data":1000010,"lvl":10,"x":21,"y":16,"l1x":16,"l1y":11},{"data":1000012,"lvl":7,"x":15,"y":26,"l1x":12,"l1y":18},{"data":1000019,"lvl":7,"x":19,"y":16,"l1x":21,"l1y":23},{"data":1000026,"lvl":5,"x":20,"y":32,"unit_prod":{"unit_type":0},"l1x":33,"l1y":28},{"data":1000023,"lvl":5,"x":8,"y":33,"res_time":42169,"l1x":37,"l1y":20},{"data":1000009,"lvl":12,"x":15,"y":12,"l1x":28,"l1y":8},{"data":1000012,"lvl":7,"x":12,"y":18,"l1x":18,"l1y":12},{"data":1000010,"lvl":10,"x":22,"y":16,"l1x":11,"l1y":21},{"data":1000010,"lvl":10,"x":23,"y":16,"l1x":11,"l1y":20},{"data":1000010,"lvl":10,"x":24,"y":16,"l1x":11,"l1y":19},{"data":1000010,"lvl":10,"x":24,"y":17,"l1x":11,"l1y":18},{"data":1000010,"lvl":10,"x":24,"y":18,"l1x":11,"l1y":17},{"data":1000010,"lvl":10,"x":24,"y":24,"l1x":15,"l1y":11},{"data":1000010,"lvl":10,"x":24,"y":23,"l1x":14,"l1y":11},{"data":1000010,"lvl":10,"x":24,"y":22,"l1x":13,"l1y":11},{"data":1000010,"lvl":10,"x":24,"y":21,"l1x":12,"l1y":11},{"data":1000010,"lvl":10,"x":24,"y":20,"l1x":11,"l1y":11},{"data":1000010,"lvl":10,"x":24,"y":19,"l1x":11,"l1y":16},{"data":1000010,"lvl":10,"x":23,"y":19,"l1x":11,"l1y":15},{"data":1000010,"lvl":10,"x":22,"y":19,"l1x":11,"l1y":14},{"data":1000010,"lvl":10,"x":21,"y":19,"l1x":11,"l1y":13},{"data":1000010,"lvl":10,"x":20,"y":19,"l1x":11,"l1y":12},{"data":1000010,"lvl":10,"x":19,"y":19,"l1x":7,"l1y":13},{"data":1000010,"lvl":10,"x":19,"y":20,"l1x":7,"l1y":12},{"data":1000010,"lvl":10,"x":19,"y":21,"l1x":10,"l1y":7},{"data":1000010,"lvl":10,"x":19,"y":22,"l1x":9,"l1y":7},{"data":1000010,"lvl":10,"x":19,"y":23,"l1x":8,"l1y":7},{"data":1000010,"lvl":10,"x":19,"y":24,"l1x":7,"l1y":7},{"data":1000010,"lvl":10,"x":20,"y":24,"l1x":7,"l1y":11},{"data":1000010,"lvl":10,"x":21,"y":24,"l1x":7,"l1y":10},{"data":1000010,"lvl":10,"x":22,"y":24,"l1x":7,"l1y":9},{"data":1000010,"lvl":10,"x":23,"y":24,"l1x":7,"l1y":8},{"data":1000011,"lvl":7,"x":32,"y":13,"l1x":8,"l1y":16},{"data":1000019,"lvl":7,"x":16,"y":19,"l1x":19,"l1y":23},{"data":1000021,"lvl":3,"x":26,"y":21,"attack_mode":false,"attack_mode_war":false,"attack_mode_draft":false,"attack_mode_draft_war":false,"ammo":1500,"l1x":26,"l1y":15},{"data":1000025,"lvl":0,"boost_t":3736,"x":25,"y":18,"l1x":26,"l1y":18},{"data":1000021,"lvl":3,"x":21,"y":26,"attack_mode":false,"attack_mode_war":false,"attack_mode_draft":false,"attack_mode_draft_war":false,"ammo":1500,"l1x":15,"l1y":26},{"data":1000003,"lvl":10,"x":10,"y":25,"l1x":23,"l1y":8},{"data":1000005,"lvl":10,"x":9,"y":17,"l1x":15,"l1y":12},{"data":1000026,"lvl":5,"x":32,"y":20,"unit_prod":{"unit_type":0,"t":1201,"slots":[{"id":4000017,"cnt":1}]},"l1x":28,"l1y":33},{"data":1000027,"lvl":2,"x":22,"y":17,"attack_mode":true,"attack_mode_war":true,"attack_mode_draft":true,"attack_mode_draft_war":true,"ammo":750,"l1x":13,"l1y":23},{"data":1000002,"lvl":10,"boost_t":63570,"x":20,"y":35,"res_time":157871,"l1x":8,"l1y":19},{"data":1000004,"lvl":10,"boost_t":84956,"x":17,"y":35,"res_time":179109,"l1x":8,"l1y":11},{"data":1000008,"lvl":11,"x":9,"y":12,"l1x":23,"l1y":33},{"data":1000009,"lvl":12,"x":12,"y":15,"l1x":8,"l1y":8},{"data":1000027,"lvl":2,"x":17,"y":22,"attack_mode":true,"attack_mode_war":true,"attack_mode_draft":true,"attack_mode_draft_war":true,"ammo":750,"l1x":23,"l1y":13},{"data":1000021,"lvl":3,"x":16,"y":16,"attack_mode":false,"attack_mode_war":false,"attack_mode_draft":false,"attack_mode_draft_war":false,"ammo":1500,"l1x":16,"l1y":16},{"data":1000023,"lvl":5,"x":32,"y":32,"res_time":46609,"l1x":20,"l1y":37}],"obstacles":[{"data":8000028,"x":2,"y":8,"l1x":-1,"l1y":-1,"loot_multiply_ver":1},{"data":8000028,"x":0,"y":12,"l1x":-1,"l1y":-1,"loot_multiply_ver":1},{"data":8000000,"x":0,"y":4,"l1x":-1,"l1y":-1,"loot_multiply_ver":2},{"data":8000000,"x":0,"y":38,"l1x":-1,"l1y":-1,"loot_multiply_ver":2},{"data":8000000,"x":19,"y":42,"l1x":-1,"l1y":-1,"loot_multiply_ver":2},{"data":8000000,"x":25,"y":0,"l1x":-1,"l1y":-1,"loot_multiply_ver":2},{"data":8000000,"x":31,"y":42,"l1x":-1,"l1y":-1,"loot_multiply_ver":2},{"data":8000000,"x":0,"y":20,"l1x":-1,"l1y":-1,"loot_multiply_ver":2},{"data":8000000,"x":42,"y":2,"l1x":-1,"l1y":-1,"loot_multiply_ver":2},{"data":8000000,"x":42,"y":42,"l1x":-1,"l1y":-1,"loot_multiply_ver":2},{"data":8000000,"x":6,"y":42,"l1x":-1,"l1y":-1,"loot_multiply_ver":2},{"data":8000000,"x":30,"y":0,"l1x":-1,"l1y":-1,"loot_multiply_ver":2},{"data":8000000,"x":24,"y":42,"l1x":-1,"l1y":-1,"loot_multiply_ver":2},{"data":8000000,"x":42,"y":20,"l1x":-1,"l1y":-1,"loot_multiply_ver":2},{"data":8000000,"x":11,"y":41,"l1x":-1,"l1y":-1,"loot_multiply_ver":2},{"data":8000000,"x":42,"y":29,"l1x":-1,"l1y":-1,"loot_multiply_ver":2},{"data":8000000,"x":35,"y":0,"l1x":-1,"l1y":-1,"loot_multiply_ver":2},{"data":8000000,"x":42,"y":34,"l1x":-1,"l1y":-1,"loot_multiply_ver":2},{"data":8000000,"x":3,"y":2,"l1x":-1,"l1y":-1,"loot_multiply_ver":2},{"data":8000000,"x":3,"y":36,"l1x":-1,"l1y":-1,"loot_multiply_ver":2},{"data":8000000,"x":22,"y":0,"l1x":-1,"l1y":-1,"loot_multiply_ver":2},{"data":8000000,"x":6,"y":2,"l1x":-1,"l1y":-1,"loot_multiply_ver":2},{"data":8000004,"x":0,"y":42,"l1x":-1,"l1y":-1,"loot_multiply_ver":2},{"data":8000000,"x":18,"y":0,"l1x":-1,"l1y":-1,"loot_multiply_ver":2},{"data":8000000,"x":15,"y":41,"l1x":-1,"l1y":-1,"loot_multiply_ver":2},{"data":8000000,"x":42,"y":7,"l1x":-1,"l1y":-1,"loot_multiply_ver":2},{"data":8000000,"x":36,"y":42,"l1x":-1,"l1y":-1,"loot_multiply_ver":2},{"data":8000000,"x":42,"y":10,"l1x":-1,"l1y":-1,"loot_multiply_ver":2},{"data":8000000,"x":42,"y":26,"l1x":-1,"l1y":-1,"loot_multiply_ver":2},{"data":8000010,"x":0,"y":34,"l1x":-1,"l1y":-1,"loot_multiply_ver":2},{"data":8000030,"x":27,"y":0,"l1x":-1,"l1y":-1,"loot_multiply_ver":1}],"traps":[{"data":12000001,"lvl":0,"x":21,"y":11,"l1x":13,"l1y":32},{"data":12000001,"lvl":0,"x":23,"y":15,"l1x":41,"l1y":21},{"data":12000001,"lvl":0,"x":11,"y":20,"l1x":27,"l1y":41},{"data":12000001,"lvl":0,"x":17,"y":25,"l1x":23,"l1y":6},{"data":12000006,"lvl":2,"x":24,"y":15,"l1x":12,"l1y":21},{"data":12000006,"lvl":2,"x":20,"y":11,"l1x":18,"l1y":29},{"data":12000005,"lvl":3,"x":22,"y":15,"l1x":21,"l1y":12},{"data":12000001,"lvl":0,"x":15,"y":30,"l1x":32,"l1y":13},{"data":12000005,"lvl":3,"x":15,"y":22,"l1x":33,"l1y":22},{"data":12000001,"lvl":0,"x":30,"y":15,"l1x":40,"l1y":14},{"data":12000005,"lvl":3,"x":30,"y":20,"l1x":33,"l1y":26},{"data":12000000,"lvl":5,"x":18,"y":28,"l1x":14,"l1y":33},{"data":12000000,"lvl":5,"x":19,"y":28,"l1x":14,"l1y":35},{"data":12000000,"lvl":5,"x":20,"y":28,"l1x":14,"l1y":34},{"data":12000000,"lvl":5,"x":28,"y":20,"l1x":34,"l1y":14},{"data":12000000,"lvl":5,"x":28,"y":19,"l1x":35,"l1y":14},{"data":12000000,"lvl":5,"x":28,"y":18,"l1x":33,"l1y":14},{"data":12000002,"lvl":3,"x":20,"y":9,"l1x":30,"l1y":22},{"data":12000002,"lvl":3,"x":24,"y":13,"l1x":22,"l1y":30},{"data":12000006,"lvl":2,"x":15,"y":29,"l1x":23,"l1y":29},{"data":12000006,"lvl":2,"x":18,"y":20,"l1x":29,"l1y":18},{"data":12000005,"lvl":3,"x":18,"y":19,"l1x":26,"l1y":33},{"data":12000002,"lvl":3,"x":14,"y":24,"l1x":21,"l1y":13},{"data":12000002,"lvl":3,"x":15,"y":10,"l1x":13,"l1y":21},{"data":12000005,"lvl":3,"x":25,"y":21,"l1x":22,"l1y":33},{"data":12000002,"lvl":3,"x":10,"y":15,"l1x":14,"l1y":8},{"data":12000006,"lvl":2,"x":20,"y":18,"l1x":29,"l1y":23}],"decos":[{"data":18000021,"x":40,"y":2,"l1x":7,"l1y":37},{"data":18000033,"x":3,"y":34,"l1x":38,"l1y":9},{"data":18000000,"x":2,"y":38,"l1x":9,"l1y":39},{"data":18000004,"x":2,"y":40,"l1x":36,"l1y":7},{"data":18000009,"x":5,"y":40,"l1x":-1,"l1y":-1}],"respawnVars":{"secondsFromLastRespawn":12918,"respawnSeed":419904758,"obstacleClearCounter":17,"time_to_gembox_drop":439082,"time_in_gembox_period":295200},"cooldowns":[{"cooldown":7731821,"target":20000001},{"cooldown":6473282,"target":20000000}],"newShopBuildings":[4,0,7,4,7,4,4,1,6,7,250,4,4,3,1,5,0,0,0,4,1,3,1,3,1,1,2,2],"newShopTraps":[6,6,5,0,0,5,5,0],"newShopDecos":[1,4,0,1,1,4,4,1,1,1,1,1,1,1,1,1,1,1,1,1,1,1,1,1,1,1,1,1,1,1,1,1,1,1,1,1,1],"last_league_rank":16,"last_league_shuffle":1,"last_news_seen":81,"edit_mode_shown":true,"troop_req_msg":"1..3..","war_req_msg":"1........king...","war_tutorials_seen":0,"war_base":true}