{"buildings":[{"data":1000001,"lvl":9,"x":20,"y":20,"l1x":19,"l1y":19},{"data":1000004,"lvl":10,"x":14,"y":4,"res_time":19084,"l1x":36,"l1y":21},{"data":1000000,"lvl":7,"x":27,"y":4,"units":[],"storage_type":0,"l1x":34,"l1y":10},{"data":1000015,"lvl":0,"x":7,"y":5,"l1x":22,"l1y":13},{"data":1000014,"lvl":5,"x":20,"y":17,"l1x":23,"l1y":18},{"data":1000008,"lvl":11,"x":15,"y":11,"l1x":17,"l1y":6},{"data":1000015,"lvl":0,"x":18,"y":35,"l1x":19,"l1y":13},{"data":1000002,"lvl":10,"x":10,"y":4,"res_time":176961,"l1x":30,"l1y":5},{"data":1000003,"lvl":10,"x":8,"y":14,"l1x":34,"l1y":7},{"data":1000005,"lvl":10,"x":31,"y":20,"l1x":23,"l1y":6},{"data":1000006,"lvl":9,"x":33,"y":28,"unit_prod":{"unit_type":0},"l1x":27,"l1y":5},{"data":1000006,"lvl":9,"x":33,"y":24,"unit_prod":{"unit_type":0},"l1x":36,"l1y":15},{"data":1000008,"lvl":11,"x":11,"y":14,"l1x":32,"l1y":16},{"data":1000010,"lvl":10,"x":31,"y":31,"l1x":26,"l1y":7},{"data":1000010,"lvl":10,"x":31,"y":28,"l1x":26,"l1y":6},{"data":1000010,"lvl":10,"x":28,"y":31,"l1x":26,"l1y":5},{"data":1000002,"lvl":10,"x":4,"y":8,"res_time":176961,"l1x":27,"l1y":33},{"data":1000009,"lvl":12,"x":8,"y":20,"l1x":23,"l1y":9},{"data":1000004,"lvl":10,"x":6,"y":32,"res_time":170786,"l1x":30,"l1y":33},{"data":1000010,"lvl":10,"x":26,"y":8,"l1x":25,"l1y":5},{"data":1000015,"lvl":0,"x":35,"y":18,"l1x":16,"l1y":13},{"data":1000015,"lvl":0,"x":14,"y":14,"l1x":17,"l1y":21},{"data":1000015,"lvl":0,"x":18,"y":12,"l1x":5,"l1y":15},{"data":1000000,"lvl":7,"x":4,"y":27,"units":[[4000000,2],[4000001,6]],"storage_type":0,"l1x":34,"l1y":26},{"data":1000013,"lvl":7,"x":11,"y":11,"l1x":20,"l1y":29},{"data":1000012,"lvl":7,"x":11,"y":23,"l1x":17,"l1y":9},{"data":1000008,"lvl":11,"x":8,"y":11,"l1x":29,"l1y":22},{"data":1000000,"lvl":7,"x":9,"y":34,"units":[],"storage_type":0,"l1x":11,"l1y":33},{"data":1000007,"lvl":7,"x":32,"y":5,"l1x":5,"l1y":8},{"data":1000005,"lvl":10,"x":20,"y":31,"l1x":32,"l1y":22},{"data":1000010,"lvl":10,"x":26,"y":7,"l1x":24,"l1y":5},{"data":1000010,"lvl":10,"x":25,"y":7,"l1x":23,"l1y":5},{"data":1000010,"lvl":10,"x":24,"y":7,"l1x":22,"l1y":5},{"data":1000010,"lvl":10,"x":23,"y":7,"l1x":17,"l1y":12},{"data":1000010,"lvl":10,"x":22,"y":7,"l1x":18,"l1y":12},{"data":1000010,"lvl":10,"x":21,"y":7,"l1x":19,"l1y":12},{"data":1000010,"lvl":10,"x":20,"y":7,"l1x":20,"l1y":12},{"data":1000010,"lvl":10,"x":19,"y":7,"l1x":21,"l1y":12},{"data":1000010,"lvl":10,"x":18,"y":7,"l1x":22,"l1y":12},{"data":1000010,"lvl":10,"x":17,"y":7,"l1x":23,"l1y":12},{"data":1000010,"lvl":10,"x":16,"y":7,"l1x":24,"l1y":12},{"data":1000010,"lvl":10,"x":15,"y":7,"l1x":25,"l1y":12},{"data":1000010,"lvl":10,"x":14,"y":7,"l1x":28,"l1y":8},{"data":1000010,"lvl":10,"x":13,"y":7,"l1x":27,"l1y":8},{"data":1000010,"lvl":10,"x":12,"y":7,"l1x":26,"l1y":8},{"data":1000010,"lvl":10,"x":11,"y":7,"l1x":26,"l1y":9},{"data":1000010,"lvl":10,"x":10,"y":7,"l1x":26,"l1y":10},{"data":1000010,"lvl":10,"x":9,"y":7,"l1x":26,"l1y":11},{"data":1000010,"lvl":10,"x":8,"y":7,"l1x":26,"l1y":12},{"data":1000010,"lvl":10,"x":7,"y":7,"l1x":27,"l1y":12},{"data":1000010,"lvl":10,"x":7,"y":8,"l1x":28,"l1y":12},{"data":1000010,"lvl":10,"x":7,"y":9,"l1x":29,"l1y":12},{"data":1000010,"lvl":10,"x":7,"y":10,"l1x":30,"l1y":8},{"data":1000010,"lvl":10,"x":7,"y":11,"l1x":29,"l1y":8},{"data":1000010,"lvl":10,"x":7,"y":12,"l1x":29,"l1y":13},{"data":1000010,"lvl":10,"x":7,"y":13,"l1x":31,"l1y":8},{"data":1000010,"lvl":10,"x":7,"y":14,"l1x":31,"l1y":9},{"data":1000010,"lvl":10,"x":7,"y":15,"l1x":32,"l1y":9},{"data":1000010,"lvl":10,"x":7,"y":16,"l1x":32,"l1y":10},{"data":1000010,"lvl":10,"x":7,"y":17,"l1x":33,"l1y":10},{"data":1000010,"lvl":10,"x":7,"y":18,"l1x":33,"l1y":11},{"data":1000010,"lvl":10,"x":7,"y":19,"l1x":33,"l1y":12},{"data":1000010,"lvl":10,"x":7,"y":20,"l1x":33,"l1y":13},{"data":1000010,"lvl":10,"x":7,"y":21,"l1x":33,"l1y":14},{"data":1000010,"lvl":10,"x":7,"y":22,"l1x":29,"l1y":15},{"data":1000010,"lvl":10,"x":7,"y":23,"l1x":30,"l1y":15},{"data":1000010,"lvl":10,"x":7,"y":24,"l1x":31,"l1y":15},{"data":1000010,"lvl":10,"x":7,"y":25,"l1x":32,"l1y":15},{"data":1000010,"lvl":10,"x":7,"y":26,"l1x":33,"l1y":15},{"data":1000010,"lvl":10,"x":8,"y":26,"l1x":34,"l1y":15},{"data":1000010,"lvl":10,"x":36,"y":24,"l1x":35,"l1y":15},{"data":1000010,"lvl":10,"x":36,"y":25,"l1x":35,"l1y":16},{"data":1000010,"lvl":10,"x":36,"y":26,"l1x":35,"l1y":17},{"data":1000010,"lvl":10,"x":36,"y":27,"l1x":35,"l1y":18},{"data":1000010,"lvl":10,"x":36,"y":28,"l1x":35,"l1y":19},{"data":1000010,"lvl":10,"x":36,"y":29,"l1x":35,"l1y":20},{"data":1000010,"lvl":10,"x":36,"y":30,"l1x":35,"l1y":21},{"data":1000010,"lvl":10,"x":36,"y":31,"l1x":35,"l1y":22},{"data":1000010,"lvl":10,"x":24,"y":36,"l1x":35,"l1y":24},{"data":1000010,"lvl":10,"x":25,"y":36,"l1x":35,"l1y":23},{"data":1000010,"lvl":10,"x":26,"y":36,"l1x":35,"l1y":25},{"data":1000010,"lvl":10,"x":27,"y":36,"l1x":34,"l1y":25},{"data":1000010,"lvl":10,"x":28,"y":36,"l1x":29,"l1y":14},{"data":1000010,"lvl":10,"x":29,"y":36,"l1x":28,"l1y":15},{"data":1000011,"lvl":7,"x":8,"y":23,"l1x":30,"l1y":12},{"data":1000006,"lvl":9,"x":28,"y":33,"unit_prod":{"unit_type":0},"l1x":4,"l1y":20},{"data":1000020,"lvl":4,"x":4,"y":13,"units":[],"storage_type":1,"unit_prod":{"unit_type":1},"l1x":25,"l1y":36},{"data":1000004,"lvl":10,"x":38,"y":15,"res_time":141922,"l1x":28,"l1y":36},{"data":1000009,"lvl":12,"x":11,"y":8,"l1x":27,"l1y":9},{"data":1000009,"lvl":12,"x":20,"y":8,"l1x":29,"l1y":19},{"data":1000010,"lvl":10,"x":30,"y":36,"l1x":28,"l1y":16},{"data":1000010,"lvl":10,"x":31,"y":36,"l1x":28,"l1y":17},{"data":1000010,"lvl":10,"x":32,"y":36,"l1x":28,"l1y":18},{"data":1000010,"lvl":10,"x":36,"y":32,"l1x":28,"l1y":19},{"data":1000010,"lvl":10,"x":35,"y":32,"l1x":16,"l1y":17},{"data":1000010,"lvl":10,"x":34,"y":32,"l1x":16,"l1y":16},{"data":1000010,"lvl":10,"x":33,"y":32,"l1x":16,"l1y":15},{"data":1000010,"lvl":10,"x":32,"y":35,"l1x":17,"l1y":15},{"data":1000010,"lvl":10,"x":32,"y":34,"l1x":18,"l1y":15},{"data":1000010,"lvl":10,"x":32,"y":33,"l1x":19,"l1y":15},{"data":1000010,"lvl":10,"x":32,"y":24,"l1x":20,"l1y":15},{"data":1000010,"lvl":10,"x":32,"y":25,"l1x":21,"l1y":15},{"data":1000010,"lvl":10,"x":32,"y":26,"l1x":22,"l1y":15},{"data":1000004,"lvl":10,"x":15,"y":38,"res_time":141116,"l1x":22,"l1y":36},{"data":1000004,"lvl":10,"x":17,"y":8,"res_time":0,"l1x":16,"l1y":36},{"data":1000003,"lvl":10,"x":11,"y":20,"l1x":33,"l1y":31},{"data":1000002,"lvl":10,"x":4,"y":18,"res_time":176944,"l1x":19,"l1y":36},{"data":1000002,"lvl":10,"x":18,"y":4,"res_time":178638,"l1x":23,"l1y":32},{"data":1000002,"lvl":10,"x":22,"y":4,"res_time":176960,"l1x":6,"l1y":12},{"data":1000010,"lvl":10,"x":32,"y":27,"l1x":23,"l1y":15},{"data":1000010,"lvl":10,"x":32,"y":28,"l1x":25,"l1y":16},{"data":1000010,"lvl":10,"x":32,"y":29,"l1x":26,"l1y":16},{"data":1000010,"lvl":10,"x":32,"y":30,"l1x":23,"l1y":16},{"data":1000010,"lvl":10,"x":32,"y":31,"l1x":24,"l1y":16},{"data":1000010,"lvl":10,"x":32,"y":32,"l1x":26,"l1y":17},{"data":1000010,"lvl":10,"x":31,"y":32,"l1x":26,"l1y":18},{"data":1000010,"lvl":10,"x":30,"y":32,"l1x":16,"l1y":18},{"data":1000010,"lvl":10,"x":29,"y":32,"l1x":16,"l1y":19},{"data":1000010,"lvl":10,"x":28,"y":32,"l1x":16,"l1y":20},{"data":1000010,"lvl":10,"x":27,"y":32,"l1x":16,"l1y":21},{"data":1000010,"lvl":10,"x":26,"y":32,"l1x":16,"l1y":22},{"data":1000010,"lvl":10,"x":25,"y":32,"l1x":16,"l1y":23},{"data":1000010,"lvl":10,"x":24,"y":32,"l1x":16,"l1y":24},{"data":1000010,"lvl":10,"x":14,"y":34,"l1x":16,"l1y":25},{"data":1000010,"lvl":10,"x":14,"y":35,"l1x":16,"l1y":26},{"data":1000010,"lvl":10,"x":14,"y":36,"l1x":17,"l1y":26},{"data":1000010,"lvl":10,"x":14,"y":37,"l1x":28,"l1y":20},{"data":1000010,"lvl":10,"x":15,"y":37,"l1x":28,"l1y":21},{"data":1000010,"lvl":10,"x":16,"y":37,"l1x":28,"l1y":22},{"data":1000010,"lvl":10,"x":17,"y":37,"l1x":28,"l1y":23},{"data":1000010,"lvl":10,"x":18,"y":37,"l1x":28,"l1y":24},{"data":1000010,"lvl":10,"x":19,"y":37,"l1x":28,"l1y":25},{"data":1000010,"lvl":10,"x":20,"y":37,"l1x":26,"l1y":19},{"data":1000010,"lvl":10,"x":21,"y":37,"l1x":26,"l1y":20},{"data":1000010,"lvl":10,"x":22,"y":37,"l1x":26,"l1y":21},{"data":1000010,"lvl":10,"x":23,"y":37,"l1x":26,"l1y":22},{"data":1000010,"lvl":10,"x":23,"y":36,"l1x":27,"l1y":22},{"data":1000010,"lvl":10,"x":23,"y":35,"l1x":26,"l1y":24},{"data":1000013,"lvl":7,"x":13,"y":27,"l1x":11,"l1y":16},{"data":1000011,"lvl":7,"x":23,"y":8,"l1x":27,"l1y":29},{"data":1000010,"lvl":10,"x":23,"y":34,"l1x":26,"l1y":25},{"data":1000010,"lvl":10,"x":23,"y":33,"l1x":18,"l1y":26},{"data":1000010,"lvl":10,"x":23,"y":32,"l1x":19,"l1y":26},{"data":1000010,"lvl":10,"x":23,"y":31,"l1x":20,"l1y":26},{"data":1000010,"lvl":10,"x":31,"y":23,"l1x":21,"l1y":26},{"data":1000010,"lvl":10,"x":32,"y":23,"l1x":22,"l1y":26},{"data":1000010,"lvl":10,"x":33,"y":23,"l1x":23,"l1y":26},{"data":1000010,"lvl":10,"x":34,"y":23,"l1x":24,"l1y":26},{"data":1000010,"lvl":10,"x":35,"y":23,"l1x":25,"l1y":26},{"data":1000010,"lvl":10,"x":36,"y":23,"l1x":26,"l1y":26},{"data":1000010,"lvl":10,"x":37,"y":23,"l1x":32,"l1y":25},{"data":1000010,"lvl":10,"x":37,"y":22,"l1x":31,"l1y":25},{"data":1000010,"lvl":10,"x":37,"y":21,"l1x":26,"l1y":23},{"data":1000010,"lvl":10,"x":37,"y":20,"l1x":29,"l1y":25},{"data":1000010,"lvl":10,"x":37,"y":19,"l1x":33,"l1y":25},{"data":1000010,"lvl":10,"x":37,"y":18,"l1x":33,"l1y":26},{"data":1000010,"lvl":10,"x":37,"y":17,"l1x":33,"l1y":27},{"data":1000010,"lvl":10,"x":37,"y":16,"l1x":33,"l1y":28},{"data":1000010,"lvl":10,"x":37,"y":15,"l1x":33,"l1y":29},{"data":1000010,"lvl":10,"x":37,"y":14,"l1x":33,"l1y":30},{"data":1000010,"lvl":10,"x":36,"y":14,"l1x":32,"l1y":30},{"data":1000010,"lvl":10,"x":35,"y":14,"l1x":29,"l1y":26},{"data":1000010,"lvl":10,"x":34,"y":14,"l1x":29,"l1y":27},{"data":1000010,"lvl":10,"x":16,"y":31,"l1x":29,"l1y":28},{"data":1000010,"lvl":10,"x":16,"y":32,"l1x":28,"l1y":28},{"data":1000004,"lvl":10,"x":30,"y":10,"res_time":62289,"l1x":6,"l1y":29},{"data":1000002,"lvl":10,"x":34,"y":20,"res_time":176965,"l1x":22,"l1y":2},{"data":1000010,"lvl":10,"x":16,"y":33,"l1x":27,"l1y":28},{"data":1000010,"lvl":10,"x":15,"y":33,"l1x":31,"l1y":31},{"data":1000010,"lvl":10,"x":14,"y":33,"l1x":32,"l1y":31},{"data":1000010,"lvl":10,"x":13,"y":33,"l1x":31,"l1y":32},{"data":1000010,"lvl":10,"x":12,"y":33,"l1x":30,"l1y":32},{"data":1000010,"lvl":10,"x":11,"y":33,"l1x":29,"l1y":32},{"data":1000010,"lvl":10,"x":10,"y":33,"l1x":28,"l1y":32},{"data":1000010,"lvl":10,"x":9,"y":33,"l1x":27,"l1y":32},{"data":1000010,"lvl":10,"x":9,"y":32,"l1x":25,"l1y":28},{"data":1000010,"lvl":10,"x":9,"y":31,"l1x":26,"l1y":28},{"data":1000010,"lvl":10,"x":9,"y":30,"l1x":26,"l1y":29},{"data":1000010,"lvl":10,"x":9,"y":29,"l1x":26,"l1y":30},{"data":1000010,"lvl":10,"x":9,"y":28,"l1x":26,"l1y":31},{"data":1000010,"lvl":10,"x":9,"y":27,"l1x":26,"l1y":32},{"data":1000010,"lvl":10,"x":9,"y":26,"l1x":26,"l1y":33},{"data":1000010,"lvl":10,"x":10,"y":26,"l1x":26,"l1y":34},{"data":1000010,"lvl":10,"x":11,"y":26,"l1x":26,"l1y":35},{"data":1000010,"lvl":10,"x":12,"y":26,"l1x":24,"l1y":28},{"data":1000010,"lvl":10,"x":13,"y":26,"l1x":23,"l1y":28},{"data":1000010,"lvl":10,"x":14,"y":26,"l1x":22,"l1y":28},{"data":1000010,"lvl":10,"x":15,"y":26,"l1x":21,"l1y":28},{"data":1000010,"lvl":10,"x":26,"y":15,"l1x":20,"l1y":28},{"data":1000010,"lvl":10,"x":26,"y":14,"l1x":19,"l1y":28},{"data":1000010,"lvl":10,"x":26,"y":13,"l1x":25,"l1y":35},{"data":1000010,"lvl":10,"x":26,"y":12,"l1x":24,"l1y":35},{"data":1000019,"lvl":7,"x":24,"y":20,"l1x":27,"l1y":13},{"data":1000013,"lvl":7,"x":27,"y":13,"l1x":24,"l1y":13},{"data":1000009,"lvl":12,"x":34,"y":15,"l1x":30,"l1y":26},{"data":1000012,"lvl":7,"x":23,"y":11,"l1x":29,"l1y":16},{"data":1000008,"lvl":11,"x":13,"y":17,"l1x":17,"l1y":32},{"data":1000009,"lvl":12,"x":15,"y":34,"l1x":17,"l1y":29},{"data":1000011,"lvl":7,"x":13,"y":30,"l1x":13,"l1y":29},{"data":1000019,"lvl":7,"x":24,"y":14,"l1x":14,"l1y":13},{"data":1000019,"lvl":7,"x":20,"y":24,"l1x":27,"l1y":26},{"data":1000006,"lvl":9,"x":24,"y":33,"unit_prod":{"unit_type":0},"l1x":4,"l1y":17},{"data":1000000,"lvl":7,"x":34,"y":9,"units":[],"storage_type":0,"l1x":11,"l1y":3},{"data":1000009,"lvl":12,"x":27,"y":10,"l1x":11,"l1y":19},{"data":1000010,"lvl":10,"x":26,"y":11,"l1x":23,"l1y":35},{"data":1000010,"lvl":10,"x":26,"y":10,"l1x":22,"l1y":35},{"data":1000010,"lvl":10,"x":26,"y":9,"l1x":21,"l1y":35},{"data":1000010,"lvl":10,"x":27,"y":9,"l1x":20,"l1y":35},{"data":1000010,"lvl":10,"x":28,"y":9,"l1x":19,"l1y":35},{"data":1000010,"lvl":10,"x":29,"y":9,"l1x":16,"l1y":29},{"data":1000010,"lvl":10,"x":30,"y":9,"l1x":16,"l1y":30},{"data":1000010,"lvl":10,"x":31,"y":9,"l1x":16,"l1y":31},{"data":1000010,"lvl":10,"x":32,"y":9,"l1x":18,"l1y":35},{"data":1000010,"lvl":10,"x":33,"y":9,"l1x":17,"l1y":35},{"data":1000010,"lvl":10,"x":33,"y":10,"l1x":16,"l1y":35},{"data":1000010,"lvl":10,"x":33,"y":11,"l1x":16,"l1y":34},{"data":1000010,"lvl":10,"x":33,"y":12,"l1x":16,"l1y":33},{"data":1000010,"lvl":10,"x":33,"y":13,"l1x":18,"l1y":28},{"data":1000010,"lvl":10,"x":33,"y":14,"l1x":17,"l1y":28},{"data":1000010,"lvl":10,"x":33,"y":15,"l1x":16,"l1y":28},{"data":1000010,"lvl":10,"x":33,"y":16,"l1x":15,"l1y":28},{"data":1000010,"lvl":10,"x":32,"y":16,"l1x":14,"l1y":28},{"data":1000010,"lvl":10,"x":31,"y":16,"l1x":16,"l1y":32},{"data":1000010,"lvl":10,"x":16,"y":27,"l1x":15,"l1y":32},{"data":1000010,"lvl":10,"x":16,"y":28,"l1x":14,"l1y":32},{"data":1000010,"lvl":10,"x":16,"y":29,"l1x":13,"l1y":32},{"data":1000010,"lvl":10,"x":16,"y":30,"l1x":12,"l1y":32},{"data":1000010,"lvl":10,"x":17,"y":30,"l1x":11,"l1y":32},{"data":1000010,"lvl":10,"x":18,"y":30,"l1x":11,"l1y":31},{"data":1000010,"lvl":10,"x":19,"y":30,"l1x":10,"l1y":31},{"data":1000010,"lvl":10,"x":20,"y":30,"l1x":10,"l1y":30},{"data":1000010,"lvl":10,"x":21,"y":30,"l1x":9,"l1y":30},{"data":1000010,"lvl":10,"x":22,"y":30,"l1x":13,"l1y":28},{"data":1000010,"lvl":10,"x":27,"y":16,"l1x":13,"l1y":27},{"data":1000010,"lvl":10,"x":28,"y":16,"l1x":13,"l1y":26},{"data":1000010,"lvl":10,"x":29,"y":16,"l1x":9,"l1y":29},{"data":1000010,"lvl":10,"x":30,"y":16,"l1x":9,"l1y":28},{"data":1000010,"lvl":10,"x":30,"y":17,"l1x":9,"l1y":27},{"data":1000010,"lvl":10,"x":30,"y":18,"l1x":9,"l1y":26},{"data":1000010,"lvl":10,"x":30,"y":19,"l1x":14,"l1y":17},{"data":1000010,"lvl":10,"x":30,"y":20,"l1x":14,"l1y":18},{"data":1000010,"lvl":10,"x":30,"y":21,"l1x":14,"l1y":15},{"data":1000010,"lvl":10,"x":30,"y":22,"l1x":14,"l1y":16},{"data":1000010,"lvl":10,"x":23,"y":27,"l1x":14,"l1y":19},{"data":1000010,"lvl":10,"x":23,"y":28,"l1x":14,"l1y":20},{"data":1000010,"lvl":10,"x":23,"y":29,"l1x":14,"l1y":21},{"data":1000010,"lvl":10,"x":23,"y":30,"l1x":14,"l1y":22},{"data":1000010,"lvl":10,"x":24,"y":30,"l1x":14,"l1y":23},{"data":1000010,"lvl":10,"x":25,"y":30,"l1x":14,"l1y":24},{"data":1000010,"lvl":10,"x":26,"y":30,"l1x":14,"l1y":25},{"data":1000010,"lvl":10,"x":27,"y":30,"l1x":13,"l1y":25},{"data":1000010,"lvl":10,"x":28,"y":30,"l1x":11,"l1y":25},{"data":1000010,"lvl":10,"x":29,"y":30,"l1x":10,"l1y":25},{"data":1000010,"lvl":10,"x":30,"y":30,"l1x":9,"l1y":25},{"data":1000010,"lvl":10,"x":30,"y":29,"l1x":12,"l1y":25},{"data":1000010,"lvl":10,"x":30,"y":28,"l1x":8,"l1y":25},{"data":1000010,"lvl":10,"x":30,"y":27,"l1x":7,"l1y":25},{"data":1000010,"lvl":10,"x":30,"y":26,"l1x":7,"l1y":24},{"data":1000010,"lvl":10,"x":30,"y":25,"l1x":7,"l1y":23},{"data":1000010,"lvl":10,"x":30,"y":24,"l1x":7,"l1y":22},{"data":1000010,"lvl":10,"x":30,"y":23,"l1x":7,"l1y":21},{"data":1000010,"lvl":10,"x":29,"y":23,"l1x":7,"l1y":20},{"data":1000010,"lvl":10,"x":28,"y":23,"l1x":7,"l1y":19},{"data":1000010,"lvl":10,"x":27,"y":23,"l1x":7,"l1y":18},{"data":1000010,"lvl":10,"x":26,"y":19,"l1x":7,"l1y":17},{"data":1000010,"lvl":10,"x":26,"y":18,"l1x":11,"l1y":9},{"data":1000010,"lvl":10,"x":26,"y":17,"l1x":10,"l1y":9},{"data":1000010,"lvl":10,"x":26,"y":16,"l1x":10,"l1y":10},{"data":1000010,"lvl":10,"x":25,"y":16,"l1x":9,"l1y":10},{"data":1000010,"lvl":10,"x":24,"y":16,"l1x":9,"l1y":11},{"data":1000010,"lvl":10,"x":23,"y":16,"l1x":9,"l1y":12},{"data":1000010,"lvl":10,"x":22,"y":16,"l1x":9,"l1y":13},{"data":1000010,"lvl":10,"x":21,"y":16,"l1x":9,"l1y":14},{"data":1000010,"lvl":10,"x":20,"y":16,"l1x":7,"l1y":16},{"data":1000010,"lvl":10,"x":19,"y":16,"l1x":7,"l1y":15},{"data":1000010,"lvl":10,"x":19,"y":17,"l1x":8,"l1y":15},{"data":1000010,"lvl":10,"x":18,"y":17,"l1x":9,"l1y":15},{"data":1000010,"lvl":10,"x":17,"y":17,"l1x":10,"l1y":15},{"data":1000010,"lvl":10,"x":16,"y":17,"l1x":11,"l1y":15},{"data":1000008,"lvl":11,"x":27,"y":24,"l1x":10,"l1y":26},{"data":1000019,"lvl":7,"x":14,"y":24,"l1x":14,"l1y":26},{"data":1000012,"lvl":7,"x":20,"y":27,"l1x":23,"l1y":29},{"data":1000021,"lvl":3,"x":27,"y":27,"attack_mode":false,"attack_mode_war":false,"attack_mode_draft":false,"attack_mode_draft_war":false,"ammo":1500,"l1x":20,"l1y":16},{"data":1000003,"lvl":10,"x":14,"y":8,"l1x":8,"l1y":32},{"data":1000005,"lvl":10,"x":17,"y":27,"l1x":20,"l1y":32},{"data":1000021,"lvl":3,"x":23,"y":17,"attack_mode":false,"attack_mode_war":false,"attack_mode_draft":false,"attack_mode_draft_war":false,"ammo":1500,"l1x":17,"l1y":23},{"data":1000024,"lvl":5,"x":8,"y":8,"l1x":8,"l1y":22},{"data":1000022,"lvl":0,"x":17,"y":20,"l1x":17,"l1y":16},{"data":1000025,"lvl":0,"x":16,"y":14,"l1x":20,"l1y":23},{"data":1000023,"lvl":5,"x":8,"y":17,"res_time":54545,"l1x":20,"l1y":6},{"data":1000023,"lvl":5,"x":31,"y":17,"res_time":54565,"l1x":32,"l1y":19},{"data":1000005,"lvl":10,"x":27,"y":17,"l1x":8,"l1y":16},{"data":1000003,"lvl":10,"x":20,"y":11,"l1x":8,"l1y":5},{"data":1000026,"lvl":5,"x":38,"y":20,"unit_prod":{"unit_type":0},"l1x":5,"l1y":26},{"data":1000026,"lvl":5,"x":20,"y":38,"unit_prod":{"unit_type":0},"l1x":4,"l1y":23},{"data":1000010,"lvl":10,"x":16,"y":18,"l1x":12,"l1y":15},{"data":1000010,"lvl":10,"x":16,"y":19,"l1x":13,"l1y":14},{"data":1000010,"lvl":10,"x":16,"y":20,"l1x":13,"l1y":13},{"data":1000010,"lvl":10,"x":16,"y":21,"l1x":13,"l1y":15},{"data":1000010,"lvl":10,"x":16,"y":22,"l1x":13,"l1y":12},{"data":1000010,"lvl":10,"x":16,"y":23,"l1x":14,"l1y":12},{"data":1000010,"lvl":10,"x":16,"y":24,"l1x":15,"l1y":12},{"data":1000010,"lvl":10,"x":16,"y":25,"l1x":16,"l1y":12},{"data":1000010,"lvl":10,"x":16,"y":26,"l1x":11,"l1y":8},{"data":1000010,"lvl":10,"x":17,"y":26,"l1x":12,"l1y":8},{"data":1000010,"lvl":10,"x":18,"y":26,"l1x":13,"l1y":8},{"data":1000010,"lvl":10,"x":19,"y":26,"l1x":14,"l1y":8},{"data":1000010,"lvl":10,"x":20,"y":26,"l1x":15,"l1y":8},{"data":1000010,"lvl":10,"x":21,"y":26,"l1x":16,"l1y":8},{"data":1000010,"lvl":10,"x":22,"y":26,"l1x":16,"l1y":9},{"data":1000010,"lvl":10,"x":23,"y":26,"l1x":16,"l1y":10},{"data":1000010,"lvl":10,"x":24,"y":26,"l1x":16,"l1y":11},{"data":1000010,"lvl":10,"x":25,"y":26,"l1x":21,"l1y":5},{"data":1000010,"lvl":10,"x":26,"y":26,"l1x":20,"l1y":5},{"data":1000010,"lvl":10,"x":26,"y":25,"l1x":19,"l1y":5},{"data":1000010,"lvl":10,"x":26,"y":24,"l1x":18,"l1y":5},{"data":1000010,"lvl":10,"x":26,"y":23,"l1x":17,"l1y":5},{"data":1000010,"lvl":10,"x":26,"y":22,"l1x":16,"l1y":5},{"data":1000010,"lvl":10,"x":26,"y":20,"l1x":16,"l1y":7},{"data":1000010,"lvl":10,"x":26,"y":21,"l1x":16,"l1y":6},{"data":1000011,"lvl":7,"x":30,"y":13,"l1x":13,"l1y":9},{"data":1000012,"lvl":7,"x":27,"y":20,"l1x":11,"l1y":22},{"data":1000027,"lvl":2,"x":24,"y":24,"attack_mode":true,"attack_mode_war":true,"attack_mode_draft":true,"attack_mode_draft_war":true,"ammo":750,"l1x":24,"l1y":21},{"data":1000008,"lvl":11,"x":24,"y":27,"l1x":20,"l1y":9},{"data":1000009,"lvl":12,"x":10,"y":27,"l1x":10,"l1y":12},{"data":1000023,"lvl":5,"x":17,"y":31,"res_time":54543,"l1x":8,"l1y":19},{"data":1000021,"lvl":3,"x":17,"y":23,"attack_mode":false,"attack_mode_war":false,"attack_mode_draft":false,"attack_mode_draft_war":false,"ammo":1500,"l1x":23,"l1y":23},{"data":1000027,"lvl":2,"x":18,"y":18,"attack_mode":true,"attack_mode_war":true,"attack_mode_draft":true,"attack_mode_draft_war":true,"ammo":750,"l1x":17,"l1y":19},{"data":1000002,"lvl":10,"x":20,"y":34,"res_time":176943,"l1x":19,"l1y":2},{"data":1000004,"lvl":10,"x":10,"y":30,"res_time":170785,"l1x":16,"l1y":2}],"obstacles":[{"data":8000004,"x":6,"y":41,"l1x":-1,"l1y":-1,"loot_multiply_ver":2},{"data":8000000,"x":7,"y":3,"l1x":-1,"l1y":-1,"loot_multiply_ver":2},{"data":8000006,"x":9,"y":0,"l1x":-1,"l1y":-1,"loot_multiply_ver":2},{"data":8000010,"x":1,"y":37,"l1x":-1,"l1y":-1,"loot_multiply_ver":2},{"data":8000010,"x":0,"y":25,"l1x":-1,"l1y":-1,"loot_multiply_ver":2},{"data":8000000,"x":31,"y":42,"l1x":-1,"l1y":-1,"loot_multiply_ver":2},{"data":8000008,"x":22,"y":0,"l1x":-1,"l1y":-1,"loot_multiply_ver":2},{"data":8000004,"x":41,"y":14,"l1x":-1,"l1y":-1,"loot_multiply_ver":2},{"data":8000013,"x":1,"y":0,"l1x":-1,"l1y":-1,"loot_multiply_ver":2},{"data":8000010,"x":1,"y":40,"l1x":-1,"l1y":-1,"loot_multiply_ver":2},{"data":8000004,"x":41,"y":40,"l1x":-1,"l1y":-1,"loot_multiply_ver":2},{"data":8000010,"x":4,"y":37,"l1x":-1,"l1y":-1,"loot_multiply_ver":2},{"data":8000000,"x":32,"y":1,"l1x":-1,"l1y":-1,"loot_multiply_ver":2},{"data":8000004,"x":0,"y":6,"l1x":-1,"l1y":-1,"loot_multiply_ver":2},{"data":8000006,"x":42,"y":3,"l1x":-1,"l1y":-1,"loot_multiply_ver":2},{"data":8000007,"x":0,"y":34,"l1x":-1,"l1y":-1,"loot_multiply_ver":2},{"data":8000010,"x":2,"y":11,"l1x":-1,"l1y":-1,"loot_multiply_ver":2},{"data":8000004,"x":12,"y":1,"l1x":-1,"l1y":-1,"loot_multiply_ver":2},{"data":8000010,"x":18,"y":42,"l1x":-1,"l1y":-1,"loot_multiply_ver":2},{"data":8000000,"x":9,"y":42,"l1x":-1,"l1y":-1,"loot_multiply_ver":2},{"data":8000008,"x":15,"y":1,"l1x":-1,"l1y":-1,"loot_multiply_ver":2},{"data":8000006,"x":41,"y":18,"l1x":-1,"l1y":-1,"loot_multiply_ver":2},{"data":8000010,"x":42,"y":34,"l1x":-1,"l1y":-1,"loot_multiply_ver":2},{"data":8000004,"x":42,"y":10,"l1x":-1,"l1y":-1,"loot_multiply_ver":2},{"data":8000000,"x":41,"y":0,"l1x":-1,"l1y":-1,"loot_multiply_ver":2},{"data":8000004,"x":15,"y":41,"l1x":-1,"l1y":-1,"loot_multiply_ver":2},{"data":8000007,"x":36,"y":1,"l1x":-1,"l1y":-1,"loot_multiply_ver":2},{"data":8000004,"x":42,"y":23,"l1x":-1,"l1y":-1,"loot_multiply_ver":2},{"data":8000000,"x":0,"y":31,"l1x":-1,"l1y":-1,"loot_multiply_ver":2},{"data":8000010,"x":12,"y":42,"l1x":-1,"l1y":-1,"loot_multiply_ver":2},{"data":8000010,"x":41,"y":6,"l1x":-1,"l1y":-1,"loot_multiply_ver":2},{"data":8000000,"x":41,"y":31,"l1x":-1,"l1y":-1,"loot_multiply_ver":2},{"data":8000004,"x":24,"y":42,"l1x":-1,"l1y":-1,"loot_multiply_ver":2},{"data":8000000,"x":4,"y":33,"l1x":-1,"l1y":-1,"loot_multiply_ver":2},{"data":8000010,"x":5,"y":0,"l1x":-1,"l1y":-1,"loot_multiply_ver":2},{"data":8000004,"x":28,"y":0,"l1x":-1,"l1y":-1,"loot_multiply_ver":2},{"data":8000030,"x":39,"y":10,"l1x":-1,"l1y":-1,"loot_multiply_ver":1}],"traps":[{"data":12000006,"lvl":2,"x":25,"y":31,"l1x":30,"l1y":31},{"data":12000006,"lvl":2,"x":14,"y":13,"l1x":24,"l1y":27},{"data":12000006,"lvl":2,"x":21,"y":15,"l1x":20,"l1y":27},{"data":12000006,"lvl":2,"x":15,"y":22,"l1x":15,"l1y":24},{"data":12000006,"lvl":2,"x":31,"y":24,"l1x":12,"l1y":31},{"data":12000005,"lvl":3,"x":31,"y":27,"l1x":32,"l1y":29},{"data":12000005,"lvl":3,"x":14,"y":23,"l1x":26,"l1y":27},{"data":12000005,"lvl":3,"x":29,"y":31,"l1x":22,"l1y":27},{"data":12000002,"lvl":3,"x":24,"y":22,"l1x":36,"l1y":19},{"data":12000001,"lvl":0,"x":26,"y":6,"l1x":38,"l1y":20},{"data":12000001,"lvl":0,"x":38,"y":14,"l1x":33,"l1y":8},{"data":12000001,"lvl":0,"x":38,"y":23,"l1x":38,"l1y":18},{"data":12000001,"lvl":0,"x":6,"y":26,"l1x":15,"l1y":22},{"data":12000001,"lvl":0,"x":14,"y":38,"l1x":38,"l1y":25},{"data":12000000,"lvl":5,"x":18,"y":11,"l1x":27,"l1y":18},{"data":12000000,"lvl":5,"x":19,"y":11,"l1x":27,"l1y":24},{"data":12000000,"lvl":5,"x":14,"y":16,"l1x":27,"l1y":23},{"data":12000000,"lvl":5,"x":36,"y":8,"l1x":27,"l1y":19},{"data":12000002,"lvl":3,"x":22,"y":24,"l1x":11,"l1y":10},{"data":12000000,"lvl":5,"x":14,"y":12,"l1x":27,"l1y":17},{"data":12000000,"lvl":5,"x":14,"y":11,"l1x":27,"l1y":20},{"data":12000001,"lvl":0,"x":15,"y":16,"l1x":15,"l1y":19},{"data":12000002,"lvl":3,"x":11,"y":17,"l1x":30,"l1y":29},{"data":12000002,"lvl":3,"x":19,"y":14,"l1x":11,"l1y":29},{"data":12000002,"lvl":3,"x":14,"y":20,"l1x":30,"l1y":10},{"data":12000005,"lvl":3,"x":23,"y":15,"l1x":16,"l1y":27},{"data":12000005,"lvl":3,"x":17,"y":19,"l1x":10,"l1y":29}],"decos":[{"data":18000011,"x":36,"y":36,"l1x":38,"l1y":36},{"data":18000001,"x":29,"y":38,"l1x":38,"l1y":34},{"data":18000001,"x":38,"y":29,"l1x":34,"l1y":38},{"data":18000001,"x":38,"y":25,"l1x":40,"l1y":38},{"data":18000001,"x":25,"y":38,"l1x":38,"l1y":40},{"data":18000004,"x":36,"y":34,"l1x":36,"l1y":38},{"data":18000003,"x":34,"y":36,"l1x":2,"l1y":40},{"data":18000010,"x":4,"y":24,"l1x":40,"l1y":40},{"data":18000000,"x":4,"y":22,"l1x":38,"l1y":38},{"data":18000033,"x":34,"y":34,"l1x":36,"l1y":36}],"respawnVars":{"secondsFromLastRespawn":7116,"respawnSeed":1162759154,"obstacleClearCounter":14,"time_to_gembox_drop":352861,"time_in_gembox_period":536400},"cooldowns":[{"cooldown":9684927,"target":20000001}],"newShopBuildings":[4,0,7,4,7,4,4,1,6,7,250,4,4,3,1,5,0,0,0,4,1,3,1,3,1,1,2,2],"newShopTraps":[6,6,5,0,0,5,5,0],"newShopDecos":[1,4,0,1,1,4,4,1,1,1,1,1,1,1,1,1,1,1,1,1,1,1,1,1,1,1,1,1,1,1,1,1,1,1,1,1,1],"last_league_rank":16,"last_league_shuffle":1,"last_news_seen":81,"edit_mode_shown":true,"troop_req_msg":"pekka, two wizards two barbs pls","war_req_msg":"1 witch 2 valk top off with barbs plzzzz","war_tutorials_seen":0,"war_base":true}