"Name","TID","InfoTID","DisableProduction","SpellForgeLevel","LaboratoryLevel","TrainingResource","TrainingCost","HousingSpace","TrainingTime","DeployTimeMS","ChargingTimeMS","HitTimeMS","UpgradeTimeH","UpgradeResource","UpgradeCost","BoostTimeMS","SpeedBoost","SpeedBoost2","JumpHousingLimit","JumpBoostMS","DamageBoostPercent","BuildingDamageBoostPercent","Damage","TroopDamagePermil","BuildingDamagePermil","ExecuteHealthPermil","DamagePermilMin","PreferredDamagePermilMin","Radius","NumberOfHits","RandomRadius","TimeBetweenHitsMS","IconSWF","IconExportName","BigPicture","PreDeployEffect","DeployEffect","DeployEffect2Delay","DeployEffect2","ChargingEffect","HitEffect","RandomRadiusAffectsOnlyGfx","FreezeTimeMS","SpawnObstacle","NumObstacles","StrengthWeight","UnitOfType","TroopsOnly","TargetInfoString","PreferredTarget","PreferredTargetDamageMod","BoostDefenders","HeroDamageMultiplier","PoisonDPS","AttackSpeedBoost","BoostLinkedToPoison"
"String","String","String","boolean","int","int","String","int","int","int","int","int","int","int","String","int","int","int","int","int","int","int","int","int","int","int","int","int","int","int","int","int","int","String","String","String","String","String","int","String","String","String","boolean","int","String","int","int","int","boolean","String","String","int","boolean","int","int","int","boolean"
"LighningStorm","TID_LIGHTNING_STORM","TID_LIGHTNING_STORM_INFO",,1,1,"Elixir",15000,2,1200,800,1000,1100,24,"Elixir",200000,0,0,0,,,,,50,,,,,,200,6,250,400,"sc/ui.sc","icon_spell_lightning","icon_spell_lightning","Lightning predeploy","Lightning area Halloween",,,"Lightning Spell","Lightning Spell Hit Halloween","FALSE",,,,100,1,,"TID_PREFERRED_TARGET_ANY",,,,,,,
,,,,,1,,16500,,,,,,48,,500000,0,0,0,,,,,55,,,,,,200,6,250,400,,"icon_spell_lightning2",,,,,,,,,,,,100,1,,,,,,,,,
,,,,,2,,18000,,,,,,72,,1000000,0,0,0,,,,,60,,,,,,200,6,250,400,,"icon_spell_lightning3",,,,,,,,,,,,100,1,,,,,,,,,
,,,,,3,,20000,,,,,,96,,2000000,0,0,0,,,,,65,,,,,,200,6,250,400,,"icon_spell_lightning4",,,,,,,,,,,,100,1,,,,,,,,,
,,,,,6,,22000,,,,,,240,,6000000,0,0,0,,,,,75,,,,,,200,6,250,400,,"icon_spell_lightning5",,,,,,,,,,,,95,1,,,,,,,,,
,,,,,7,,24000,,,,,,336,,8000000,0,0,0,,,,,85,,,,,,200,6,250,400,,"icon_spell_lightning6",,,,,,,,,,,,90,1,,,,,,,,,
,,,,,8,,26000,,,,,,,,,0,0,0,,,,,95,,,,,,200,6,250,400,,"icon_spell_lightning6",,,,,,,,,,,,85,1,,,,,,,,,
"HealingWave","TID_HEALING_WAVE","TID_HEALING_WAVE_INFO",,2,2,"Elixir",15000,2,1200,800,300,400,24,"Elixir",300000,0,0,0,,,,,-15,,,,,,500,40,200,300,"sc/ui.sc","icon_spell_healing","icon_spell_healing","Heal predeploy","Heal area",,"Heal area top",,"Heal spell","TRUE",,,,200,1,,"TID_INFO_TARGET_TYPE_GROUND_AND_AIR",,,,,,,
,,,,,2,,16500,,,,,,48,,600000,0,0,0,,,,,-20,,,,,,500,40,200,300,,"icon_spell_healing2",,,,,,,,,,,,200,1,,,,,,,,,
,,,,,4,,18000,,,,,,72,,1200000,0,0,0,,,,,-25,,,,,,500,40,200,300,,"icon_spell_healing3",,,,,,,,,,,,200,1,,,,,,,,,
,,,,,5,,20000,,,,,,120,,2400000,0,0,0,,,,,-30,,,,,,500,40,200,300,,"icon_spell_healing4",,,,,,,,,,,,200,1,,,,,,,,,
,,,,,6,,22000,,,,,,168,,4800000,0,0,0,,,,,-35,,,,,,500,40,200,300,,"icon_spell_healing5",,,,,,,,,,,,200,1,,,,,,,,,
,,,,,7,,24000,,,,,,,,,0,0,0,,,,,-40,,,,,,500,40,200,300,,"icon_spell_healing6",,,,,,,,,,,,200,1,,,,,,,,,
"Haste","TID_HASTE","TID_HASTE_INFO",,3,3,"Elixir",23000,2,1800,800,300,400,48,"Elixir",450000,1000,20,10,,,130,,0,,,,,,500,60,400,300,"sc/ui.sc","icon_spell_rage","icon_spell_rage","Rage predeploy","Rage deploy",,"Rage deploy top",,,"TRUE",,,,100,1,,"TID_INFO_TARGET_TYPE_GROUND_AND_AIR",,,,,,,
,,,,,3,,25000,,,,,,72,,900000,1000,22,11,,,140,,0,,,,,,500,60,400,300,,"icon_spell_rage2",,,,,,,,,,,,100,1,,,,,,,,,
,,,,,4,,27000,,,,,,120,,1800000,1000,24,12,,,150,,0,,,,,,500,60,400,300,,"icon_spell_rage3",,,,,,,,,,,,100,1,,,,,,,,,
,,,,,5,,30000,,,,,,168,,3000000,1000,26,13,,,160,,0,,,,,,500,60,400,300,,"icon_spell_rage4",,,,,,,,,,,,100,1,,,,,,,,,
,,,,,6,,33000,,,,,,,,,1000,28,14,,,170,,0,,,,,,500,60,400,300,,"icon_spell_rage5",,,,,,,,,,,,100,1,,,,,,,,,
"Jump","TID_JUMP_SPELL","TID_JUMP_SPELL_INFO",,4,4,"Elixir",23000,2,1800,800,300,400,120,"Elixir",3000000,0,0,0,100,400,,,0,,,,,,350,66,400,300,"sc/ui.sc","icon_spell_jump","icon_spell_jump","Jump predeploy","Jump deploy lvl1",,"Jump deploy top lvl1",,,"TRUE",,,,100,1,,"TID_INFO_TARGET_TYPE_GROUND",,,,,,,
,,,,,5,,27000,,,,,,168,,6000000,0,0,0,100,400,,,0,,,,,,350,133,400,300,,"icon_spell_jump2","icon_spell_jump","Jump predeploy","Jump deploy lvl2",,"Jump deploy top lvl2",,,,,,,100,1,,,,,,,,,
,,,,,8,,31000,,,,,,,,,0,0,0,100,400,,,0,,,,,,350,199,400,300,,"icon_spell_jump3","icon_spell_jump","Jump predeploy","Jump deploy lvl3",,"Jump deploy top lvl3",,,,,,,100,1,,,,,,,,,
"xmas","TID_XMAS_SPELL","TID_XMAS_SPELL_INFO","TRUE",1,1,"Elixir",19000,2,90000,800,4500,6000,,"Elixir",,0,0,0,,,,,300,,,,,,100,5,400,100,"sc/ui.sc","icon_spell_xmas","icon_spell_xmas","xmas predeploy","xmas Red Smoke",2500,"xmas test","xmas Drop Bombs","xmas boom","FALSE",,,,0,1,,"TID_INFO_TARGET_TYPE_GROUND_AND_AIR",,,,,,,
"Freeze","TID_FREEZE_SPELL","TID_FREEZE_SPELL_INFO",,5,8,"Elixir",26000,2,1800,800,300,400,120,"Elixir",4000000,0,0,0,,,,,0,,,,,,350,1,400,0,"sc/ui.sc","icon_spell_freeze","icon_spell_freeze","Freeze predeploy","Freeze deploy lvl1",,"Freeze deploy2 lvl1",,,"TRUE",4000,,,1000,1,,"TID_INFO_TARGET_TYPE_GROUND_AND_AIR",,,,,,,
,,,,,8,,29000,,,,,,168,,5000000,0,0,0,,,,,0,,,,,,350,1,400,0,,"icon_spell_freeze2",,,"Freeze deploy lvl2",,"Freeze deploy2 lvl2",,,,5000,,,1000,1,,,,,,,,,
,,,,,8,,31000,,,,,,240,,6500000,0,0,0,,,,,0,,,,,,350,1,400,0,,"icon_spell_freeze3",,,"Freeze deploy lvl3",,"Freeze deploy2 lvl3",,,,6000,,,1000,1,,,,,,,,,
,,,,,8,,33000,,,,,,336,,8000000,0,0,0,,,,,0,,,,,,350,1,400,0,,"icon_spell_freeze4",,,"Freeze deploy lvl4",,"Freeze deploy2 lvl4",,,,7000,,,1000,1,,,,,,,,,
,,,,,8,,35000,,,,,,,,,0,0,0,,,,,0,,,,,,350,1,400,0,,"icon_spell_freeze5",,,"Freeze deploy lvl5",,"Freeze deploy2 lvl5",,,,8000,,,1000,1,,,,,,,,,
"xmas2013","TID_XMAS_SPELL","TID_XMAS_SPELL_INFO","TRUE",1,1,"Elixir",19000,2,90000,0,4500,6000,,"Elixir",,0,0,0,,,,,20,,,,,,100,5,400,100,"sc/ui.sc","icon_spell_xmas","icon_spell_xmas",,"xmas Red Smoke",2500,"xmas test","xmas Drop Bombs","xmas boom","FALSE",,"Xmas TombStone",5,0,1,,"TID_INFO_TARGET_TYPE_GROUND_AND_AIR",,,,,,,
"Slow","TID_SLOW_SPELL",,"TRUE",1,1,"Elixir",0,2,2700,0,300,300,0,"Elixir",0,500,-30,-30,,,-30,,0,,,,,,500,9999,0,300,,,,,"Totem Slow",,,,,"TRUE",,,,0,1,,"TID_INFO_TARGET_TYPE_GROUND_AND_AIR",,,,,,,
,,,,1,1,,0,2,2700,0,300,300,0,,0,500,-40,-40,,,-40,,0,,,,,,500,9999,0,300,,,,,,,,,,,,,,0,1,,,,,,,,,
"BoostDefences","TID_BOOSTDEFENCES_SPELL",,"TRUE",1,1,"Elixir",0,2,2700,0,300,300,0,"Elixir",0,500,0,0,,,0,50,0,,,,,,400,9999,0,300,,,,,"Totem Slow",,,,,"TRUE",,,,0,1,,"TID_INFO_TARGET_TYPE_GROUND_AND_AIR",,,,,,,
,,,,1,1,,0,2,2700,0,300,300,0,,0,500,0,0,,,0,75,0,,,,,,400,9999,0,300,,,,,,,,,,,,,,0,1,,,,,,,,,
"Poison","TID_POISON_CLOUD","TID_POISON_CLOUD_INFO",,1,1,"DarkElixir",95,1,900,800,300,400,96,"DarkElixir",25000,500,-26,-26,,,,,,,,,,,350,40,0,400,"sc/ui.sc","icon_spell_toxic","icon_spell_toxic","toxic_Predeploy","Toxic deploy ground halloween",,"Toxic deploy halloween",,,"TRUE",,,,-160,2,"TRUE","TID_INFO_TARGET_TYPE_GROUND_AND_AIR",,,"TRUE",5,90,-35,"TRUE"
,,,,,6,,110,,,,,,144,,50000,,-30,-30,,,,,,,,,,,,,,,,,,,,,,,,,,,,-190,,,,,,,,115,-40,
,,,,,7,,125,,,,,,240,,75000,,-34,-34,,,,,,,,,,,,,,,,,,,,,,,,,,,,-220,,,,,,,,145,-45,
,,,,,8,,140,,,,,,,,,,-38,-38,,,,,,,,,,,,,,,,,,,,,,,,,,,,-250,,,,,,,,180,-50,
"Earthquake","TID_EARTHQUAKE","TID_EARTHQUAKE_INFO",,2,1,"DarkElixir",125,1,900,800,300,400,144,"DarkElixir",30000,0,0,0,,,,,0,0,29,0,0,0,350,5,200,400,"sc/ui.sc","icon_spell_earthquake","icon_spell_earthquake","Earthquake_Predeploy","EarthQuake_deploy_ground",,"EarthQuake_deploy",,,"TRUE",,,,175,2,,"TID_INFO_TARGET_TYPE_BUILDINGS_AND_WALLS","Wall",5,,,,,
,,,,,6,,140,,,,,,192,,60000,,,,,,,,,,34,,,,,,,400,,,,,,,,,,,,,,175,,,,,,,,,,
,,,,,7,,160,,,,,,288,,90000,,,,,,,,,,42,,,,,,,400,,,,,,,,,,,,,,175,,,,,,,,,,
,,,,,8,,180,,,,,,,,,,,,,,,,,,50,,,,,,,400,,,,,,,,,,,,,,175,,,,,,,,,,
"SpeedUp","TID_SPEEDUP","TID_SPEEDUP_INFO",,3,1,"DarkElixir",80,1,900,800,300,400,192,"DarkElixir",40000,1000,28,14,,,,,0,,,,,,400,40,200,250,"sc/ui.sc","icon_spell_speedup","icon_spell_speedup","speedup_Predeploy","Speedup_deploy_lvl1",,"Speedup_deploy_top_lvl1",,,"TRUE",,,,150,2,,"TID_INFO_TARGET_TYPE_GROUND_AND_AIR",,,,,,,
,,,,,7,,85,,,,,,240,,80000,,34,17,,,,,,,,,,,,60,,,,,,,"Speedup_deploy_lvl2",,"Speedup_deploy_top_lvl2",,,,,,,160,,,,,,,,,,
,,,,,8,,90,,,,,,336,,100000,,40,20,,,,,,,,,,,,80,,,,,,,"Speedup_deploy_lvl3",,"Speedup_deploy_top_lvl3",,,,,,,170,,,,,,,,,,
,,,,,8,,95,,,,,,,,,,46,23,,,,,,,,,,,,100,,,,,,,"Speedup_deploy_lvl4",,"Speedup_deploy_top_lvl4",,,,,,,180,,,,,,,,,,
